
CH32V208RBT6.elf:     file format elf32-littleriscv
CH32V208RBT6.elf
architecture: riscv:rv32, flags 0x00000112:
EXEC_P, HAS_SYMS, D_PAGED
start address 0x00000000

Program Header:
    LOAD off    0x00001000 vaddr 0x00000000 paddr 0x00000000 align 2**12
         filesz 0x0000a850 memsz 0x0000a850 flags r-x
    LOAD off    0x0000c000 vaddr 0x20000000 paddr 0x0000a850 align 2**12
         filesz 0x00000248 memsz 0x00006ae8 flags rw-
    LOAD off    0x0000c800 vaddr 0x2000f800 paddr 0x2000f800 align 2**12
         filesz 0x00000000 memsz 0x00000800 flags rw-

Sections:
Idx Name          Size      VMA       LMA       File off  Algn
  0 .init         00000004  00000000  00000000  00001000  2**1
                  CONTENTS, ALLOC, LOAD, READONLY, CODE
  1 .vector       0000013c  00000004  00000004  00001004  2**1
                  CONTENTS, ALLOC, LOAD, READONLY, CODE
  2 .text         0000a710  00000140  00000140  00001140  2**2
                  CONTENTS, ALLOC, LOAD, READONLY, CODE
  3 .fini         00000000  0000a850  0000a850  0000c248  2**0
                  CONTENTS, ALLOC, LOAD, CODE
  4 .dalign       00000000  20000000  20000000  0000c248  2**0
                  CONTENTS
  5 .dlalign      00000000  0000a850  0000a850  0000c248  2**0
                  CONTENTS
  6 .data         00000248  20000000  0000a850  0000c000  2**2
                  CONTENTS, ALLOC, LOAD, DATA
  7 .bss          000068a0  20000248  0000aa98  0000c248  2**2
                  ALLOC
  8 .stack        00000800  2000f800  2000f800  0000c800  2**0
                  ALLOC
  9 .debug_info   0001668a  00000000  00000000  0000c248  2**0
                  CONTENTS, READONLY, DEBUGGING
 10 .debug_abbrev 00003c2c  00000000  00000000  000228d2  2**0
                  CONTENTS, READONLY, DEBUGGING
 11 .debug_loc    000057b9  00000000  00000000  000264fe  2**0
                  CONTENTS, READONLY, DEBUGGING
 12 .debug_aranges 00000b50  00000000  00000000  0002bcb8  2**3
                  CONTENTS, READONLY, DEBUGGING
 13 .debug_ranges 00000c68  00000000  00000000  0002c808  2**3
                  CONTENTS, READONLY, DEBUGGING
 14 .debug_line   0000f2dd  00000000  00000000  0002d470  2**0
                  CONTENTS, READONLY, DEBUGGING
 15 .debug_str    000038e1  00000000  00000000  0003c74d  2**0
                  CONTENTS, READONLY, DEBUGGING
 16 .comment      00000033  00000000  00000000  0004002e  2**0
                  CONTENTS, READONLY
 17 .debug_frame  000026d0  00000000  00000000  00040064  2**2
                  CONTENTS, READONLY, DEBUGGING
 18 .stab         00000084  00000000  00000000  00042734  2**2
                  CONTENTS, READONLY, DEBUGGING
 19 .stabstr      00000117  00000000  00000000  000427b8  2**0
                  CONTENTS, READONLY, DEBUGGING
SYMBOL TABLE:
00000000 l    d  .init	00000000 .init
00000004 l    d  .vector	00000000 .vector
00000140 l    d  .text	00000000 .text
0000a850 l    d  .fini	00000000 .fini
20000000 l    d  .dalign	00000000 .dalign
0000a850 l    d  .dlalign	00000000 .dlalign
20000000 l    d  .data	00000000 .data
20000248 l    d  .bss	00000000 .bss
2000f800 l    d  .stack	00000000 .stack
00000000 l    d  .debug_info	00000000 .debug_info
00000000 l    d  .debug_abbrev	00000000 .debug_abbrev
00000000 l    d  .debug_loc	00000000 .debug_loc
00000000 l    d  .debug_aranges	00000000 .debug_aranges
00000000 l    d  .debug_ranges	00000000 .debug_ranges
00000000 l    d  .debug_line	00000000 .debug_line
00000000 l    d  .debug_str	00000000 .debug_str
00000000 l    d  .comment	00000000 .comment
00000000 l    d  .debug_frame	00000000 .debug_frame
00000000 l    d  .stab	00000000 .stab
00000000 l    d  .stabstr	00000000 .stabstr
00000000 l    df *ABS*	00000000 ./Startup/startup_ch32v20x_D8W.o
00000004 l       .vector	00000000 _vector_base
00000000 l    df *ABS*	00000000 MQTTConnectClient.c
00000000 l    df *ABS*	00000000 MQTTDeserializePublish.c
00000000 l    df *ABS*	00000000 MQTTPacket.c
20000248 l     O .bss	00000004 bufptr
00000000 l    df *ABS*	00000000 MQTTSubscribeClient.c
00000000 l    df *ABS*	00000000 GPIO.c
00000000 l    df *ABS*	00000000 UDP.c
00000000 l    df *ABS*	00000000 ch32v20x_it.c
00000000 l    df *ABS*	00000000 main.c
00000000 l    df *ABS*	00000000 system_ch32v20x.c
00000000 l    df *ABS*	00000000 tim.c
00000000 l    df *ABS*	00000000 ch32v20x_gpio.c
00000000 l    df *ABS*	00000000 ch32v20x_i2c.c
00000000 l    df *ABS*	00000000 ch32v20x_misc.c
00000000 l    df *ABS*	00000000 ch32v20x_rcc.c
20000000 l     O .data	00000010 APBAHBPrescTable
200001fc l     O .data	00000004 ADCPrescTable
00000000 l    df *ABS*	00000000 ch32v20x_tim.c
00000000 l    df *ABS*	00000000 ch32v20x_usart.c
00000000 l    df *ABS*	00000000 eth_driver.c
00000000 l    df *ABS*	00000000 debug.c
20000284 l     O .bss	00000002 p_ms
20000286 l     O .bss	00000001 p_us
20000204 l     O .data	00000004 curbrk.4734
00000000 l    df *ABS*	00000000 core_riscv.c
00000000 l    df *ABS*	00000000 eth_api.c
00000000 l    df *ABS*	00000000 ipcheck.c
00000000 l    df *ABS*	00000000 socket.c
00000000 l    df *ABS*	00000000 etharp.c
000032e0 l     F .text	0000017e find_entry
0000345e l     F .text	000000b2 update_arp_entry
200002b4 l     O .bss	00000001 etharp_cached_entry
00000000 l    df *ABS*	00000000 ethernetif.c
00003aee l     F .text	00000052 low_level_output
00000000 l    df *ABS*	00000000 inet.c
00000000 l    df *ABS*	00000000 ip.c
200002c0 l     O .bss	00000002 ip_id.2936
00000000 l    df *ABS*	00000000 ip_addr.c
00000000 l    df *ABS*	00000000 ip_frag.c
200002c2 l     O .bss	00000002 ip_reass_pbufcount
200002c4 l     O .bss	00000004 reassdatagrams
00000000 l    df *ABS*	00000000 dhcp.c
00004772 l     F .text	0000000e dhcp_set_state
00004780 l     F .text	00000020 dhcp_option
000047a0 l     F .text	00000012 dhcp_option_byte
000047b2 l     F .text	00000048 dhcp_option_long
000047fa l     F .text	00000034 dhcp_option_trailer
0000482e l     F .text	0000017e dhcp_create_request
000049ac l     F .text	0000001e dhcp_delete_request
2000020c l     O .data	00000004 xid.3256
00000000 l    df *ABS*	00000000 init.c
00000000 l    df *ABS*	00000000 mem.c
200002c8 l     O .bss	00000004 lfree
200002cc l     O .bss	00000004 ram
200002d0 l     O .bss	00000004 ram_end
00000000 l    df *ABS*	00000000 memp.c
20006ab0 l     O .bss	00000020 memp_tab
00000000 l    df *ABS*	00000000 netif.c
200002dc l     O .bss	00000001 netifnum.2471
00000000 l    df *ABS*	00000000 pbuf.c
00000000 l    df *ABS*	00000000 raw.c
200002e0 l     O .bss	00000004 raw_pcbs
00000000 l    df *ABS*	00000000 tcp.c
00005468 l     F .text	0000005c tcp_new_port
200002f4 l     O .bss	00000001 tcp_timer
20000218 l     O .data	00000004 iss.3186
2000021c l     O .data	00000002 port.3018
00000000 l    df *ABS*	00000000 tcp_in.c
00005f80 l     F .text	000000ce tcp_oos_insert_segment
0000604e l     F .text	000008f0 tcp_receive
0000693e l     F .text	000000a6 tcp_parseopt.isra.0
20006ad0 l     O .bss	00000014 inseg
20000300 l     O .bss	00000004 ackno
20000304 l     O .bss	00000001 flags
20000308 l     O .bss	00000004 iphdr
2000030c l     O .bss	00000004 recv_data
20000310 l     O .bss	00000001 recv_flags
20000314 l     O .bss	00000004 seqno
2000031c l     O .bss	00000004 tcphdr
20000320 l     O .bss	00000002 tcplen
00000000 l    df *ABS*	00000000 tcp_out.c
000073ba l     F .text	000000d4 tcp_output_set_header.isra.0.constprop.1
00000000 l    df *ABS*	00000000 udp.c
00000000 l    df *ABS*	00000000 icmp.c
00008500 l     F .text	00000074 icmp_send_response.isra.0
00000000 l    df *ABS*	00000000 inet_chksum.c
000087ec l     F .text	0000007e lwip_standard_chksum
00000000 l    df *ABS*	00000000 atoi.c
00000000 l    df *ABS*	00000000 memcpy.c
00000000 l    df *ABS*	00000000 printf.c
00000000 l    df *ABS*	00000000 puts.c
00000000 l    df *ABS*	00000000 snprintf.c
00000000 l    df *ABS*	00000000 sprintf.c
00000000 l    df *ABS*	00000000 strchr.c
00000000 l    df *ABS*	00000000 strlen.c
00000000 l    df *ABS*	00000000 strstr.c
00000000 l    df *ABS*	00000000 strtol.c
00008cdc l     F .text	00000138 _strtol_l.isra.0
00000000 l    df *ABS*	00000000 wbuf.c
00000000 l    df *ABS*	00000000 wsetup.c
00000000 l    df *ABS*	00000000 fflush.c
00000000 l    df *ABS*	00000000 findfp.c
00009180 l     F .text	00000066 std
00000000 l    df *ABS*	00000000 fwalk.c
00000000 l    df *ABS*	00000000 locale.c
00000000 l    df *ABS*	00000000 makebuf.c
00000000 l    df *ABS*	00000000 mbtowc_r.c
00000000 l    df *ABS*	00000000 nano-mallocr.c
00000000 l    df *ABS*	00000000 nano-mallocr.c
00000000 l    df *ABS*	00000000 nano-vfprintf.c
00000000 l    df *ABS*	00000000 nano-vfprintf.c
0000999e l     F .text	00000028 __sfputc_r
00000000 l    df *ABS*	00000000 nano-vfprintf_i.c
00000000 l    df *ABS*	00000000 sbrkr.c
00000000 l    df *ABS*	00000000 stdio.c
00000000 l    df *ABS*	00000000 wctomb_r.c
00000000 l    df *ABS*	00000000 writer.c
00000000 l    df *ABS*	00000000 closer.c
00000000 l    df *ABS*	00000000 fstatr.c
00000000 l    df *ABS*	00000000 isattyr.c
00000000 l    df *ABS*	00000000 lseekr.c
00000000 l    df *ABS*	00000000 memchr.c
00000000 l    df *ABS*	00000000 memmove.c
00000000 l    df *ABS*	00000000 mlock.c
00000000 l    df *ABS*	00000000 nano-mallocr.c
00000000 l    df *ABS*	00000000 readr.c
00000000 l    df *ABS*	00000000 nano-mallocr.c
00000000 l    df *ABS*	00000000 close.c
00000000 l    df *ABS*	00000000 fstat.c
00000000 l    df *ABS*	00000000 isatty.c
00000000 l    df *ABS*	00000000 lseek.c
00000000 l    df *ABS*	00000000 read.c
00000000 l    df *ABS*	00000000 ctype_.c
00000000 l    df *ABS*	00000000 impure.c
20000010 l     O .data	00000060 impure_data
00000000 l    df *ABS*	00000000 reent.c
0000a322 g     F .text	00000014 _malloc_usable_size_r
000005d6 g     F .text	0000000e readChar
000011c8  w      .text	00000000 EXTI2_IRQHandler
00008974 g     F .text	00000014 inet_chksum
00000bc6 g     F .text	00000048 WCHNET_HandleGlobalInt
00005338 g     F .text	0000001e raw_bind
00004218 g     F .text	000003dc ip_reass
00005190 g     F .text	00000058 pbuf_realloc
00000dca g     F .text	00000018 transport_sendPacketBuffer
0000a1d0 g     F .text	00000030 _isatty_r
00005ce4 g     F .text	00000010 tcp_next_iss
00008aec g     F .text	000000d4 _puts_r
000055da g     F .text	00000048 tcp_update_rcv_ann_wnd
00002278 g     F .text	00000012 setRxBuffAddr
0000a200 g     F .text	00000034 _lseek_r
200002d8 g     O .bss	00000004 netif_list
00007cf4 g     F .text	00000108 tcp_rst
200002a0 g     O .bss	00000004 TCPTimer
00003720 g     F .text	000000ce etharp_request
00008aaa g     F .text	00000042 printf
200009e0 g       .data	00000000 __global_pointer$
00000148 g     F .text	00000028 .hidden __riscv_save_8
000056de g     F .text	00000006 tcp_err
20000234 g     O .data	00000004 ip_addr_any
000011c8  w      .text	00000000 TIM1_CC_IRQHandler
0000886a g     F .text	0000010a inet_chksum_pseudo
20000eb0 g     O .bss	00000800 MqttRxBuffer
0000a0e4 g     F .text	00000030 __sseek
00009236 g     F .text	0000006c __sinit
000078d6 g     F .text	00000016 tcp_send_ctrl
000084ac g     F .text	00000030 udp_remove
00008e32 g     F .text	000000bc __swbuf_r
00000c12 g     F .text	00000044 HardFault_Handler
00003f58 g     F .text	0000015a ip_output_if
000091f0 g     F .text	00000046 __sfmoreglue
00004e30 g     F .text	00000018 memp_free
0000a294 g     F .text	00000002 __malloc_unlock
00005002 g     F .text	0000004e pbuf_free
000030aa g     F .text	00000014 WCHNET_GetGlobalInt
00000194 g     F .text	0000000c .hidden __riscv_restore_3
000056d2 g     F .text	00000006 tcp_recv
00001d78 g     F .text	00000060 ETH_Init
000011c8  w      .text	00000000 SysTick_Handler
00005204 g     F .text	0000001c pbuf_cat
200016b0 g     O .bss	00000400 MqttTxBuffer
0000142c g     F .text	00000054 NVIC_Init
000011c8  w      .text	00000000 PVD_IRQHandler
0000324c g     F .text	00000060 WCHNET_SocketClose
0000315e g     F .text	00000038 CloseUpdConnect
0000a24c g     F .text	00000046 memmove
000040b2 g     F .text	00000036 ip_output
00001bdc g     F .text	00000030 ETH_LinkUpCfg
00000180 g     F .text	00000020 .hidden __riscv_restore_10
000083e8 g     F .text	0000002e udp_sendto
0000171c g     F .text	00000038 ETH_TxPktChainMode
200002a8 g     O .bss	00000004 phydatatime
00008bcc g     F .text	0000006c snprintf
00000c0e g     F .text	00000004 NMI_Handler
00007f10 g     F .text	0000005e tcp_keepalive
000011c8  w      .text	00000000 EXTI3_IRQHandler
00002758 g     F .text	000000ac WCHNET_Init
00000148 g     F .text	00000028 .hidden __riscv_save_11
00003510 g     F .text	0000004e etharp_tmr
00005cf4 g     F .text	00000134 tcp_alloc
00002180 g     F .text	00000014 WCHNET_NetInput
0000a630 g     O .text	00000010 MemSize
00008312 g     F .text	000000d6 udp_sendto_if
00001c8e g     F .text	000000ea WCHNET_ETHIsr
000056ce g     F .text	00000004 tcp_arg
000035b8 g     F .text	00000168 etharp_arp_input
200002e4 g     O .bss	00000004 tcp_active_pcbs
00001712 g     F .text	0000000a USART_GetFlagStatus
0000a19e g     F .text	00000032 _fstat_r
20000324 g     O .bss	00000004 udp_pcbs
20000252 g     O .bss	00000001 MQTT_Conn_Flag
20006ae4 g     O .bss	00000004 errno
2000024c g     O .bss	00000006 MACAddr
00003a04 g     F .text	00000086 ethernet_input
20000248 g       .bss	00000000 _sbss
00000800 g       *ABS*	00000000 __stack_size
000051fa g     F .text	0000000a pbuf_ref
00001eee g     F .text	00000060 USART_Printf_Init
00002f28 g     F .text	00000056 WCHNET_SocketSend
00005b1a g     F .text	00000030 tcp_recv_null
200002ac g     O .bss	00000001 SockNumber
00000c84 g     F .text	0000008e JSON_GetValue
000011c8  w      .text	00000000 USBFS_IRQHandler
00005a68 g     F .text	000000b2 tcp_close
20006984 g     O .bss	0000000c SelARP
00005622 g     F .text	0000003c tcp_recved
00000b38 g     F .text	0000008e WCHNET_HandleSockInt
00000194 g     F .text	0000000c .hidden __riscv_restore_2
000056ee g     F .text	0000004e tcp_pcb_purge
00001754 g     F .text	0000002c ETH_LedDataSet
00000ad0 g     F .text	00000068 UDP_SendTo_DynamicIP
2000023c g     O .data	00000007 tcp_persist_backoff
000089f8 g     F .text	000000b2 memcpy
00004ba2 g     F .text	00000084 mem_free
200002f0 g     O .bss	00000004 tcp_ticks
200002ec g     O .bss	00000004 tcp_listen_pcbs
00007dfc g     F .text	00000036 tcp_rexmit_rto
000091e6 g     F .text	0000000a _cleanup_r
00009734 g     F .text	0000026a _svfprintf_r
00003196 g     F .text	00000038 CloseIPRAWConnect
000040e8 g     F .text	0000004a ip_addr_isbroadcast
20000264 g     O .bss	00000004 DMARxDescToGet
00005e28 g     F .text	00000010 tcp_new
000011c8  w      .text	00000000 EXTI0_IRQHandler
000011c8  w      .text	00000000 I2C2_EV_IRQHandler
000022bc g     F .text	0000000e GetChipID
0000238a g     F .text	00000042 IPCheckTmr
00001630 g     F .text	00000018 TIM_Cmd
00008bc0 g     F .text	0000000c puts
200001f7 g     O .data	00000001 SocketId_UDP
20006990 g     O .bss	00000018 DHCPCtrl
200001f8 g     O .data	00000004 SystemCoreClock
000053f8 g     F .text	00000010 raw_send
00008988 g     F .text	0000006a inet_chksum_pbuf
0000077a g     F .text	00000272 MCU_GPIO_Init
0000a346 g     F .text	00000010 _fstat
00008574 g     F .text	00000250 icmp_input
00000004 g       .init	00000000 _einit
0000165a g     F .text	0000000c TIM_ClearITPendingBit
00004f2c g     F .text	0000005a netif_add
00001570 g     F .text	0000001e RCC_APB2PeriphClockCmd
00000140 g     F .text	00000030 .hidden __riscv_save_12
00005688 g     F .text	0000001e tcp_segs_free
0000306c g     F .text	0000003e WCHNET_QueryGlobalInt
00000672 g     F .text	0000003c readMQTTLenString
000011c8  w      .text	00000000 ADC1_2_IRQHandler
000011c8  w      .text	00000000 BB_IRQHandler
00001254 g     F .text	000000c0 GPIO_Init
20000278 g     O .bss	00000001 phyLinkCnt
00001480 g     F .text	00000012 RCC_ADCCLKConfig
000011c8  w      .text	00000000 Break_Point_Handler
00004e48 g     F .text	00000096 netif_set_ipaddr
00000180 g     F .text	00000020 .hidden __riscv_restore_11
2000025c g     O .bss	00000004 NVIC_Priority_Group
000011c8  w      .text	00000000 SPI1_IRQHandler
000016f4 g     F .text	00000016 USART_Cmd
000030be g     F .text	0000002a WCHNET_GetSocketInt
0000a03e g     F .text	00000032 _sbrk_r
000078ec g     F .text	00000030 tcp_write
000011c8  w      .text	00000000 TAMPER_IRQHandler
00000170 g     F .text	0000000c .hidden __riscv_save_1
20006a4c g     O .bss	0000002c WCHCfg
00000194 g     F .text	0000000c .hidden __riscv_restore_0
0000a2ee g     F .text	00000034 _read_r
00005bce g     F .text	0000007c tcp_fastsendack
00000156 g     F .text	0000001a .hidden __riscv_save_7
000054c4 g     F .text	00000116 tcp_bind
000011c8  w      .text	00000000 OSCWakeUp_IRQHandler
000087d8 g     F .text	00000014 icmp_time_exceeded
20001b00 g     O .bss	000017c0 MACRxBuf
00000a06 g     F .text	00000064 WCHNET_CreateUdpSocket
000005c4 g     F .text	00000012 readInt
000045f4 g     F .text	0000017e ip_frag
0000158e g     F .text	0000001e RCC_APB1PeriphClockCmd
00002bae g     F .text	000000e8 WCHNET_SocketRecv
20000274 g     O .bss	00000004 pDMARxSet
000011c8  w      .text	00000000 Ecall_M_Mode_Handler
2000f800 g       .stack	00000000 _heap_end
200069a8 g     O .bss	00000040 dhcp_host_name
0000537a g     F .text	0000007e raw_sendto
0000a356 g     F .text	00000010 _isatty
00001e82 g     F .text	00000036 Delay_Us
20000244 g     O .data	00000004 _global_impure_ptr
0000018a g     F .text	00000016 .hidden __riscv_restore_5
0000a296 g     F .text	00000058 _realloc_r
000011c8  w      .text	00000000 DMA1_Channel4_IRQHandler
00001f8c g     F .text	0000002a _sbrk
00005234 g     F .text	0000009c pbuf_copy
00007e32 g     F .text	0000007c tcp_rexmit
0000243a g     F .text	00000004 LwipTCPPollCallBack
200001f4 g     O .data	00000002 MQTT_BROKER_PORT
20000280 g     O .bss	00000001 phyPNChangeCnt
20000268 g     O .bss	00000004 DMATxDescToSet
00008e14 g     F .text	0000001e strtol
200001ec g     O .data	00000004 IPMask
200001f6 g     O .data	00000001 SocketId_MQTT
0000131c g     F .text	000000f8 I2C_Init
00000d12 g     F .text	000000b8 Handle_MQTT_Message
0000018a g     F .text	00000016 .hidden __riscv_restore_6
000011c8  w      .text	00000000 USART3_IRQHandler
000011c8  w      .text	00000000 RTC_IRQHandler
200002f8 g     O .bss	00000004 tcp_tmp_pcb
20006ae8 g       .bss	00000000 _ebss
20003d60 g     O .bss	0000126c Mem_Heap_Memory
000011c8  w      .text	00000000 DMA1_Channel7_IRQHandler
20000290 g     O .bss	00000004 DHCPcoarseTimer
000011c8  w      .text	00000000 CAN1_RX1_IRQHandler
00001e5c g     F .text	00000026 Delay_Init
00004b64 g     F .text	0000003e mem_init
000010fe g     F .text	00000066 TIM1_Int_Init
0000798c g     F .text	00000368 tcp_output
00001780 g     F .text	0000002c ETH_LedLinkSet
00001314 g     F .text	00000004 GPIO_SetBits
000011c8  w      .text	00000000 TIM4_IRQHandler
20000318 g     O .bss	00000004 tcp_input_pcb
000052d0 g     F .text	00000068 raw_input
0000791c g     F .text	00000070 tcp_send_empty_ack
00000148 g     F .text	00000028 .hidden __riscv_save_9
20000260 g     O .bss	00000001 CRCErrPktCnt
00007eae g     F .text	00000062 tcp_rexmit_fast
20004fcc g     O .bss	0000193f Memp_Memory
00003bb0 g     F .text	00000076 wch_ethernetif_init
000022ca g     F .text	0000006a getTxBuffAddr
00003c66 g     F .text	0000000c ntohl
0000a6a0 g     O .text	00000020 __sf_fake_stderr
00008bcc g     F .text	0000006c sniprintf
00000156 g     F .text	0000001a .hidden __riscv_save_4
00004f86 g     F .text	00000006 netif_set_default
0000270c g     F .text	0000004c WCHSocketInit
000084a6 g     F .text	00000006 udp_recv
000011c8  w      .text	00000000 I2C1_EV_IRQHandler
000002e2 g     F .text	00000124 MQTTSerialize_connect
20000279 g     O .bss	00000001 phyLinkReset
000023cc g     F .text	0000002e IPConflictHandle
00005050 g     F .text	00000140 pbuf_alloc
00002352 g     F .text	00000038 SelIPARPSend
00009650 g     F .text	000000e4 __ssputs_r
00002f7e g     F .text	00000052 WCHScokedIntHandle
00001492 g     F .text	000000de RCC_GetClocksFreq
000019b0 g     F .text	000000a2 WCHNET_HandlePhyNegotiation
000011c8  w      .text	00000000 DMA1_Channel6_IRQHandler
000099c6 g     F .text	00000042 __sfputs_r
20000200 g     O .data	00000001 phyPN
000011c8  w      .text	00000000 UART4_IRQHandler
00000502 g     F .text	00000034 MQTTPacket_encode
0000a234 g     F .text	00000018 memchr
20000238 g     O .data	00000004 ip_addr_broadcast
00004132 g     F .text	000000e6 ip_reass_tmr
00001666 g     F .text	0000008e USART_Init
20000214 g     O .data	00000004 memp_sizes
000094ce g     F .text	000000a8 _free_r
000017ac g     F .text	00000020 WCHNET_GetMacAddr
000011c8  w      .text	00000000 TIM3_IRQHandler
000011c8  w      .text	00000000 RCC_IRQHandler
20001af0 g     O .bss	00000010 DMATxDscrTab
00000170 g     F .text	0000000c .hidden __riscv_save_3
00008428 g     F .text	0000007e udp_connect
000011c8  w      .text	00000000 TIM1_TRG_COM_IRQHandler
0000a640 g     O .text	00000010 ErrTable
000011c8  w      .text	00000000 DMA1_Channel1_IRQHandler
00004ede g     F .text	0000004e netif_set_addr
000049ca g     F .text	00000182 dhcp_arp_reply
200002b0 g     O .bss	00000004 tcpSendAckFlag
00000000 g       .init	00000000 _start
00008ca8 g     F .text	00000034 strstr
00000582 g     F .text	0000002e MQTTPacket_len
0000a366 g     F .text	00000010 _lseek
00004e10 g     F .text	00000020 memp_malloc
00007f6e g     F .text	000000d2 tcp_zero_window_probe
000015ac g     F .text	0000001a RCC_ETHDIVConfig
000005b0 g     F .text	00000014 MQTTPacket_decodeBuf
000011c8  w      .text	00000000 EXTI15_10_IRQHandler
00001648 g     F .text	00000012 TIM_ITConfig
200069fc g     O .bss	0000000c KeepLiveCfg
000006ae g     F .text	00000014 MQTTstrlen
00002992 g     F .text	000001d2 WCHNET_SocketCreat
20000282 g     O .bss	00000001 phyStatus
20006a78 g     O .bss	00000038 WCHNetIf
200002e8 g     O .bss	00000004 tcp_bound_pcbs
000011c8  w      .text	00000000 DMA1_Channel8_IRQHandler
00003c42 g     F .text	00000024 htonl
0000565e g     F .text	0000002a tcp_seg_free
00001414 g     F .text	00000018 I2C_Cmd
00002fd0 g     F .text	0000009c LwipRemoveTcpPcb
00001318 g     F .text	00000004 GPIO_ResetBits
00001fbc g     F .text	00000006 __get_MCAUSE
00000612 g     F .text	00000028 writeCString
00005e66 g     F .text	000000e8 tcp_connect
0000a16e g     F .text	00000030 _close_r
00004cf0 g     F .text	000000d0 mem_malloc
20000000 g       .dalign	00000000 _data_vma
00001b0c g     F .text	0000000e ETH_SetClock
000011c8  w      .text	00000000 TIM5_IRQHandler
00001ab0 g     F .text	00000046 ETH_DMARxDescChainInit
00008eee g     F .text	000000fc __swsetup_r
000011c8  w      .text	00000000 EXTI9_5_IRQHandler
000092a2 g     F .text	000000a0 __sfp
0000748e g     F .text	00000448 tcp_enqueue
00005e38 g     F .text	0000002e tcp_eff_send_mss
00002934 g     F .text	0000005e WCHFindCorrectTCBPcb
00000148 g     F .text	00000028 .hidden __riscv_save_10
0000a070 g     F .text	0000002c __sread
00001dd8 g     F .text	00000084 ETH_LibInit
000025d4 g     F .text	000000dc WCHSocketTCPReceive
0000a292 g     F .text	00000002 __malloc_lock
0000018a g     F .text	00000016 .hidden __riscv_restore_4
00001fc2 g     F .text	00000006 __get_MTVAL
00000180 g     F .text	00000020 .hidden __riscv_restore_8
00001fb6 g     F .text	00000006 __get_MEPC
0000911a g     F .text	00000066 _fflush_r
00000156 g     F .text	0000001a .hidden __riscv_save_6
00005356 g     F .text	0000001e raw_connect
000011c8  w      .text	00000000 SPI2_IRQHandler
0000a6c0 g     O .text	00000020 __sf_fake_stdin
00001a62 g     F .text	0000004e ETH_LedConfiguration
000005e4 g     F .text	0000000c writeChar
000011c8  w      .text	00000000 OSC32KCal_IRQHandler
200001e0 g     O .data	00000004 DESIP
000001a0 g     F .text	000000a8 memset
00000180 g     F .text	00000020 .hidden __riscv_restore_9
0000018a g     F .text	00000016 .hidden __riscv_restore_7
00000de2 g     F .text	00000224 main
000017d8 g     F .text	00000190 WCHNET_LinkProcess
2000026c g     O .bss	00000004 LocalTime
20000210 g     O .data	00000004 memp_num
200001e4 g     O .data	00000004 GWIPAddr
00000a6a g     F .text	00000066 WCHNET_CreateMqttSocket
000009ec g     F .text	0000001a mStopIfError
000087c4 g     F .text	00000014 icmp_dest_unreach
0000243e g     F .text	000000c0 SocketIPRAWReceive
000056d8 g     F .text	00000006 tcp_sent
00004f8c g     F .text	00000008 netif_is_up
0000a114 g     F .text	00000006 __sclose
00003c34 g     F .text	0000000e ntohs
00009576 g     F .text	000000da _malloc_r
00005438 g     F .text	00000030 raw_new
2000029c g     O .bss	00000004 IPFragTimer
000023fa g     F .text	00000002 NET_TCPError
0000a11a g     F .text	0000001e __ascii_wctomb
00003b40 g     F .text	00000070 ethernetif_input
200001f0 g     O .data	00000004 MQTT_BROKER_IP
000011c8  w      .text	00000000 DMA1_Channel5_IRQHandler
20000283 g     O .bss	00000001 phySucCnt
000011c8  w      .text	00000000 EXTI4_IRQHandler
00001eb8 g     F .text	00000036 Delay_Ms
00005408 g     F .text	00000030 raw_remove
000011c8  w      .text	00000000 USB_LP_CAN1_RX0_IRQHandler
20000270 g     O .bss	00000001 PhyPolarityDetect
200069e8 g     O .bss	00000014 DNSInf
20000258 g     O .bss	00000002 MqttRxLen
00002d7a g     F .text	000000be SocketUdpSend
00008278 g     F .text	0000009a udp_bind
00005bac g     F .text	00000022 tcp_tmr
000037ee g     F .text	000000e2 etharp_query
00001a52 g     F .text	00000010 WCHNET_MainTask
00004b4c g     F .text	00000018 lwip_init
0000228a g     F .text	00000032 WCHNET_Tx
000038d0 g     F .text	00000134 etharp_output
00001006 g     F .text	000000f8 SystemInit
20001ab0 g     O .bss	00000040 DMARxDscrTab
2000027c g     O .bss	00000004 phyLinkTime
00008aaa g     F .text	00000042 iprintf
00002e38 g     F .text	000000f0 SocketTcpSend
000011c8  w      .text	00000000 USB_HP_CAN1_TX_IRQHandler
00008c38 g     F .text	00000046 sprintf
000011c8  w      .text	00000000 LLE_IRQHandler
000051e8 g     F .text	00000012 pbuf_clen
00000000 g       .init	00000000 _sinit
00001c0c g     F .text	00000026 ETH_LinkDownCfg
0000a138 g     F .text	00000036 _write_r
000026f2 g     F .text	0000001a ErrorEncode
00008416 g     F .text	00000012 udp_send
000011c8  w      .text	00000000 DMA1_Channel3_IRQHandler
00005374 g     F .text	00000006 raw_recv
00000536 g     F .text	0000004c MQTTPacket_decode
200002b8 g     O .bss	00000008 frame
0000a620 g     O .text	00000010 MemNum
00000c56 g     F .text	00000008 ETH_IRQHandler
00009c90 g     F .text	0000010c _printf_common
20000220 g     O .data	00000004 _impure_ptr
00000c72 g     F .text	00000012 TIM1_UP_IRQHandler
0000573c g     F .text	000002ba tcp_slowtmr
00008fea g     F .text	00000130 __sflush_r
000031ce g     F .text	0000007e CloseTcpPCB
000021e2 g     F .text	00000096 WCHNET_Rx
200001e8 g     O .data	00000004 IPAddr
00009734 g     F .text	0000026a _svfiprintf_r
000011c8  w      .text	00000000 WWDG_IRQHandler
0000949c g     F .text	00000032 __ascii_mbtowc
00001af6 g     F .text	00000016 ETH_Start
000011c8  w      .text	00000000 Ecall_U_Mode_Handler
00003a8a g     F .text	00000064 ethernetif_init
00000c5e g     F .text	00000014 TIM2_IRQHandler
20010000 g       .stack	00000000 _eusrstack
00000170 g     F .text	0000000c .hidden __riscv_save_2
000011c8  w      .text	00000000 SW_Handler
00002b64 g     F .text	0000004a tcp_recved_socket
200032c0 g     O .bss	000005f0 MACTxBuf
000030e8 g     F .text	0000000a WCHNET_GetPHYStatus
00002334 g     F .text	0000001e IPCheckParaInit
00000438 g     F .text	0000000a MQTTSerialize_pingreq
000011c8  w      .text	00000000 TIM1_BRK_IRQHandler
000093b2 g     F .text	00000058 __swhatbuf_r
0000170a g     F .text	00000008 USART_SendData
200002fc g     O .bss	00000004 tcp_tw_pcbs
000011c8  w      .text	00000000 EXTI1_IRQHandler
00008040 g     F .text	00000238 udp_input
00000156 g     F .text	0000001a .hidden __riscv_save_5
20000294 g     O .bss	00000004 DHCPfineTimer
200002a4 g     O .bss	00000004 TxTimer
000006f6 g     F .text	00000084 MQTTSerialize_subscribe
00001f4e g     F .text	0000003e _write
000004d2 g     F .text	00000030 bufchar
20000248 g       .data	00000000 _edata
20006ae8 g       .bss	00000000 _end
00003c26 g     F .text	0000000e htons
20000298 g     O .bss	00000004 DNSTimer
00001b1a g     F .text	000000c2 ETH_Configuration
2000028c g     O .bss	00000004 ArpCheckTime
000015c6 g     F .text	0000006a TIM_TimeBaseInit
00003c72 g     F .text	0000004c ip_route
000011c8  w      .text	00000000 RTCAlarm_IRQHandler
000006c2 g     F .text	00000034 MQTTSerialize_subscribeLength
0000a850 g       .dlalign	00000000 _data_lma
00004f94 g     F .text	0000006e pbuf_header
00004c26 g     F .text	000000ca mem_realloc
200002d4 g     O .bss	00000004 netif_default
000059f6 g     F .text	00000072 tcp_pcb_remove
00000406 g     F .text	00000032 MQTTSerialize_zero
000011c8  w      .text	00000000 USART2_IRQHandler
0000a09c g     F .text	00000048 __swrite
2000027a g     O .bss	00000001 phyLinkStatus
00005220 g     F .text	00000014 pbuf_chain
200038b0 g     O .bss	000004b0 Mem_ArpTable
20000288 g     O .bss	00000004 ARPTimer
00005c4a g     F .text	0000009a tcp_abandon
20000208 g     O .data	00000004 arp_table
000024fe g     F .text	000000d6 SocketUdpReceive
00009a08 g     F .text	00000288 _vfiprintf_r
000011c8  w      .text	00000000 ETHWakeUp_IRQHandler
000026b0 g     F .text	00000042 LwipTcpConnectedCallBack
00009342 g     F .text	0000006a _fwalk_reent
2000690c g     O .bss	00000078 SocketInf
00004dc0 g     F .text	00000050 memp_init
00005b4a g     F .text	00000062 tcp_fasttmr
00002cbc g     F .text	000000be SocketIPRawSend
000011c8  w      .text	00000000 I2C2_ER_IRQHandler
200002ad g     O .bss	00000001 phydata
000011c8  w      .text	00000000 DMA1_Channel2_IRQHandler
000005f0 g     F .text	00000022 writeInt
00000442 g     F .text	00000090 MQTTDeserialize_publish
0000a6e0 g     O .text	00000020 __sf_fake_stdout
00008c38 g     F .text	00000046 siprintf
000089f2 g     F .text	00000006 atoi
0000355e g     F .text	0000005a etharp_ip_input
0000017c g     F .text	00000024 .hidden __riscv_restore_12
0000a74c g     O .text	00000101 _ctype_
0000a376 g     F .text	00000010 _read
20000254 g     O .bss	00000004 CurrentState
000011ca  w      .text	00000000 handle_reset
000011c8  w      .text	00000000 CAN1_SCE_IRQHandler
20000330 g     O .bss	00000b80 SocketRecvBuf
00000248 g     F .text	0000009a MQTTSerialize_connectLength
00001c32 g     F .text	0000005c ETH_PHYLink
000011c8  w      .text	00000000 FLASH_IRQHandler
00000170 g     F .text	0000000c .hidden __riscv_save_0
000032ac g     F .text	0000000e QueryPingEnable
000056a6 g     F .text	00000028 tcp_seg_copy
000011c8  w      .text	00000000 USBFSWakeUp_IRQHandler
00001164 g     F .text	00000064 TIM2_Init
000011c8  w      .text	00000000 USART1_IRQHandler
0000940a g     F .text	00000092 __smakebuf_r
0000063a g     F .text	00000038 writeMQTTString
000056e4 g     F .text	0000000a tcp_poll
00008c96 g     F .text	00000012 strlen
00009d9c g     F .text	000002a2 _printf_i
000093ac g     F .text	00000006 __locale_ctype_ptr_l
000084dc g     F .text	00000024 udp_new
2000032c g     O .bss	00000004 __malloc_sbrk_start
00001968 g     F .text	00000048 WCHNET_PhyPNProcess
000011c8  w      .text	00000000 I2C1_ER_IRQHandler
00008c7e g     F .text	00000018 strchr
20000224 g     O .data	00000006 ethbroadcast
0000a670 g     O .text	0000000d tcp_backoff
000017cc g     F .text	0000000c WCHNET_TimeIsr
20000328 g     O .bss	00000004 __malloc_free_list
00000194 g     F .text	0000000c .hidden __riscv_restore_1
20006a08 g     O .bss	00000044 NetInf
00009a08 g     F .text	00000288 _vfprintf_r
000023fc g     F .text	0000003e LwipTCPSendCallBack
000032d4 g     F .text	0000000c LwipArpCheck
000030f2 g     F .text	0000006c WCHNET_SocketConnect
000069e4 g     F .text	000009d6 tcp_input
00005f4e g     F .text	00000032 RemoveTimeWaiTCP
20000070 g     O .data	0000016c __global_locale
00003cbe g     F .text	0000029a ip_input
00002c96 g     F .text	00000026 WCHNET_SocketRecvLen
2000022c g     O .data	00000006 ethzero
000011c8  w      .text	00000000 USBWakeUp_IRQHandler
00002804 g     F .text	00000130 WCHNET_ConfigLIB
0000a336 g     F .text	00000010 _close
000032ba g     F .text	0000001a LwipUnreachPort
20000281 g     O .bss	00000001 phyRetryCnt
00002194 g     F .text	0000004e WCHNET_PhyStatus
00001fc8 g     F .text	000001b8 WCHNET_PeriodicHandle



Disassembly of section .init:

00000000 <_sinit>:
   0:	1ca0106f          	j	11ca <handle_reset>

Disassembly of section .vector:

00000004 <_vector_base>:
	...
   c:	0c0e                	slli	s8,s8,0x3
   e:	0000                	unimp
  10:	0c12                	slli	s8,s8,0x4
  12:	0000                	unimp
  14:	0000                	unimp
  16:	0000                	unimp
  18:	11c8                	addi	a0,sp,228
	...
  22:	0000                	unimp
  24:	11c8                	addi	a0,sp,228
  26:	0000                	unimp
  28:	11c8                	addi	a0,sp,228
	...
  32:	0000                	unimp
  34:	11c8                	addi	a0,sp,228
  36:	0000                	unimp
  38:	0000                	unimp
  3a:	0000                	unimp
  3c:	11c8                	addi	a0,sp,228
  3e:	0000                	unimp
  40:	0000                	unimp
  42:	0000                	unimp
  44:	11c8                	addi	a0,sp,228
  46:	0000                	unimp
  48:	11c8                	addi	a0,sp,228
  4a:	0000                	unimp
  4c:	11c8                	addi	a0,sp,228
  4e:	0000                	unimp
  50:	11c8                	addi	a0,sp,228
  52:	0000                	unimp
  54:	11c8                	addi	a0,sp,228
  56:	0000                	unimp
  58:	11c8                	addi	a0,sp,228
  5a:	0000                	unimp
  5c:	11c8                	addi	a0,sp,228
  5e:	0000                	unimp
  60:	11c8                	addi	a0,sp,228
  62:	0000                	unimp
  64:	11c8                	addi	a0,sp,228
  66:	0000                	unimp
  68:	11c8                	addi	a0,sp,228
  6a:	0000                	unimp
  6c:	11c8                	addi	a0,sp,228
  6e:	0000                	unimp
  70:	11c8                	addi	a0,sp,228
  72:	0000                	unimp
  74:	11c8                	addi	a0,sp,228
  76:	0000                	unimp
  78:	11c8                	addi	a0,sp,228
  7a:	0000                	unimp
  7c:	11c8                	addi	a0,sp,228
  7e:	0000                	unimp
  80:	11c8                	addi	a0,sp,228
  82:	0000                	unimp
  84:	11c8                	addi	a0,sp,228
  86:	0000                	unimp
  88:	11c8                	addi	a0,sp,228
  8a:	0000                	unimp
  8c:	11c8                	addi	a0,sp,228
  8e:	0000                	unimp
  90:	11c8                	addi	a0,sp,228
  92:	0000                	unimp
  94:	11c8                	addi	a0,sp,228
  96:	0000                	unimp
  98:	11c8                	addi	a0,sp,228
  9a:	0000                	unimp
  9c:	11c8                	addi	a0,sp,228
  9e:	0000                	unimp
  a0:	11c8                	addi	a0,sp,228
  a2:	0000                	unimp
  a4:	11c8                	addi	a0,sp,228
  a6:	0000                	unimp
  a8:	0c72                	slli	s8,s8,0x1c
  aa:	0000                	unimp
  ac:	11c8                	addi	a0,sp,228
  ae:	0000                	unimp
  b0:	11c8                	addi	a0,sp,228
  b2:	0000                	unimp
  b4:	0c5e                	slli	s8,s8,0x17
  b6:	0000                	unimp
  b8:	11c8                	addi	a0,sp,228
  ba:	0000                	unimp
  bc:	11c8                	addi	a0,sp,228
  be:	0000                	unimp
  c0:	11c8                	addi	a0,sp,228
  c2:	0000                	unimp
  c4:	11c8                	addi	a0,sp,228
  c6:	0000                	unimp
  c8:	11c8                	addi	a0,sp,228
  ca:	0000                	unimp
  cc:	11c8                	addi	a0,sp,228
  ce:	0000                	unimp
  d0:	11c8                	addi	a0,sp,228
  d2:	0000                	unimp
  d4:	11c8                	addi	a0,sp,228
  d6:	0000                	unimp
  d8:	11c8                	addi	a0,sp,228
  da:	0000                	unimp
  dc:	11c8                	addi	a0,sp,228
  de:	0000                	unimp
  e0:	11c8                	addi	a0,sp,228
  e2:	0000                	unimp
  e4:	11c8                	addi	a0,sp,228
  e6:	0000                	unimp
  e8:	11c8                	addi	a0,sp,228
  ea:	0000                	unimp
  ec:	11c8                	addi	a0,sp,228
  ee:	0000                	unimp
  f0:	11c8                	addi	a0,sp,228
  f2:	0000                	unimp
  f4:	11c8                	addi	a0,sp,228
  f6:	0000                	unimp
  f8:	0c56                	slli	s8,s8,0x15
  fa:	0000                	unimp
  fc:	11c8                	addi	a0,sp,228
  fe:	0000                	unimp
 100:	11c8                	addi	a0,sp,228
 102:	0000                	unimp
 104:	11c8                	addi	a0,sp,228
 106:	0000                	unimp
 108:	11c8                	addi	a0,sp,228
 10a:	0000                	unimp
 10c:	11c8                	addi	a0,sp,228
 10e:	0000                	unimp
 110:	11c8                	addi	a0,sp,228
 112:	0000                	unimp
 114:	11c8                	addi	a0,sp,228
 116:	0000                	unimp
 118:	11c8                	addi	a0,sp,228
	...

Disassembly of section .text:

00000140 <__riscv_save_12>:
     140:	7139                	addi	sp,sp,-64
     142:	4301                	li	t1,0
     144:	c66e                	sw	s11,12(sp)
     146:	a019                	j	14c <__riscv_save_10+0x4>

00000148 <__riscv_save_10>:
     148:	7139                	addi	sp,sp,-64
     14a:	5341                	li	t1,-16
     14c:	c86a                	sw	s10,16(sp)
     14e:	ca66                	sw	s9,20(sp)
     150:	cc62                	sw	s8,24(sp)
     152:	ce5e                	sw	s7,28(sp)
     154:	a019                	j	15a <__riscv_save_4+0x4>

00000156 <__riscv_save_4>:
     156:	7139                	addi	sp,sp,-64
     158:	5301                	li	t1,-32
     15a:	d05a                	sw	s6,32(sp)
     15c:	d256                	sw	s5,36(sp)
     15e:	d452                	sw	s4,40(sp)
     160:	d64e                	sw	s3,44(sp)
     162:	d84a                	sw	s2,48(sp)
     164:	da26                	sw	s1,52(sp)
     166:	dc22                	sw	s0,56(sp)
     168:	de06                	sw	ra,60(sp)
     16a:	40610133          	sub	sp,sp,t1
     16e:	8282                	jr	t0

00000170 <__riscv_save_0>:
     170:	1141                	addi	sp,sp,-16
     172:	c04a                	sw	s2,0(sp)
     174:	c226                	sw	s1,4(sp)
     176:	c422                	sw	s0,8(sp)
     178:	c606                	sw	ra,12(sp)
     17a:	8282                	jr	t0

0000017c <__riscv_restore_12>:
     17c:	4db2                	lw	s11,12(sp)
     17e:	0141                	addi	sp,sp,16

00000180 <__riscv_restore_10>:
     180:	4d02                	lw	s10,0(sp)
     182:	4c92                	lw	s9,4(sp)
     184:	4c22                	lw	s8,8(sp)
     186:	4bb2                	lw	s7,12(sp)
     188:	0141                	addi	sp,sp,16

0000018a <__riscv_restore_4>:
     18a:	4b02                	lw	s6,0(sp)
     18c:	4a92                	lw	s5,4(sp)
     18e:	4a22                	lw	s4,8(sp)
     190:	49b2                	lw	s3,12(sp)
     192:	0141                	addi	sp,sp,16

00000194 <__riscv_restore_0>:
     194:	4902                	lw	s2,0(sp)
     196:	4492                	lw	s1,4(sp)
     198:	4422                	lw	s0,8(sp)
     19a:	40b2                	lw	ra,12(sp)
     19c:	0141                	addi	sp,sp,16
     19e:	8082                	ret

000001a0 <memset>:
     1a0:	433d                	li	t1,15
     1a2:	872a                	mv	a4,a0
     1a4:	02c37363          	bgeu	t1,a2,1ca <memset+0x2a>
     1a8:	00f77793          	andi	a5,a4,15
     1ac:	efbd                	bnez	a5,22a <memset+0x8a>
     1ae:	e5ad                	bnez	a1,218 <memset+0x78>
     1b0:	ff067693          	andi	a3,a2,-16
     1b4:	8a3d                	andi	a2,a2,15
     1b6:	96ba                	add	a3,a3,a4
     1b8:	c30c                	sw	a1,0(a4)
     1ba:	c34c                	sw	a1,4(a4)
     1bc:	c70c                	sw	a1,8(a4)
     1be:	c74c                	sw	a1,12(a4)
     1c0:	0741                	addi	a4,a4,16
     1c2:	fed76be3          	bltu	a4,a3,1b8 <memset+0x18>
     1c6:	e211                	bnez	a2,1ca <memset+0x2a>
     1c8:	8082                	ret
     1ca:	40c306b3          	sub	a3,t1,a2
     1ce:	068a                	slli	a3,a3,0x2
     1d0:	00000297          	auipc	t0,0x0
     1d4:	9696                	add	a3,a3,t0
     1d6:	00a68067          	jr	10(a3)
     1da:	00b70723          	sb	a1,14(a4)
     1de:	00b706a3          	sb	a1,13(a4)
     1e2:	00b70623          	sb	a1,12(a4)
     1e6:	00b705a3          	sb	a1,11(a4)
     1ea:	00b70523          	sb	a1,10(a4)
     1ee:	00b704a3          	sb	a1,9(a4)
     1f2:	00b70423          	sb	a1,8(a4)
     1f6:	00b703a3          	sb	a1,7(a4)
     1fa:	00b70323          	sb	a1,6(a4)
     1fe:	00b702a3          	sb	a1,5(a4)
     202:	00b70223          	sb	a1,4(a4)
     206:	00b701a3          	sb	a1,3(a4)
     20a:	00b70123          	sb	a1,2(a4)
     20e:	00b700a3          	sb	a1,1(a4)
     212:	00b70023          	sb	a1,0(a4)
     216:	8082                	ret
     218:	0ff5f593          	andi	a1,a1,255
     21c:	00859693          	slli	a3,a1,0x8
     220:	8dd5                	or	a1,a1,a3
     222:	01059693          	slli	a3,a1,0x10
     226:	8dd5                	or	a1,a1,a3
     228:	b761                	j	1b0 <memset+0x10>
     22a:	00279693          	slli	a3,a5,0x2
     22e:	00000297          	auipc	t0,0x0
     232:	9696                	add	a3,a3,t0
     234:	8286                	mv	t0,ra
     236:	fa8680e7          	jalr	-88(a3)
     23a:	8096                	mv	ra,t0
     23c:	17c1                	addi	a5,a5,-16
     23e:	8f1d                	sub	a4,a4,a5
     240:	963e                	add	a2,a2,a5
     242:	f8c374e3          	bgeu	t1,a2,1ca <memset+0x2a>
     246:	b7a5                	j	1ae <memset+0xe>

00000248 <MQTTSerialize_connectLength>:
     248:	f29ff2ef          	jal	t0,170 <__riscv_save_0>
     24c:	251c                	lbu	a5,8(a0)
     24e:	470d                	li	a4,3
     250:	1141                	addi	sp,sp,-16
     252:	842a                	mv	s0,a0
     254:	44b1                	li	s1,12
     256:	00e78763          	beq	a5,a4,264 <MQTTSerialize_connectLength+0x1c>
     25a:	4711                	li	a4,4
     25c:	4481                	li	s1,0
     25e:	00e79363          	bne	a5,a4,264 <MQTTSerialize_connectLength+0x1c>
     262:	44a9                	li	s1,10
     264:	4631                	li	a2,12
     266:	00c40593          	addi	a1,s0,12
     26a:	850a                	mv	a0,sp
     26c:	78c080ef          	jal	ra,89f8 <memcpy>
     270:	850a                	mv	a0,sp
     272:	2935                	jal	6ae <MQTTstrlen>
     274:	3c3c                	lbu	a5,27(s0)
     276:	0509                	addi	a0,a0,2
     278:	94aa                	add	s1,s1,a0
     27a:	c78d                	beqz	a5,2a4 <MQTTSerialize_connectLength+0x5c>
     27c:	4631                	li	a2,12
     27e:	02440593          	addi	a1,s0,36
     282:	850a                	mv	a0,sp
     284:	774080ef          	jal	ra,89f8 <memcpy>
     288:	850a                	mv	a0,sp
     28a:	2115                	jal	6ae <MQTTstrlen>
     28c:	892a                	mv	s2,a0
     28e:	4631                	li	a2,12
     290:	03040593          	addi	a1,s0,48
     294:	850a                	mv	a0,sp
     296:	762080ef          	jal	ra,89f8 <memcpy>
     29a:	850a                	mv	a0,sp
     29c:	2909                	jal	6ae <MQTTstrlen>
     29e:	954a                	add	a0,a0,s2
     2a0:	0511                	addi	a0,a0,4
     2a2:	94aa                	add	s1,s1,a0
     2a4:	403c                	lw	a5,64(s0)
     2a6:	e399                	bnez	a5,2ac <MQTTSerialize_connectLength+0x64>
     2a8:	443c                	lw	a5,72(s0)
     2aa:	cb99                	beqz	a5,2c0 <MQTTSerialize_connectLength+0x78>
     2ac:	4631                	li	a2,12
     2ae:	04040593          	addi	a1,s0,64
     2b2:	850a                	mv	a0,sp
     2b4:	744080ef          	jal	ra,89f8 <memcpy>
     2b8:	850a                	mv	a0,sp
     2ba:	2ed5                	jal	6ae <MQTTstrlen>
     2bc:	0509                	addi	a0,a0,2
     2be:	94aa                	add	s1,s1,a0
     2c0:	447c                	lw	a5,76(s0)
     2c2:	e399                	bnez	a5,2c8 <MQTTSerialize_connectLength+0x80>
     2c4:	487c                	lw	a5,84(s0)
     2c6:	cb99                	beqz	a5,2dc <MQTTSerialize_connectLength+0x94>
     2c8:	4631                	li	a2,12
     2ca:	04c40593          	addi	a1,s0,76
     2ce:	850a                	mv	a0,sp
     2d0:	728080ef          	jal	ra,89f8 <memcpy>
     2d4:	850a                	mv	a0,sp
     2d6:	2ee1                	jal	6ae <MQTTstrlen>
     2d8:	0509                	addi	a0,a0,2
     2da:	94aa                	add	s1,s1,a0
     2dc:	8526                	mv	a0,s1
     2de:	0141                	addi	sp,sp,16
     2e0:	bd55                	j	194 <__riscv_restore_0>

000002e2 <MQTTSerialize_connect>:
     2e2:	e75ff2ef          	jal	t0,156 <__riscv_save_4>
     2e6:	7179                	addi	sp,sp,-48
     2e8:	d62a                	sw	a0,44(sp)
     2ea:	892a                	mv	s2,a0
     2ec:	8532                	mv	a0,a2
     2ee:	c62e                	sw	a1,12(sp)
     2f0:	84b2                	mv	s1,a2
     2f2:	3f99                	jal	248 <MQTTSerialize_connectLength>
     2f4:	842a                	mv	s0,a0
     2f6:	2471                	jal	582 <MQTTPacket_len>
     2f8:	45b2                	lw	a1,12(sp)
     2fa:	10a5c463          	blt	a1,a0,402 <MQTTSerialize_connect+0x120>
     2fe:	45c1                	li	a1,16
     300:	1068                	addi	a0,sp,44
     302:	24cd                	jal	5e4 <writeChar>
     304:	5532                	lw	a0,44(sp)
     306:	85a2                	mv	a1,s0
     308:	2aed                	jal	502 <MQTTPacket_encode>
     30a:	57b2                	lw	a5,44(sp)
     30c:	2498                	lbu	a4,8(s1)
     30e:	953e                	add	a0,a0,a5
     310:	d62a                	sw	a0,44(sp)
     312:	4791                	li	a5,4
     314:	0cf71f63          	bne	a4,a5,3f2 <MQTTSerialize_connect+0x110>
     318:	0000a5b7          	lui	a1,0xa
     31c:	3e058593          	addi	a1,a1,992 # a3e0 <_read+0x6a>
     320:	1068                	addi	a0,sp,44
     322:	2cc5                	jal	612 <writeCString>
     324:	4591                	li	a1,4
     326:	1068                	addi	a0,sp,44
     328:	2c75                	jal	5e4 <writeChar>
     32a:	2cbc                	lbu	a5,26(s1)
     32c:	3cb8                	lbu	a4,27(s1)
     32e:	8b85                	andi	a5,a5,1
     330:	00e03733          	snez	a4,a4
     334:	070a                	slli	a4,a4,0x2
     336:	0786                	slli	a5,a5,0x1
     338:	8fd9                	or	a5,a5,a4
     33a:	cb19                	beqz	a4,350 <MQTTSerialize_connect+0x6e>
     33c:	03d4c703          	lbu	a4,61(s1)
     340:	8b0d                	andi	a4,a4,3
     342:	070e                	slli	a4,a4,0x3
     344:	8fd9                	or	a5,a5,a4
     346:	03c4c703          	lbu	a4,60(s1)
     34a:	8b05                	andi	a4,a4,1
     34c:	0716                	slli	a4,a4,0x5
     34e:	8fd9                	or	a5,a5,a4
     350:	40b8                	lw	a4,64(s1)
     352:	e319                	bnez	a4,358 <MQTTSerialize_connect+0x76>
     354:	44b8                	lw	a4,72(s1)
     356:	c319                	beqz	a4,35c <MQTTSerialize_connect+0x7a>
     358:	0807e793          	ori	a5,a5,128
     35c:	44f8                	lw	a4,76(s1)
     35e:	e319                	bnez	a4,364 <MQTTSerialize_connect+0x82>
     360:	48f8                	lw	a4,84(s1)
     362:	c319                	beqz	a4,368 <MQTTSerialize_connect+0x86>
     364:	0407e793          	ori	a5,a5,64
     368:	0ff7f413          	andi	s0,a5,255
     36c:	01841993          	slli	s3,s0,0x18
     370:	4189d993          	srai	s3,s3,0x18
     374:	85ce                	mv	a1,s3
     376:	1068                	addi	a0,sp,44
     378:	24b5                	jal	5e4 <writeChar>
     37a:	2c8e                	lhu	a1,24(s1)
     37c:	1068                	addi	a0,sp,44
     37e:	2c8d                	jal	5f0 <writeInt>
     380:	4631                	li	a2,12
     382:	00c48593          	addi	a1,s1,12
     386:	0808                	addi	a0,sp,16
     388:	670080ef          	jal	ra,89f8 <memcpy>
     38c:	080c                	addi	a1,sp,16
     38e:	1068                	addi	a0,sp,44
     390:	246d                	jal	63a <writeMQTTString>
     392:	3cbc                	lbu	a5,27(s1)
     394:	c39d                	beqz	a5,3ba <MQTTSerialize_connect+0xd8>
     396:	4631                	li	a2,12
     398:	02448593          	addi	a1,s1,36
     39c:	0808                	addi	a0,sp,16
     39e:	65a080ef          	jal	ra,89f8 <memcpy>
     3a2:	080c                	addi	a1,sp,16
     3a4:	1068                	addi	a0,sp,44
     3a6:	2c51                	jal	63a <writeMQTTString>
     3a8:	03048593          	addi	a1,s1,48
     3ac:	4631                	li	a2,12
     3ae:	0808                	addi	a0,sp,16
     3b0:	648080ef          	jal	ra,89f8 <memcpy>
     3b4:	080c                	addi	a1,sp,16
     3b6:	1068                	addi	a0,sp,44
     3b8:	2449                	jal	63a <writeMQTTString>
     3ba:	0009db63          	bgez	s3,3d0 <MQTTSerialize_connect+0xee>
     3be:	04048593          	addi	a1,s1,64
     3c2:	4631                	li	a2,12
     3c4:	0808                	addi	a0,sp,16
     3c6:	632080ef          	jal	ra,89f8 <memcpy>
     3ca:	080c                	addi	a1,sp,16
     3cc:	1068                	addi	a0,sp,44
     3ce:	24b5                	jal	63a <writeMQTTString>
     3d0:	04047793          	andi	a5,s0,64
     3d4:	cb91                	beqz	a5,3e8 <MQTTSerialize_connect+0x106>
     3d6:	04c48593          	addi	a1,s1,76
     3da:	4631                	li	a2,12
     3dc:	0808                	addi	a0,sp,16
     3de:	61a080ef          	jal	ra,89f8 <memcpy>
     3e2:	080c                	addi	a1,sp,16
     3e4:	1068                	addi	a0,sp,44
     3e6:	2c91                	jal	63a <writeMQTTString>
     3e8:	5532                	lw	a0,44(sp)
     3ea:	41250533          	sub	a0,a0,s2
     3ee:	6145                	addi	sp,sp,48
     3f0:	bb69                	j	18a <__riscv_restore_4>
     3f2:	0000a5b7          	lui	a1,0xa
     3f6:	3e858593          	addi	a1,a1,1000 # a3e8 <_read+0x72>
     3fa:	1068                	addi	a0,sp,44
     3fc:	2c19                	jal	612 <writeCString>
     3fe:	458d                	li	a1,3
     400:	b71d                	j	326 <MQTTSerialize_connect+0x44>
     402:	5579                	li	a0,-2
     404:	b7ed                	j	3ee <MQTTSerialize_connect+0x10c>

00000406 <MQTTSerialize_zero>:
     406:	d6bff2ef          	jal	t0,170 <__riscv_save_0>
     40a:	1141                	addi	sp,sp,-16
     40c:	c62a                	sw	a0,12(sp)
     40e:	4785                	li	a5,1
     410:	02b7d263          	bge	a5,a1,434 <MQTTSerialize_zero+0x2e>
     414:	8a3d                	andi	a2,a2,15
     416:	00461593          	slli	a1,a2,0x4
     41a:	05e2                	slli	a1,a1,0x18
     41c:	842a                	mv	s0,a0
     41e:	85e1                	srai	a1,a1,0x18
     420:	0068                	addi	a0,sp,12
     422:	22c9                	jal	5e4 <writeChar>
     424:	4532                	lw	a0,12(sp)
     426:	4581                	li	a1,0
     428:	28e9                	jal	502 <MQTTPacket_encode>
     42a:	47b2                	lw	a5,12(sp)
     42c:	953e                	add	a0,a0,a5
     42e:	8d01                	sub	a0,a0,s0
     430:	0141                	addi	sp,sp,16
     432:	b38d                	j	194 <__riscv_restore_0>
     434:	5579                	li	a0,-2
     436:	bfed                	j	430 <MQTTSerialize_zero+0x2a>

00000438 <MQTTSerialize_pingreq>:
     438:	d39ff2ef          	jal	t0,170 <__riscv_save_0>
     43c:	4631                	li	a2,12
     43e:	37e1                	jal	406 <MQTTSerialize_zero>
     440:	bb91                	j	194 <__riscv_restore_0>

00000442 <MQTTDeserialize_publish>:
     442:	d15ff2ef          	jal	t0,156 <__riscv_save_4>
     446:	1101                	addi	sp,sp,-32
     448:	842a                	mv	s0,a0
     44a:	0828                	addi	a0,sp,24
     44c:	c632                	sw	a2,12(sp)
     44e:	8b3a                	mv	s6,a4
     450:	89be                	mv	s3,a5
     452:	892e                	mv	s2,a1
     454:	8ab6                	mv	s5,a3
     456:	8a42                	mv	s4,a6
     458:	cc46                	sw	a7,24(sp)
     45a:	ce02                	sw	zero,28(sp)
     45c:	2aad                	jal	5d6 <readChar>
     45e:	0ff57513          	andi	a0,a0,255
     462:	0f057713          	andi	a4,a0,240
     466:	03000793          	li	a5,48
     46a:	4632                	lw	a2,12(sp)
     46c:	4481                	li	s1,0
     46e:	04f71f63          	bne	a4,a5,4cc <MQTTDeserialize_publish+0x8a>
     472:	00355793          	srli	a5,a0,0x3
     476:	8b85                	andi	a5,a5,1
     478:	a01c                	sb	a5,0(s0)
     47a:	00155793          	srli	a5,a0,0x1
     47e:	8b8d                	andi	a5,a5,3
     480:	00f92023          	sw	a5,0(s2)
     484:	8905                	andi	a0,a0,1
     486:	a208                	sb	a0,0(a2)
     488:	4562                	lw	a0,24(sp)
     48a:	086c                	addi	a1,sp,28
     48c:	2215                	jal	5b0 <MQTTPacket_decodeBuf>
     48e:	4462                	lw	s0,24(sp)
     490:	47f2                	lw	a5,28(sp)
     492:	84aa                	mv	s1,a0
     494:	942a                	add	s0,s0,a0
     496:	cc22                	sw	s0,24(sp)
     498:	943e                	add	s0,s0,a5
     49a:	8622                	mv	a2,s0
     49c:	082c                	addi	a1,sp,24
     49e:	855a                	mv	a0,s6
     4a0:	2ac9                	jal	672 <readMQTTLenString>
     4a2:	c50d                	beqz	a0,4cc <MQTTDeserialize_publish+0x8a>
     4a4:	47e2                	lw	a5,24(sp)
     4a6:	40f407b3          	sub	a5,s0,a5
     4aa:	0207c163          	bltz	a5,4cc <MQTTDeserialize_publish+0x8a>
     4ae:	00092783          	lw	a5,0(s2)
     4b2:	00f05663          	blez	a5,4be <MQTTDeserialize_publish+0x7c>
     4b6:	0828                	addi	a0,sp,24
     4b8:	2231                	jal	5c4 <readInt>
     4ba:	00aa9023          	sh	a0,0(s5)
     4be:	47e2                	lw	a5,24(sp)
     4c0:	4485                	li	s1,1
     4c2:	8c1d                	sub	s0,s0,a5
     4c4:	008a2023          	sw	s0,0(s4)
     4c8:	00f9a023          	sw	a5,0(s3)
     4cc:	8526                	mv	a0,s1
     4ce:	6105                	addi	sp,sp,32
     4d0:	b96d                	j	18a <__riscv_restore_4>

000004d2 <bufchar>:
     4d2:	8681a703          	lw	a4,-1944(gp) # 20000248 <_edata>
     4d6:	4601                	li	a2,0
     4d8:	4681                	li	a3,0
     4da:	86818793          	addi	a5,gp,-1944 # 20000248 <_edata>
     4de:	00b6cb63          	blt	a3,a1,4f4 <bufchar+0x22>
     4e2:	86ae                	mv	a3,a1
     4e4:	0005d363          	bgez	a1,4ea <bufchar+0x18>
     4e8:	4681                	li	a3,0
     4ea:	9736                	add	a4,a4,a3
     4ec:	c211                	beqz	a2,4f0 <bufchar+0x1e>
     4ee:	c398                	sw	a4,0(a5)
     4f0:	852e                	mv	a0,a1
     4f2:	8082                	ret
     4f4:	00d70633          	add	a2,a4,a3
     4f8:	2210                	lbu	a2,0(a2)
     4fa:	0685                	addi	a3,a3,1
     4fc:	a110                	sb	a2,0(a0)
     4fe:	4605                	li	a2,1
     500:	bff9                	j	4de <bufchar+0xc>

00000502 <MQTTPacket_encode>:
     502:	4701                	li	a4,0
     504:	08000613          	li	a2,128
     508:	07f00693          	li	a3,127
     50c:	02c5e7b3          	rem	a5,a1,a2
     510:	07e2                	slli	a5,a5,0x18
     512:	87e1                	srai	a5,a5,0x18
     514:	02c5c8b3          	div	a7,a1,a2
     518:	00b6d463          	bge	a3,a1,520 <MQTTPacket_encode+0x1e>
     51c:	f807e793          	ori	a5,a5,-128
     520:	0705                	addi	a4,a4,1
     522:	00e50833          	add	a6,a0,a4
     526:	fef80fa3          	sb	a5,-1(a6)
     52a:	00b6c463          	blt	a3,a1,532 <MQTTPacket_encode+0x30>
     52e:	853a                	mv	a0,a4
     530:	8082                	ret
     532:	85c6                	mv	a1,a7
     534:	bfe1                	j	50c <MQTTPacket_encode+0xa>

00000536 <MQTTPacket_decode>:
     536:	c21ff2ef          	jal	t0,156 <__riscv_save_4>
     53a:	1141                	addi	sp,sp,-16
     53c:	89aa                	mv	s3,a0
     53e:	892e                	mv	s2,a1
     540:	0005a023          	sw	zero,0(a1)
     544:	4401                	li	s0,0
     546:	4485                	li	s1,1
     548:	4a15                	li	s4,5
     54a:	0405                	addi	s0,s0,1
     54c:	03440863          	beq	s0,s4,57c <MQTTPacket_decode+0x46>
     550:	4585                	li	a1,1
     552:	00f10513          	addi	a0,sp,15
     556:	9982                	jalr	s3
     558:	4785                	li	a5,1
     55a:	02f51163          	bne	a0,a5,57c <MQTTPacket_decode+0x46>
     55e:	879c                	lbu	a5,15(sp)
     560:	07f7f713          	andi	a4,a5,127
     564:	029706b3          	mul	a3,a4,s1
     568:	00092703          	lw	a4,0(s2)
     56c:	07e2                	slli	a5,a5,0x18
     56e:	87e1                	srai	a5,a5,0x18
     570:	049e                	slli	s1,s1,0x7
     572:	9736                	add	a4,a4,a3
     574:	00e92023          	sw	a4,0(s2)
     578:	fc07c9e3          	bltz	a5,54a <MQTTPacket_decode+0x14>
     57c:	8522                	mv	a0,s0
     57e:	0141                	addi	sp,sp,16
     580:	b129                	j	18a <__riscv_restore_4>

00000582 <MQTTPacket_len>:
     582:	00150693          	addi	a3,a0,1
     586:	07f00713          	li	a4,127
     58a:	87aa                	mv	a5,a0
     58c:	00d74463          	blt	a4,a3,594 <MQTTPacket_len+0x12>
     590:	0509                	addi	a0,a0,2
     592:	8082                	ret
     594:	6711                	lui	a4,0x4
     596:	00e6d463          	bge	a3,a4,59e <MQTTPacket_len+0x1c>
     59a:	050d                	addi	a0,a0,3
     59c:	8082                	ret
     59e:	00200737          	lui	a4,0x200
     5a2:	1779                	addi	a4,a4,-2
     5a4:	0515                	addi	a0,a0,5
     5a6:	00d74463          	blt	a4,a3,5ae <MQTTPacket_len+0x2c>
     5aa:	00478513          	addi	a0,a5,4
     5ae:	8082                	ret

000005b0 <MQTTPacket_decodeBuf>:
     5b0:	bc1ff2ef          	jal	t0,170 <__riscv_save_0>
     5b4:	86a1a423          	sw	a0,-1944(gp) # 20000248 <_edata>
     5b8:	00000537          	lui	a0,0x0
     5bc:	4d250513          	addi	a0,a0,1234 # 4d2 <bufchar>
     5c0:	3f9d                	jal	536 <MQTTPacket_decode>
     5c2:	bec9                	j	194 <__riscv_restore_0>

000005c4 <readInt>:
     5c4:	411c                	lw	a5,0(a0)
     5c6:	2398                	lbu	a4,0(a5)
     5c8:	3394                	lbu	a3,1(a5)
     5ca:	0789                	addi	a5,a5,2
     5cc:	0722                	slli	a4,a4,0x8
     5ce:	c11c                	sw	a5,0(a0)
     5d0:	00d70533          	add	a0,a4,a3
     5d4:	8082                	ret

000005d6 <readChar>:
     5d6:	411c                	lw	a5,0(a0)
     5d8:	872a                	mv	a4,a0
     5da:	0785                	addi	a5,a5,1
     5dc:	fff78503          	lb	a0,-1(a5)
     5e0:	c31c                	sw	a5,0(a4)
     5e2:	8082                	ret

000005e4 <writeChar>:
     5e4:	411c                	lw	a5,0(a0)
     5e6:	a38c                	sb	a1,0(a5)
     5e8:	411c                	lw	a5,0(a0)
     5ea:	0785                	addi	a5,a5,1
     5ec:	c11c                	sw	a5,0(a0)
     5ee:	8082                	ret

000005f0 <writeInt>:
     5f0:	10000713          	li	a4,256
     5f4:	02e5c6b3          	div	a3,a1,a4
     5f8:	411c                	lw	a5,0(a0)
     5fa:	02e5e5b3          	rem	a1,a1,a4
     5fe:	a394                	sb	a3,0(a5)
     600:	411c                	lw	a5,0(a0)
     602:	00178693          	addi	a3,a5,1
     606:	c114                	sw	a3,0(a0)
     608:	b38c                	sb	a1,1(a5)
     60a:	411c                	lw	a5,0(a0)
     60c:	0785                	addi	a5,a5,1
     60e:	c11c                	sw	a5,0(a0)
     610:	8082                	ret

00000612 <writeCString>:
     612:	b5fff2ef          	jal	t0,170 <__riscv_save_0>
     616:	842a                	mv	s0,a0
     618:	852e                	mv	a0,a1
     61a:	892e                	mv	s2,a1
     61c:	67a080ef          	jal	ra,8c96 <strlen>
     620:	84aa                	mv	s1,a0
     622:	85aa                	mv	a1,a0
     624:	8522                	mv	a0,s0
     626:	37e9                	jal	5f0 <writeInt>
     628:	4008                	lw	a0,0(s0)
     62a:	8626                	mv	a2,s1
     62c:	85ca                	mv	a1,s2
     62e:	3ca080ef          	jal	ra,89f8 <memcpy>
     632:	4008                	lw	a0,0(s0)
     634:	9526                	add	a0,a0,s1
     636:	c008                	sw	a0,0(s0)
     638:	beb1                	j	194 <__riscv_restore_0>

0000063a <writeMQTTString>:
     63a:	b37ff2ef          	jal	t0,170 <__riscv_save_0>
     63e:	41c0                	lw	s0,4(a1)
     640:	84ae                	mv	s1,a1
     642:	02805163          	blez	s0,664 <writeMQTTString+0x2a>
     646:	85a2                	mv	a1,s0
     648:	892a                	mv	s2,a0
     64a:	375d                	jal	5f0 <writeInt>
     64c:	448c                	lw	a1,8(s1)
     64e:	00092503          	lw	a0,0(s2)
     652:	8622                	mv	a2,s0
     654:	3a4080ef          	jal	ra,89f8 <memcpy>
     658:	00092783          	lw	a5,0(s2)
     65c:	943e                	add	s0,s0,a5
     65e:	00892023          	sw	s0,0(s2)
     662:	be0d                	j	194 <__riscv_restore_0>
     664:	418c                	lw	a1,0(a1)
     666:	c199                	beqz	a1,66c <writeMQTTString+0x32>
     668:	376d                	jal	612 <writeCString>
     66a:	bfe5                	j	662 <writeMQTTString+0x28>
     66c:	4581                	li	a1,0
     66e:	3749                	jal	5f0 <writeInt>
     670:	bfcd                	j	662 <writeMQTTString+0x28>

00000672 <readMQTTLenString>:
     672:	affff2ef          	jal	t0,170 <__riscv_save_0>
     676:	419c                	lw	a5,0(a1)
     678:	4705                	li	a4,1
     67a:	1141                	addi	sp,sp,-16
     67c:	40f607b3          	sub	a5,a2,a5
     680:	842a                	mv	s0,a0
     682:	00f74763          	blt	a4,a5,690 <readMQTTLenString+0x1e>
     686:	4501                	li	a0,0
     688:	00042023          	sw	zero,0(s0)
     68c:	0141                	addi	sp,sp,16
     68e:	b619                	j	194 <__riscv_restore_0>
     690:	852e                	mv	a0,a1
     692:	c632                	sw	a2,12(sp)
     694:	c42e                	sw	a1,8(sp)
     696:	373d                	jal	5c4 <readInt>
     698:	45a2                	lw	a1,8(sp)
     69a:	4632                	lw	a2,12(sp)
     69c:	c048                	sw	a0,4(s0)
     69e:	419c                	lw	a5,0(a1)
     6a0:	953e                	add	a0,a0,a5
     6a2:	fea662e3          	bltu	a2,a0,686 <readMQTTLenString+0x14>
     6a6:	c41c                	sw	a5,8(s0)
     6a8:	c188                	sw	a0,0(a1)
     6aa:	4505                	li	a0,1
     6ac:	bff1                	j	688 <readMQTTLenString+0x16>

000006ae <MQTTstrlen>:
     6ae:	87aa                	mv	a5,a0
     6b0:	4108                	lw	a0,0(a0)
     6b2:	c511                	beqz	a0,6be <MQTTstrlen+0x10>
     6b4:	abdff2ef          	jal	t0,170 <__riscv_save_0>
     6b8:	5de080ef          	jal	ra,8c96 <strlen>
     6bc:	bce1                	j	194 <__riscv_restore_0>
     6be:	43c8                	lw	a0,4(a5)
     6c0:	8082                	ret

000006c2 <MQTTSerialize_subscribeLength>:
     6c2:	a95ff2ef          	jal	t0,156 <__riscv_save_4>
     6c6:	1141                	addi	sp,sp,-16
     6c8:	892a                	mv	s2,a0
     6ca:	89ae                	mv	s3,a1
     6cc:	4489                	li	s1,2
     6ce:	4401                	li	s0,0
     6d0:	4a31                	li	s4,12
     6d2:	01244563          	blt	s0,s2,6dc <MQTTSerialize_subscribeLength+0x1a>
     6d6:	8526                	mv	a0,s1
     6d8:	0141                	addi	sp,sp,16
     6da:	bc45                	j	18a <__riscv_restore_4>
     6dc:	034405b3          	mul	a1,s0,s4
     6e0:	4631                	li	a2,12
     6e2:	850a                	mv	a0,sp
     6e4:	0405                	addi	s0,s0,1
     6e6:	95ce                	add	a1,a1,s3
     6e8:	310080ef          	jal	ra,89f8 <memcpy>
     6ec:	850a                	mv	a0,sp
     6ee:	37c1                	jal	6ae <MQTTstrlen>
     6f0:	050d                	addi	a0,a0,3
     6f2:	94aa                	add	s1,s1,a0
     6f4:	bff9                	j	6d2 <MQTTSerialize_subscribeLength+0x10>

000006f6 <MQTTSerialize_subscribe>:
     6f6:	a61ff2ef          	jal	t0,156 <__riscv_save_4>
     6fa:	7179                	addi	sp,sp,-48
     6fc:	8b2e                	mv	s6,a1
     6fe:	d62a                	sw	a0,44(sp)
     700:	84aa                	mv	s1,a0
     702:	85be                	mv	a1,a5
     704:	853a                	mv	a0,a4
     706:	c632                	sw	a2,12(sp)
     708:	8436                	mv	s0,a3
     70a:	893a                	mv	s2,a4
     70c:	89be                	mv	s3,a5
     70e:	8a42                	mv	s4,a6
     710:	3f4d                	jal	6c2 <MQTTSerialize_subscribeLength>
     712:	8aaa                	mv	s5,a0
     714:	35bd                	jal	582 <MQTTPacket_len>
     716:	06ab4063          	blt	s6,a0,776 <MQTTSerialize_subscribe+0x80>
     71a:	4632                	lw	a2,12(sp)
     71c:	1068                	addi	a0,sp,44
     71e:	00167593          	andi	a1,a2,1
     722:	058e                	slli	a1,a1,0x3
     724:	0825e593          	ori	a1,a1,130
     728:	05e2                	slli	a1,a1,0x18
     72a:	85e1                	srai	a1,a1,0x18
     72c:	3d65                	jal	5e4 <writeChar>
     72e:	5532                	lw	a0,44(sp)
     730:	85d6                	mv	a1,s5
     732:	4ab1                	li	s5,12
     734:	33f9                	jal	502 <MQTTPacket_encode>
     736:	57b2                	lw	a5,44(sp)
     738:	85a2                	mv	a1,s0
     73a:	4401                	li	s0,0
     73c:	953e                	add	a0,a0,a5
     73e:	d62a                	sw	a0,44(sp)
     740:	1068                	addi	a0,sp,44
     742:	357d                	jal	5f0 <writeInt>
     744:	01244663          	blt	s0,s2,750 <MQTTSerialize_subscribe+0x5a>
     748:	5532                	lw	a0,44(sp)
     74a:	8d05                	sub	a0,a0,s1
     74c:	6145                	addi	sp,sp,48
     74e:	bc35                	j	18a <__riscv_restore_4>
     750:	035405b3          	mul	a1,s0,s5
     754:	4631                	li	a2,12
     756:	0808                	addi	a0,sp,16
     758:	95ce                	add	a1,a1,s3
     75a:	29e080ef          	jal	ra,89f8 <memcpy>
     75e:	080c                	addi	a1,sp,16
     760:	1068                	addi	a0,sp,44
     762:	3de1                	jal	63a <writeMQTTString>
     764:	00241793          	slli	a5,s0,0x2
     768:	97d2                	add	a5,a5,s4
     76a:	00078583          	lb	a1,0(a5)
     76e:	1068                	addi	a0,sp,44
     770:	0405                	addi	s0,s0,1
     772:	3d8d                	jal	5e4 <writeChar>
     774:	bfc1                	j	744 <MQTTSerialize_subscribe+0x4e>
     776:	5579                	li	a0,-2
     778:	bfd1                	j	74c <MQTTSerialize_subscribe+0x56>

0000077a <MCU_GPIO_Init>:
     77a:	9cfff2ef          	jal	t0,148 <__riscv_save_10>
     77e:	1101                	addi	sp,sp,-32
     780:	4585                	li	a1,1
     782:	4505                	li	a0,1
     784:	c202                	sw	zero,4(sp)
     786:	c402                	sw	zero,8(sp)
     788:	c602                	sw	zero,12(sp)
     78a:	c802                	sw	zero,16(sp)
     78c:	ca02                	sw	zero,20(sp)
     78e:	cc02                	sw	zero,24(sp)
     790:	ce02                	sw	zero,28(sp)
     792:	5df000ef          	jal	ra,1570 <RCC_APB2PeriphClockCmd>
     796:	4585                	li	a1,1
     798:	03c00513          	li	a0,60
     79c:	5d5000ef          	jal	ra,1570 <RCC_APB2PeriphClockCmd>
     7a0:	4585                	li	a1,1
     7a2:	00400537          	lui	a0,0x400
     7a6:	5e9000ef          	jal	ra,158e <RCC_APB1PeriphClockCmd>
     7aa:	4585                	li	a1,1
     7ac:	20000513          	li	a0,512
     7b0:	5c1000ef          	jal	ra,1570 <RCC_APB2PeriphClockCmd>
     7b4:	6531                	lui	a0,0xc
     7b6:	4cb000ef          	jal	ra,1480 <RCC_ADCCLKConfig>
     7ba:	440d                	li	s0,3
     7bc:	49c1                	li	s3,16
     7be:	47a1                	li	a5,8
     7c0:	004c                	addi	a1,sp,4
     7c2:	40011537          	lui	a0,0x40011
     7c6:	400114b7          	lui	s1,0x40011
     7ca:	827c                	sh	a5,4(sp)
     7cc:	c64e                	sw	s3,12(sp)
     7ce:	c422                	sw	s0,8(sp)
     7d0:	285000ef          	jal	ra,1254 <GPIO_Init>
     7d4:	08000793          	li	a5,128
     7d8:	004c                	addi	a1,sp,4
     7da:	80048513          	addi	a0,s1,-2048 # 40010800 <_eusrstack+0x20000800>
     7de:	827c                	sh	a5,4(sp)
     7e0:	c64e                	sw	s3,12(sp)
     7e2:	c422                	sw	s0,8(sp)
     7e4:	6b05                	lui	s6,0x1
     7e6:	26f000ef          	jal	ra,1254 <GPIO_Init>
     7ea:	002b0793          	addi	a5,s6,2 # 1002 <main+0x220>
     7ee:	004c                	addi	a1,sp,4
     7f0:	c0048513          	addi	a0,s1,-1024
     7f4:	827c                	sh	a5,4(sp)
     7f6:	c64e                	sw	s3,12(sp)
     7f8:	c422                	sw	s0,8(sp)
     7fa:	25b000ef          	jal	ra,1254 <GPIO_Init>
     7fe:	04800913          	li	s2,72
     802:	7be1                	lui	s7,0xffff8
     804:	004c                	addi	a1,sp,4
     806:	80048513          	addi	a0,s1,-2048
     80a:	01711223          	sh	s7,4(sp)
     80e:	c64a                	sw	s2,12(sp)
     810:	c422                	sw	s0,8(sp)
     812:	243000ef          	jal	ra,1254 <GPIO_Init>
     816:	8084a583          	lw	a1,-2040(s1)
     81a:	0000a537          	lui	a0,0xa
     81e:	3f050513          	addi	a0,a0,1008 # a3f0 <_read+0x7a>
     822:	0175f5b3          	and	a1,a1,s7
     826:	05c2                	slli	a1,a1,0x10
     828:	81c1                	srli	a1,a1,0x10
     82a:	280080ef          	jal	ra,8aaa <iprintf>
     82e:	03800793          	li	a5,56
     832:	004c                	addi	a1,sp,4
     834:	c0048513          	addi	a0,s1,-1024
     838:	827c                	sh	a5,4(sp)
     83a:	c64a                	sw	s2,12(sp)
     83c:	c422                	sw	s0,8(sp)
     83e:	6a89                	lui	s5,0x2
     840:	215000ef          	jal	ra,1254 <GPIO_Init>
     844:	c00a8793          	addi	a5,s5,-1024 # 1c00 <ETH_LinkUpCfg+0x24>
     848:	004c                	addi	a1,sp,4
     84a:	40011537          	lui	a0,0x40011
     84e:	827c                	sh	a5,4(sp)
     850:	c64a                	sw	s2,12(sp)
     852:	c422                	sw	s0,8(sp)
     854:	201000ef          	jal	ra,1254 <GPIO_Init>
     858:	4c11                	li	s8,4
     85a:	004c                	addi	a1,sp,4
     85c:	40048513          	addi	a0,s1,1024
     860:	80048a13          	addi	s4,s1,-2048
     864:	01811223          	sh	s8,4(sp)
     868:	c64a                	sw	s2,12(sp)
     86a:	c422                	sw	s0,8(sp)
     86c:	1e9000ef          	jal	ra,1254 <GPIO_Init>
     870:	004c                	addi	a1,sp,4
     872:	8552                	mv	a0,s4
     874:	8260                	sh	s0,4(sp)
     876:	c64a                	sw	s2,12(sp)
     878:	c422                	sw	s0,8(sp)
     87a:	1db000ef          	jal	ra,1254 <GPIO_Init>
     87e:	004c                	addi	a1,sp,4
     880:	c0048513          	addi	a0,s1,-1024
     884:	01811223          	sh	s8,4(sp)
     888:	c64a                	sw	s2,12(sp)
     88a:	c422                	sw	s0,8(sp)
     88c:	1c9000ef          	jal	ra,1254 <GPIO_Init>
     890:	77f9                	lui	a5,0xffffe
     892:	004c                	addi	a1,sp,4
     894:	40011537          	lui	a0,0x40011
     898:	827c                	sh	a5,4(sp)
     89a:	c64a                	sw	s2,12(sp)
     89c:	c422                	sw	s0,8(sp)
     89e:	1b7000ef          	jal	ra,1254 <GPIO_Init>
     8a2:	e00a8793          	addi	a5,s5,-512
     8a6:	004c                	addi	a1,sp,4
     8a8:	8552                	mv	a0,s4
     8aa:	827c                	sh	a5,4(sp)
     8ac:	c64a                	sw	s2,12(sp)
     8ae:	c422                	sw	s0,8(sp)
     8b0:	1a5000ef          	jal	ra,1254 <GPIO_Init>
     8b4:	004c                	addi	a1,sp,4
     8b6:	8552                	mv	a0,s4
     8b8:	01311223          	sh	s3,4(sp)
     8bc:	c64a                	sw	s2,12(sp)
     8be:	c422                	sw	s0,8(sp)
     8c0:	195000ef          	jal	ra,1254 <GPIO_Init>
     8c4:	47c5                	li	a5,17
     8c6:	004c                	addi	a1,sp,4
     8c8:	40011537          	lui	a0,0x40011
     8cc:	827c                	sh	a5,4(sp)
     8ce:	c64a                	sw	s2,12(sp)
     8d0:	c422                	sw	s0,8(sp)
     8d2:	183000ef          	jal	ra,1254 <GPIO_Init>
     8d6:	004c                	addi	a1,sp,4
     8d8:	c0048513          	addi	a0,s1,-1024
     8dc:	01711223          	sh	s7,4(sp)
     8e0:	c64a                	sw	s2,12(sp)
     8e2:	c422                	sw	s0,8(sp)
     8e4:	171000ef          	jal	ra,1254 <GPIO_Init>
     8e8:	02000793          	li	a5,32
     8ec:	004c                	addi	a1,sp,4
     8ee:	8552                	mv	a0,s4
     8f0:	827c                	sh	a5,4(sp)
     8f2:	c64e                	sw	s3,12(sp)
     8f4:	c422                	sw	s0,8(sp)
     8f6:	15f000ef          	jal	ra,1254 <GPIO_Init>
     8fa:	4789                	li	a5,2
     8fc:	004c                	addi	a1,sp,4
     8fe:	40011537          	lui	a0,0x40011
     902:	827c                	sh	a5,4(sp)
     904:	c64e                	sw	s3,12(sp)
     906:	c422                	sw	s0,8(sp)
     908:	6911                	lui	s2,0x4
     90a:	14b000ef          	jal	ra,1254 <GPIO_Init>
     90e:	02090793          	addi	a5,s2,32 # 4020 <ip_output_if+0xc8>
     912:	004c                	addi	a1,sp,4
     914:	c0048513          	addi	a0,s1,-1024
     918:	827c                	sh	a5,4(sp)
     91a:	c64e                	sw	s3,12(sp)
     91c:	c422                	sw	s0,8(sp)
     91e:	137000ef          	jal	ra,1254 <GPIO_Init>
     922:	47f1                	li	a5,28
     924:	004c                	addi	a1,sp,4
     926:	c0048513          	addi	a0,s1,-1024
     92a:	c00b0b13          	addi	s6,s6,-1024
     92e:	01611223          	sh	s6,4(sp)
     932:	c63e                	sw	a5,12(sp)
     934:	c422                	sw	s0,8(sp)
     936:	11f000ef          	jal	ra,1254 <GPIO_Init>
     93a:	67e1                	lui	a5,0x18
     93c:	6a078793          	addi	a5,a5,1696 # 186a0 <_data_lma+0xde50>
     940:	c83e                	sw	a5,16(sp)
     942:	bfff07b7          	lui	a5,0xbfff0
     946:	ca3e                	sw	a5,20(sp)
     948:	01211e23          	sh	s2,28(sp)
     94c:	040007b7          	lui	a5,0x4000
     950:	40006937          	lui	s2,0x40006
     954:	0789                	addi	a5,a5,2
     956:	080c                	addi	a1,sp,16
     958:	80090513          	addi	a0,s2,-2048 # 40005800 <_eusrstack+0x1fff5800>
     95c:	cc3e                	sw	a5,24(sp)
     95e:	1bf000ef          	jal	ra,131c <I2C_Init>
     962:	80090513          	addi	a0,s2,-2048
     966:	4585                	li	a1,1
     968:	2ad000ef          	jal	ra,1414 <I2C_Cmd>
     96c:	8552                	mv	a0,s4
     96e:	08000593          	li	a1,128
     972:	1a3000ef          	jal	ra,1314 <GPIO_SetBits>
     976:	45a1                	li	a1,8
     978:	40011537          	lui	a0,0x40011
     97c:	199000ef          	jal	ra,1314 <GPIO_SetBits>
     980:	6585                	lui	a1,0x1
     982:	c0048513          	addi	a0,s1,-1024
     986:	0589                	addi	a1,a1,2
     988:	18d000ef          	jal	ra,1314 <GPIO_SetBits>
     98c:	30000793          	li	a5,768
     990:	004c                	addi	a1,sp,4
     992:	c0048513          	addi	a0,s1,-1024
     996:	827c                	sh	a5,4(sp)
     998:	c64e                	sw	s3,12(sp)
     99a:	c422                	sw	s0,8(sp)
     99c:	0b9000ef          	jal	ra,1254 <GPIO_Init>
     9a0:	c0048513          	addi	a0,s1,-1024
     9a4:	30000593          	li	a1,768
     9a8:	171000ef          	jal	ra,1318 <GPIO_ResetBits>
     9ac:	04000793          	li	a5,64
     9b0:	4911                	li	s2,4
     9b2:	004c                	addi	a1,sp,4
     9b4:	8552                	mv	a0,s4
     9b6:	827c                	sh	a5,4(sp)
     9b8:	c64a                	sw	s2,12(sp)
     9ba:	c422                	sw	s0,8(sp)
     9bc:	099000ef          	jal	ra,1254 <GPIO_Init>
     9c0:	004c                	addi	a1,sp,4
     9c2:	40011537          	lui	a0,0x40011
     9c6:	01211223          	sh	s2,4(sp)
     9ca:	c64a                	sw	s2,12(sp)
     9cc:	c422                	sw	s0,8(sp)
     9ce:	087000ef          	jal	ra,1254 <GPIO_Init>
     9d2:	004c                	addi	a1,sp,4
     9d4:	0a85                	addi	s5,s5,1
     9d6:	c0048513          	addi	a0,s1,-1024
     9da:	01511223          	sh	s5,4(sp)
     9de:	c64a                	sw	s2,12(sp)
     9e0:	c422                	sw	s0,8(sp)
     9e2:	073000ef          	jal	ra,1254 <GPIO_Init>
     9e6:	6105                	addi	sp,sp,32
     9e8:	f98ff06f          	j	180 <__riscv_restore_10>

000009ec <mStopIfError>:
     9ec:	cd01                	beqz	a0,a04 <mStopIfError+0x18>
     9ee:	f82ff2ef          	jal	t0,170 <__riscv_save_0>
     9f2:	85aa                	mv	a1,a0
     9f4:	0000a537          	lui	a0,0xa
     9f8:	4a850513          	addi	a0,a0,1192 # a4a8 <_read+0x132>
     9fc:	0ae080ef          	jal	ra,8aaa <iprintf>
     a00:	f94ff06f          	j	194 <__riscv_restore_0>
     a04:	8082                	ret

00000a06 <WCHNET_CreateUdpSocket>:
     a06:	f6aff2ef          	jal	t0,170 <__riscv_save_0>
     a0a:	7139                	addi	sp,sp,-64
     a0c:	03c00613          	li	a2,60
     a10:	4581                	li	a1,0
     a12:	0048                	addi	a0,sp,4
     a14:	f8cff0ef          	jal	ra,1a0 <memset>
     a18:	200007b7          	lui	a5,0x20000
     a1c:	1e07a783          	lw	a5,480(a5) # 200001e0 <DESIP>
     a20:	81718493          	addi	s1,gp,-2025 # 200001f7 <SocketId_UDP>
     a24:	d83e                	sw	a5,48(sp)
     a26:	3e800793          	li	a5,1000
     a2a:	d43e                	sw	a5,40(sp)
     a2c:	7d000793          	li	a5,2000
     a30:	d63e                	sw	a5,44(sp)
     a32:	4789                	li	a5,2
     a34:	d03e                	sw	a5,32(sp)
     a36:	200007b7          	lui	a5,0x20000
     a3a:	33078793          	addi	a5,a5,816 # 20000330 <SocketRecvBuf>
     a3e:	c63e                	sw	a5,12(sp)
     a40:	004c                	addi	a1,sp,4
     a42:	5c000793          	li	a5,1472
     a46:	81718513          	addi	a0,gp,-2025 # 200001f7 <SocketId_UDP>
     a4a:	c83e                	sw	a5,16(sp)
     a4c:	747010ef          	jal	ra,2992 <WCHNET_SocketCreat>
     a50:	208c                	lbu	a1,0(s1)
     a52:	842a                	mv	s0,a0
     a54:	0000a537          	lui	a0,0xa
     a58:	44850513          	addi	a0,a0,1096 # a448 <_read+0xd2>
     a5c:	04e080ef          	jal	ra,8aaa <iprintf>
     a60:	8522                	mv	a0,s0
     a62:	3769                	jal	9ec <mStopIfError>
     a64:	6121                	addi	sp,sp,64
     a66:	f2eff06f          	j	194 <__riscv_restore_0>

00000a6a <WCHNET_CreateMqttSocket>:
     a6a:	f06ff2ef          	jal	t0,170 <__riscv_save_0>
     a6e:	7139                	addi	sp,sp,-64
     a70:	03c00613          	li	a2,60
     a74:	4581                	li	a1,0
     a76:	0048                	addi	a0,sp,4
     a78:	f28ff0ef          	jal	ra,1a0 <memset>
     a7c:	8101a783          	lw	a5,-2032(gp) # 200001f0 <MQTT_BROKER_IP>
     a80:	81618413          	addi	s0,gp,-2026 # 200001f6 <SocketId_MQTT>
     a84:	d83e                	sw	a5,48(sp)
     a86:	8141d783          	lhu	a5,-2028(gp) # 200001f4 <MQTT_BROKER_PORT>
     a8a:	004c                	addi	a1,sp,4
     a8c:	81618513          	addi	a0,gp,-2026 # 200001f6 <SocketId_MQTT>
     a90:	d43e                	sw	a5,40(sp)
     a92:	6785                	lui	a5,0x1
     a94:	bb878793          	addi	a5,a5,-1096 # bb8 <WCHNET_HandleSockInt+0x80>
     a98:	d63e                	sw	a5,44(sp)
     a9a:	478d                	li	a5,3
     a9c:	d03e                	sw	a5,32(sp)
     a9e:	f1018793          	addi	a5,gp,-240 # 200008f0 <SocketRecvBuf+0x5c0>
     aa2:	c63e                	sw	a5,12(sp)
     aa4:	5c000793          	li	a5,1472
     aa8:	c83e                	sw	a5,16(sp)
     aaa:	6e9010ef          	jal	ra,2992 <WCHNET_SocketCreat>
     aae:	200c                	lbu	a1,0(s0)
     ab0:	84aa                	mv	s1,a0
     ab2:	0000a537          	lui	a0,0xa
     ab6:	42850513          	addi	a0,a0,1064 # a428 <_read+0xb2>
     aba:	7f1070ef          	jal	ra,8aaa <iprintf>
     abe:	8526                	mv	a0,s1
     ac0:	3735                	jal	9ec <mStopIfError>
     ac2:	2008                	lbu	a0,0(s0)
     ac4:	62e020ef          	jal	ra,30f2 <WCHNET_SocketConnect>
     ac8:	3715                	jal	9ec <mStopIfError>
     aca:	6121                	addi	sp,sp,64
     acc:	ec8ff06f          	j	194 <__riscv_restore_0>

00000ad0 <UDP_SendTo_DynamicIP>:
     ad0:	e86ff2ef          	jal	t0,156 <__riscv_save_4>
     ad4:	81718493          	addi	s1,gp,-2025 # 200001f7 <SocketId_UDP>
     ad8:	892a                	mv	s2,a0
     ada:	2088                	lbu	a0,0(s1)
     adc:	0ff00793          	li	a5,255
     ae0:	1141                	addi	sp,sp,-16
     ae2:	04f50863          	beq	a0,a5,b32 <UDP_SendTo_DynamicIP+0x62>
     ae6:	03c00993          	li	s3,60
     aea:	033507b3          	mul	a5,a0,s3
     aee:	20007437          	lui	s0,0x20007
     af2:	90c40413          	addi	s0,s0,-1780 # 2000690c <SocketInf>
     af6:	97a2                	add	a5,a5,s0
     af8:	57d8                	lw	a4,44(a5)
     afa:	012105a3          	sb	s2,11(sp)
     afe:	c23a                	sw	a4,4(sp)
     b00:	10a00713          	li	a4,266
     b04:	8478                	sh	a4,8(sp)
     b06:	470d                	li	a4,3
     b08:	8558                	sb	a4,10(sp)
     b0a:	4722                	lw	a4,8(sp)
     b0c:	d7d8                	sw	a4,44(a5)
     b0e:	c632                	sw	a2,12(sp)
     b10:	0070                	addi	a2,sp,12
     b12:	416020ef          	jal	ra,2f28 <WCHNET_SocketSend>
     b16:	4632                	lw	a2,12(sp)
     b18:	0000a537          	lui	a0,0xa
     b1c:	85ca                	mv	a1,s2
     b1e:	40850513          	addi	a0,a0,1032 # a408 <_read+0x92>
     b22:	789070ef          	jal	ra,8aaa <iprintf>
     b26:	209c                	lbu	a5,0(s1)
     b28:	033787b3          	mul	a5,a5,s3
     b2c:	943e                	add	s0,s0,a5
     b2e:	4792                	lw	a5,4(sp)
     b30:	d45c                	sw	a5,44(s0)
     b32:	0141                	addi	sp,sp,16
     b34:	e56ff06f          	j	18a <__riscv_restore_4>

00000b38 <WCHNET_HandleSockInt>:
     b38:	e38ff2ef          	jal	t0,170 <__riscv_save_0>
     b3c:	0045f793          	andi	a5,a1,4
     b40:	1141                	addi	sp,sp,-16
     b42:	842a                	mv	s0,a0
     b44:	84ae                	mv	s1,a1
     b46:	cb8d                	beqz	a5,b78 <WCHNET_HandleSockInt+0x40>
     b48:	4581                	li	a1,0
     b4a:	14c020ef          	jal	ra,2c96 <WCHNET_SocketRecvLen>
     b4e:	8161c783          	lbu	a5,-2026(gp) # 200001f6 <SocketId_MQTT>
     b52:	c62a                	sw	a0,12(sp)
     b54:	06879363          	bne	a5,s0,bba <WCHNET_HandleSockInt+0x82>
     b58:	157d                	addi	a0,a0,-1
     b5a:	7fe00793          	li	a5,2046
     b5e:	00a7ed63          	bltu	a5,a0,b78 <WCHNET_HandleSockInt+0x40>
     b62:	200015b7          	lui	a1,0x20001
     b66:	0070                	addi	a2,sp,12
     b68:	eb058593          	addi	a1,a1,-336 # 20000eb0 <MqttRxBuffer>
     b6c:	8522                	mv	a0,s0
     b6e:	040020ef          	jal	ra,2bae <WCHNET_SocketRecv>
     b72:	8638                	lhu	a4,12(sp)
     b74:	86e19c23          	sh	a4,-1928(gp) # 20000258 <MqttRxLen>
     b78:	0084f793          	andi	a5,s1,8
     b7c:	cf91                	beqz	a5,b98 <WCHNET_HandleSockInt+0x60>
     b7e:	8161c783          	lbu	a5,-2026(gp) # 200001f6 <SocketId_MQTT>
     b82:	00879b63          	bne	a5,s0,b98 <WCHNET_HandleSockInt+0x60>
     b86:	0000a537          	lui	a0,0xa
     b8a:	47850513          	addi	a0,a0,1144 # a478 <_read+0x102>
     b8e:	032080ef          	jal	ra,8bc0 <puts>
     b92:	4705                	li	a4,1
     b94:	86e18923          	sb	a4,-1934(gp) # 20000252 <MQTT_Conn_Flag>
     b98:	88c1                	andi	s1,s1,16
     b9a:	cc89                	beqz	s1,bb4 <WCHNET_HandleSockInt+0x7c>
     b9c:	8161c783          	lbu	a5,-2026(gp) # 200001f6 <SocketId_MQTT>
     ba0:	00879a63          	bne	a5,s0,bb4 <WCHNET_HandleSockInt+0x7c>
     ba4:	0000a537          	lui	a0,0xa
     ba8:	49050513          	addi	a0,a0,1168 # a490 <_read+0x11a>
     bac:	014080ef          	jal	ra,8bc0 <puts>
     bb0:	86018923          	sb	zero,-1934(gp) # 20000252 <MQTT_Conn_Flag>
     bb4:	0141                	addi	sp,sp,16
     bb6:	ddeff06f          	j	194 <__riscv_restore_0>
     bba:	0070                	addi	a2,sp,12
     bbc:	4581                	li	a1,0
     bbe:	8522                	mv	a0,s0
     bc0:	7ef010ef          	jal	ra,2bae <WCHNET_SocketRecv>
     bc4:	bf55                	j	b78 <WCHNET_HandleSockInt+0x40>

00000bc6 <WCHNET_HandleGlobalInt>:
     bc6:	daaff2ef          	jal	t0,170 <__riscv_save_0>
     bca:	4e0020ef          	jal	ra,30aa <WCHNET_GetGlobalInt>
     bce:	00457793          	andi	a5,a0,4
     bd2:	842a                	mv	s0,a0
     bd4:	cb99                	beqz	a5,bea <WCHNET_HandleGlobalInt+0x24>
     bd6:	512020ef          	jal	ra,30e8 <WCHNET_GetPHYStatus>
     bda:	8911                	andi	a0,a0,4
     bdc:	c519                	beqz	a0,bea <WCHNET_HandleGlobalInt+0x24>
     bde:	0000a537          	lui	a0,0xa
     be2:	46450513          	addi	a0,a0,1124 # a464 <_read+0xee>
     be6:	7db070ef          	jal	ra,8bc0 <puts>
     bea:	8841                	andi	s0,s0,16
     bec:	cc19                	beqz	s0,c0a <WCHNET_HandleGlobalInt+0x44>
     bee:	4501                	li	a0,0
     bf0:	4ce020ef          	jal	ra,30be <WCHNET_GetSocketInt>
     bf4:	85aa                	mv	a1,a0
     bf6:	c119                	beqz	a0,bfc <WCHNET_HandleGlobalInt+0x36>
     bf8:	4501                	li	a0,0
     bfa:	3f3d                	jal	b38 <WCHNET_HandleSockInt>
     bfc:	4505                	li	a0,1
     bfe:	4c0020ef          	jal	ra,30be <WCHNET_GetSocketInt>
     c02:	85aa                	mv	a1,a0
     c04:	c119                	beqz	a0,c0a <WCHNET_HandleGlobalInt+0x44>
     c06:	4505                	li	a0,1
     c08:	3f05                	jal	b38 <WCHNET_HandleSockInt>
     c0a:	d8aff06f          	j	194 <__riscv_restore_0>

00000c0e <NMI_Handler>:
     c0e:	30200073          	mret

00000c12 <HardFault_Handler>:
     c12:	0000a537          	lui	a0,0xa
     c16:	4b850513          	addi	a0,a0,1208 # a4b8 <_read+0x142>
     c1a:	7a7070ef          	jal	ra,8bc0 <puts>
     c1e:	39e010ef          	jal	ra,1fbc <__get_MCAUSE>
     c22:	85aa                	mv	a1,a0
     c24:	0000a537          	lui	a0,0xa
     c28:	4cc50513          	addi	a0,a0,1228 # a4cc <_read+0x156>
     c2c:	67f070ef          	jal	ra,8aaa <iprintf>
     c30:	392010ef          	jal	ra,1fc2 <__get_MTVAL>
     c34:	85aa                	mv	a1,a0
     c36:	0000a537          	lui	a0,0xa
     c3a:	4dc50513          	addi	a0,a0,1244 # a4dc <_read+0x166>
     c3e:	66d070ef          	jal	ra,8aaa <iprintf>
     c42:	374010ef          	jal	ra,1fb6 <__get_MEPC>
     c46:	85aa                	mv	a1,a0
     c48:	0000a537          	lui	a0,0xa
     c4c:	4ec50513          	addi	a0,a0,1260 # a4ec <_read+0x176>
     c50:	65b070ef          	jal	ra,8aaa <iprintf>
     c54:	a001                	j	c54 <HardFault_Handler+0x42>

00000c56 <ETH_IRQHandler>:
     c56:	038010ef          	jal	ra,1c8e <WCHNET_ETHIsr>
     c5a:	30200073          	mret

00000c5e <TIM2_IRQHandler>:
     c5e:	4529                	li	a0,10
     c60:	36d000ef          	jal	ra,17cc <WCHNET_TimeIsr>
     c64:	4585                	li	a1,1
     c66:	40000537          	lui	a0,0x40000
     c6a:	1f1000ef          	jal	ra,165a <TIM_ClearITPendingBit>
     c6e:	30200073          	mret

00000c72 <TIM1_UP_IRQHandler>:
     c72:	40013537          	lui	a0,0x40013
     c76:	4585                	li	a1,1
     c78:	c0050513          	addi	a0,a0,-1024 # 40012c00 <_eusrstack+0x20002c00>
     c7c:	1df000ef          	jal	ra,165a <TIM_ClearITPendingBit>
     c80:	30200073          	mret

00000c84 <JSON_GetValue>:
     c84:	cecff2ef          	jal	t0,170 <__riscv_save_0>
     c88:	1101                	addi	sp,sp,-32
     c8a:	84b2                	mv	s1,a2
     c8c:	862e                	mv	a2,a1
     c8e:	0000a5b7          	lui	a1,0xa
     c92:	892a                	mv	s2,a0
     c94:	57858593          	addi	a1,a1,1400 # a578 <_read+0x202>
     c98:	850a                	mv	a0,sp
     c9a:	8436                	mv	s0,a3
     c9c:	79d070ef          	jal	ra,8c38 <siprintf>
     ca0:	858a                	mv	a1,sp
     ca2:	854a                	mv	a0,s2
     ca4:	004080ef          	jal	ra,8ca8 <strstr>
     ca8:	e511                	bnez	a0,cb4 <JSON_GetValue+0x30>
     caa:	00048023          	sb	zero,0(s1)
     cae:	6105                	addi	sp,sp,32
     cb0:	ce4ff06f          	j	194 <__riscv_restore_0>
     cb4:	03a00593          	li	a1,58
     cb8:	7c7070ef          	jal	ra,8c7e <strchr>
     cbc:	d57d                	beqz	a0,caa <JSON_GetValue+0x26>
     cbe:	0505                	addi	a0,a0,1
     cc0:	02000713          	li	a4,32
     cc4:	00050783          	lb	a5,0(a0)
     cc8:	9bf5                	andi	a5,a5,-3
     cca:	02e78f63          	beq	a5,a4,d08 <JSON_GetValue+0x84>
     cce:	4781                	li	a5,0
     cd0:	02200613          	li	a2,34
     cd4:	02c00593          	li	a1,44
     cd8:	07d00813          	li	a6,125
     cdc:	147d                	addi	s0,s0,-1
     cde:	00f50733          	add	a4,a0,a5
     ce2:	00070703          	lb	a4,0(a4) # 200000 <_data_lma+0x1f57b0>
     ce6:	00f486b3          	add	a3,s1,a5
     cea:	fdf77893          	andi	a7,a4,-33
     cee:	00088a63          	beqz	a7,d02 <JSON_GetValue+0x7e>
     cf2:	00c70863          	beq	a4,a2,d02 <JSON_GetValue+0x7e>
     cf6:	00b70663          	beq	a4,a1,d02 <JSON_GetValue+0x7e>
     cfa:	01070463          	beq	a4,a6,d02 <JSON_GetValue+0x7e>
     cfe:	0087c763          	blt	a5,s0,d0c <JSON_GetValue+0x88>
     d02:	00068023          	sb	zero,0(a3)
     d06:	b765                	j	cae <JSON_GetValue+0x2a>
     d08:	0505                	addi	a0,a0,1
     d0a:	bf6d                	j	cc4 <JSON_GetValue+0x40>
     d0c:	a298                	sb	a4,0(a3)
     d0e:	0785                	addi	a5,a5,1
     d10:	b7f9                	j	cde <JSON_GetValue+0x5a>

00000d12 <Handle_MQTT_Message>:
     d12:	c5eff2ef          	jal	t0,170 <__riscv_save_0>
     d16:	7ff00793          	li	a5,2047
     d1a:	710d                	addi	sp,sp,-352
     d1c:	842a                	mv	s0,a0
     d1e:	0ab7d263          	bge	a5,a1,dc2 <Handle_MQTT_Message+0xb0>
     d22:	7e050fa3          	sb	zero,2047(a0)
     d26:	0000a537          	lui	a0,0xa
     d2a:	85a2                	mv	a1,s0
     d2c:	50c50513          	addi	a0,a0,1292 # a50c <_read+0x196>
     d30:	57b070ef          	jal	ra,8aaa <iprintf>
     d34:	0000a5b7          	lui	a1,0xa
     d38:	8522                	mv	a0,s0
     d3a:	46a9                	li	a3,10
     d3c:	0070                	addi	a2,sp,12
     d3e:	52058593          	addi	a1,a1,1312 # a520 <_read+0x1aa>
     d42:	3789                	jal	c84 <JSON_GetValue>
     d44:	0000a5b7          	lui	a1,0xa
     d48:	8522                	mv	a0,s0
     d4a:	02000693          	li	a3,32
     d4e:	0090                	addi	a2,sp,64
     d50:	52858593          	addi	a1,a1,1320 # a528 <_read+0x1b2>
     d54:	3f05                	jal	c84 <JSON_GetValue>
     d56:	0000a5b7          	lui	a1,0xa
     d5a:	8522                	mv	a0,s0
     d5c:	46a9                	li	a3,10
     d5e:	0830                	addi	a2,sp,24
     d60:	53458593          	addi	a1,a1,1332 # a534 <_read+0x1be>
     d64:	3705                	jal	c84 <JSON_GetValue>
     d66:	0000a5b7          	lui	a1,0xa
     d6a:	8522                	mv	a0,s0
     d6c:	46a9                	li	a3,10
     d6e:	1050                	addi	a2,sp,36
     d70:	53c58593          	addi	a1,a1,1340 # a53c <_read+0x1c6>
     d74:	3f01                	jal	c84 <JSON_GetValue>
     d76:	0000a5b7          	lui	a1,0xa
     d7a:	8522                	mv	a0,s0
     d7c:	46c1                	li	a3,16
     d7e:	1810                	addi	a2,sp,48
     d80:	54858593          	addi	a1,a1,1352 # a548 <_read+0x1d2>
     d84:	3701                	jal	c84 <JSON_GetValue>
     d86:	0068                	addi	a0,sp,12
     d88:	46b070ef          	jal	ra,89f2 <atoi>
     d8c:	842a                	mv	s0,a0
     d8e:	02a05763          	blez	a0,dbc <Handle_MQTT_Message+0xaa>
     d92:	0000a637          	lui	a2,0xa
     d96:	55060613          	addi	a2,a2,1360 # a550 <_read+0x1da>
     d9a:	10000593          	li	a1,256
     d9e:	03010893          	addi	a7,sp,48
     da2:	02410813          	addi	a6,sp,36
     da6:	083c                	addi	a5,sp,24
     da8:	0078                	addi	a4,sp,12
     daa:	0094                	addi	a3,sp,64
     dac:	1088                	addi	a0,sp,96
     dae:	61f070ef          	jal	ra,8bcc <sniprintf>
     db2:	862a                	mv	a2,a0
     db4:	108c                	addi	a1,sp,96
     db6:	0ff47513          	andi	a0,s0,255
     dba:	3b19                	jal	ad0 <UDP_SendTo_DynamicIP>
     dbc:	6135                	addi	sp,sp,352
     dbe:	bd6ff06f          	j	194 <__riscv_restore_0>
     dc2:	95aa                	add	a1,a1,a0
     dc4:	00058023          	sb	zero,0(a1)
     dc8:	bfb9                	j	d26 <Handle_MQTT_Message+0x14>

00000dca <transport_sendPacketBuffer>:
     dca:	ba6ff2ef          	jal	t0,170 <__riscv_save_0>
     dce:	1141                	addi	sp,sp,-16
     dd0:	c632                	sw	a2,12(sp)
     dd2:	0ff57513          	andi	a0,a0,255
     dd6:	0070                	addi	a2,sp,12
     dd8:	150020ef          	jal	ra,2f28 <WCHNET_SocketSend>
     ddc:	0141                	addi	sp,sp,16
     dde:	bb6ff06f          	j	194 <__riscv_restore_0>

00000de2 <main>:
     de2:	b66ff2ef          	jal	t0,148 <__riscv_save_10>
     de6:	7119                	addi	sp,sp,-128
     de8:	2c39                	jal	1006 <SystemInit>
     dea:	6571                	lui	a0,0x1c
     dec:	20050513          	addi	a0,a0,512 # 1c200 <_data_lma+0x119b0>
     df0:	0fe010ef          	jal	ra,1eee <USART_Printf_Init>
     df4:	987ff0ef          	jal	ra,77a <MCU_GPIO_Init>
     df8:	064010ef          	jal	ra,1e5c <Delay_Init>
     dfc:	3e800513          	li	a0,1000
     e00:	0b8010ef          	jal	ra,1eb8 <Delay_Ms>
     e04:	3e700593          	li	a1,999
     e08:	07700513          	li	a0,119
     e0c:	2ccd                	jal	10fe <TIM1_Int_Init>
     e0e:	2e99                	jal	1164 <TIM2_Init>
     e10:	0000a537          	lui	a0,0xa
     e14:	58050513          	addi	a0,a0,1408 # a580 <_read+0x20a>
     e18:	5a9070ef          	jal	ra,8bc0 <puts>
     e1c:	80818793          	addi	a5,gp,-2040 # 200001e8 <IPAddr>
     e20:	23b4                	lbu	a3,2(a5)
     e22:	3390                	lbu	a2,1(a5)
     e24:	33b8                	lbu	a4,3(a5)
     e26:	8081c583          	lbu	a1,-2040(gp) # 200001e8 <IPAddr>
     e2a:	0000a537          	lui	a0,0xa
     e2e:	59050513          	addi	a0,a0,1424 # a590 <_read+0x21a>
     e32:	479070ef          	jal	ra,8aaa <iprintf>
     e36:	86c18513          	addi	a0,gp,-1940 # 2000024c <MACAddr>
     e3a:	173000ef          	jal	ra,17ac <WCHNET_GetMacAddr>
     e3e:	200005b7          	lui	a1,0x20000
     e42:	86c18693          	addi	a3,gp,-1940 # 2000024c <MACAddr>
     e46:	80c18613          	addi	a2,gp,-2036 # 200001ec <IPMask>
     e4a:	1e458593          	addi	a1,a1,484 # 200001e4 <GWIPAddr>
     e4e:	80818513          	addi	a0,gp,-2040 # 200001e8 <IPAddr>
     e52:	787000ef          	jal	ra,1dd8 <ETH_LibInit>
     e56:	69a9                	lui	s3,0xa
     e58:	0000aa37          	lui	s4,0xa
     e5c:	0000aab7          	lui	s5,0xa
     e60:	b8dff0ef          	jal	ra,9ec <mStopIfError>
     e64:	4901                	li	s2,0
     e66:	3645                	jal	a06 <WCHNET_CreateUdpSocket>
     e68:	4481                	li	s1,0
     e6a:	4f898993          	addi	s3,s3,1272 # a4f8 <_read+0x182>
     e6e:	600a0a13          	addi	s4,s4,1536 # a600 <_read+0x28a>
     e72:	5dca8a93          	addi	s5,s5,1500 # a5dc <_read+0x266>
     e76:	4c91                	li	s9,4
     e78:	3db000ef          	jal	ra,1a52 <WCHNET_MainTask>
     e7c:	1f0020ef          	jal	ra,306c <WCHNET_QueryGlobalInt>
     e80:	c111                	beqz	a0,e84 <main+0xa2>
     e82:	3391                	jal	bc6 <WCHNET_HandleGlobalInt>
     e84:	8741a783          	lw	a5,-1932(gp) # 20000254 <CurrentState>
     e88:	87418413          	addi	s0,gp,-1932 # 20000254 <CurrentState>
     e8c:	fefce6e3          	bltu	s9,a5,e78 <main+0x96>
     e90:	078a                	slli	a5,a5,0x2
     e92:	97ce                	add	a5,a5,s3
     e94:	439c                	lw	a5,0(a5)
     e96:	8782                	jr	a5
     e98:	250020ef          	jal	ra,30e8 <WCHNET_GetPHYStatus>
     e9c:	8911                	andi	a0,a0,4
     e9e:	dd61                	beqz	a0,e76 <main+0x94>
     ea0:	0000a537          	lui	a0,0xa
     ea4:	5a450513          	addi	a0,a0,1444 # a5a4 <_read+0x22e>
     ea8:	519070ef          	jal	ra,8bc0 <puts>
     eac:	3e7d                	jal	a6a <WCHNET_CreateMqttSocket>
     eae:	4785                	li	a5,1
     eb0:	c01c                	sw	a5,0(s0)
     eb2:	4481                	li	s1,0
     eb4:	b7c9                	j	e76 <main+0x94>
     eb6:	8721c783          	lbu	a5,-1934(gp) # 20000252 <MQTT_Conn_Flag>
     eba:	c399                	beqz	a5,ec0 <main+0xde>
     ebc:	4789                	li	a5,2
     ebe:	c01c                	sw	a5,0(s0)
     ec0:	67e1                	lui	a5,0x18
     ec2:	0485                	addi	s1,s1,1
     ec4:	6a078793          	addi	a5,a5,1696 # 186a0 <_data_lma+0xde50>
     ec8:	fa97f7e3          	bgeu	a5,s1,e76 <main+0x94>
     ecc:	0000a537          	lui	a0,0xa
     ed0:	5c450513          	addi	a0,a0,1476 # a5c4 <_read+0x24e>
     ed4:	4ed070ef          	jal	ra,8bc0 <puts>
     ed8:	8161c503          	lbu	a0,-2026(gp) # 200001f6 <SocketId_MQTT>
     edc:	4581                	li	a1,0
     ede:	36e020ef          	jal	ra,324c <WCHNET_SocketClose>
     ee2:	00042023          	sw	zero,0(s0)
     ee6:	bf41                	j	e76 <main+0x94>
     ee8:	65a9                	lui	a1,0xa
     eea:	05800613          	li	a2,88
     eee:	38858593          	addi	a1,a1,904 # a388 <_read+0x12>
     ef2:	1028                	addi	a0,sp,40
     ef4:	305070ef          	jal	ra,89f8 <memcpy>
     ef8:	20001cb7          	lui	s9,0x20001
     efc:	478d                	li	a5,3
     efe:	1030                	addi	a2,sp,40
     f00:	40000593          	li	a1,1024
     f04:	6b0c8513          	addi	a0,s9,1712 # 200016b0 <MqttTxBuffer>
     f08:	02f10823          	sb	a5,48(sp)
     f0c:	da56                	sw	s5,52(sp)
     f0e:	bd4ff0ef          	jal	ra,2e2 <MQTTSerialize_connect>
     f12:	862a                	mv	a2,a0
     f14:	8161c503          	lbu	a0,-2026(gp) # 200001f6 <SocketId_MQTT>
     f18:	6b0c8593          	addi	a1,s9,1712
     f1c:	357d                	jal	dca <transport_sendPacketBuffer>
     f1e:	1f400513          	li	a0,500
     f22:	797000ef          	jal	ra,1eb8 <Delay_Ms>
     f26:	0000a537          	lui	a0,0xa
     f2a:	478d                	li	a5,3
     f2c:	5ec50513          	addi	a0,a0,1516 # a5ec <_read+0x276>
     f30:	c01c                	sw	a5,0(s0)
     f32:	48f070ef          	jal	ra,8bc0 <puts>
     f36:	b781                	j	e76 <main+0x94>
     f38:	20001cb7          	lui	s9,0x20001
     f3c:	02410813          	addi	a6,sp,36
     f40:	4705                	li	a4,1
     f42:	4685                	li	a3,1
     f44:	103c                	addi	a5,sp,40
     f46:	4601                	li	a2,0
     f48:	40000593          	li	a1,1024
     f4c:	6b0c8513          	addi	a0,s9,1712 # 200016b0 <MqttTxBuffer>
     f50:	d602                	sw	zero,44(sp)
     f52:	d802                	sw	zero,48(sp)
     f54:	d452                	sw	s4,40(sp)
     f56:	d202                	sw	zero,36(sp)
     f58:	f9eff0ef          	jal	ra,6f6 <MQTTSerialize_subscribe>
     f5c:	862a                	mv	a2,a0
     f5e:	8161c503          	lbu	a0,-2026(gp) # 200001f6 <SocketId_MQTT>
     f62:	6b0c8593          	addi	a1,s9,1712
     f66:	3595                	jal	dca <transport_sendPacketBuffer>
     f68:	0000a537          	lui	a0,0xa
     f6c:	61050513          	addi	a0,a0,1552 # a610 <_read+0x29a>
     f70:	451070ef          	jal	ra,8bc0 <puts>
     f74:	4791                	li	a5,4
     f76:	c01c                	sw	a5,0(s0)
     f78:	bdfd                	j	e76 <main+0x94>
     f7a:	87818793          	addi	a5,gp,-1928 # 20000258 <MqttRxLen>
     f7e:	239e                	lhu	a5,0(a5)
     f80:	87818c93          	addi	s9,gp,-1928 # 20000258 <MqttRxLen>
     f84:	07c2                	slli	a5,a5,0x10
     f86:	83c1                	srli	a5,a5,0x10
     f88:	c7a1                	beqz	a5,fd0 <main+0x1ee>
     f8a:	200018b7          	lui	a7,0x20001
     f8e:	eb08c783          	lbu	a5,-336(a7) # 20000eb0 <MqttRxBuffer>
     f92:	03000713          	li	a4,48
     f96:	0f07f793          	andi	a5,a5,240
     f9a:	02e79963          	bne	a5,a4,fcc <main+0x1ea>
     f9e:	000cd783          	lhu	a5,0(s9)
     fa2:	eb088893          	addi	a7,a7,-336
     fa6:	02010813          	addi	a6,sp,32
     faa:	c03e                	sw	a5,0(sp)
     fac:	1038                	addi	a4,sp,40
     fae:	105c                	addi	a5,sp,36
     fb0:	01a10693          	addi	a3,sp,26
     fb4:	01910613          	addi	a2,sp,25
     fb8:	086c                	addi	a1,sp,28
     fba:	0828                	addi	a0,sp,24
     fbc:	c86ff0ef          	jal	ra,442 <MQTTDeserialize_publish>
     fc0:	4785                	li	a5,1
     fc2:	00f51563          	bne	a0,a5,fcc <main+0x1ea>
     fc6:	5582                	lw	a1,32(sp)
     fc8:	5512                	lw	a0,36(sp)
     fca:	33a1                	jal	d12 <Handle_MQTT_Message>
     fcc:	000c9023          	sh	zero,0(s9)
     fd0:	0007a7b7          	lui	a5,0x7a
     fd4:	0905                	addi	s2,s2,1
     fd6:	12078793          	addi	a5,a5,288 # 7a120 <_data_lma+0x6f8d0>
     fda:	0327f163          	bgeu	a5,s2,ffc <main+0x21a>
     fde:	20001937          	lui	s2,0x20001
     fe2:	40000593          	li	a1,1024
     fe6:	6b090513          	addi	a0,s2,1712 # 200016b0 <MqttTxBuffer>
     fea:	c4eff0ef          	jal	ra,438 <MQTTSerialize_pingreq>
     fee:	862a                	mv	a2,a0
     ff0:	8161c503          	lbu	a0,-2026(gp) # 200001f6 <SocketId_MQTT>
     ff4:	6b090593          	addi	a1,s2,1712
     ff8:	4901                	li	s2,0
     ffa:	3bc1                	jal	dca <transport_sendPacketBuffer>
     ffc:	8721c783          	lbu	a5,-1934(gp) # 20000252 <MQTT_Conn_Flag>
    1000:	e6079be3          	bnez	a5,e76 <main+0x94>
    1004:	bdf9                	j	ee2 <main+0x100>

00001006 <SystemInit>:
    1006:	400217b7          	lui	a5,0x40021
    100a:	4398                	lw	a4,0(a5)
    100c:	f0ff06b7          	lui	a3,0xf0ff0
    1010:	1141                	addi	sp,sp,-16
    1012:	00176713          	ori	a4,a4,1
    1016:	c398                	sw	a4,0(a5)
    1018:	43d8                	lw	a4,4(a5)
    101a:	00020637          	lui	a2,0x20
    101e:	8f75                	and	a4,a4,a3
    1020:	c3d8                	sw	a4,4(a5)
    1022:	4398                	lw	a4,0(a5)
    1024:	fef706b7          	lui	a3,0xfef70
    1028:	16fd                	addi	a3,a3,-1
    102a:	8f75                	and	a4,a4,a3
    102c:	c398                	sw	a4,0(a5)
    102e:	4398                	lw	a4,0(a5)
    1030:	fffc06b7          	lui	a3,0xfffc0
    1034:	16fd                	addi	a3,a3,-1
    1036:	8f75                	and	a4,a4,a3
    1038:	c398                	sw	a4,0(a5)
    103a:	43d8                	lw	a4,4(a5)
    103c:	ff0106b7          	lui	a3,0xff010
    1040:	16fd                	addi	a3,a3,-1
    1042:	8f75                	and	a4,a4,a3
    1044:	c3d8                	sw	a4,4(a5)
    1046:	009f0737          	lui	a4,0x9f0
    104a:	c798                	sw	a4,8(a5)
    104c:	c402                	sw	zero,8(sp)
    104e:	c602                	sw	zero,12(sp)
    1050:	4398                	lw	a4,0(a5)
    1052:	66c1                	lui	a3,0x10
    1054:	8f55                	or	a4,a4,a3
    1056:	c398                	sw	a4,0(a5)
    1058:	400216b7          	lui	a3,0x40021
    105c:	6705                	lui	a4,0x1
    105e:	429c                	lw	a5,0(a3)
    1060:	8ff1                	and	a5,a5,a2
    1062:	c63e                	sw	a5,12(sp)
    1064:	47a2                	lw	a5,8(sp)
    1066:	0785                	addi	a5,a5,1
    1068:	c43e                	sw	a5,8(sp)
    106a:	47b2                	lw	a5,12(sp)
    106c:	e781                	bnez	a5,1074 <SystemInit+0x6e>
    106e:	47a2                	lw	a5,8(sp)
    1070:	fee797e3          	bne	a5,a4,105e <SystemInit+0x58>
    1074:	400217b7          	lui	a5,0x40021
    1078:	439c                	lw	a5,0(a5)
    107a:	00e79713          	slli	a4,a5,0xe
    107e:	06075e63          	bgez	a4,10fa <SystemInit+0xf4>
    1082:	4785                	li	a5,1
    1084:	c63e                	sw	a5,12(sp)
    1086:	4732                	lw	a4,12(sp)
    1088:	4785                	li	a5,1
    108a:	06f71663          	bne	a4,a5,10f6 <SystemInit+0xf0>
    108e:	400217b7          	lui	a5,0x40021
    1092:	43d8                	lw	a4,4(a5)
    1094:	00c006b7          	lui	a3,0xc00
    1098:	8f55                	or	a4,a4,a3
    109a:	c3d8                	sw	a4,4(a5)
    109c:	43d8                	lw	a4,4(a5)
    109e:	ffc106b7          	lui	a3,0xffc10
    10a2:	16fd                	addi	a3,a3,-1
    10a4:	08076713          	ori	a4,a4,128
    10a8:	c3d8                	sw	a4,4(a5)
    10aa:	43d8                	lw	a4,4(a5)
    10ac:	c3d8                	sw	a4,4(a5)
    10ae:	43d8                	lw	a4,4(a5)
    10b0:	40076713          	ori	a4,a4,1024
    10b4:	c3d8                	sw	a4,4(a5)
    10b6:	43d8                	lw	a4,4(a5)
    10b8:	8f75                	and	a4,a4,a3
    10ba:	c3d8                	sw	a4,4(a5)
    10bc:	43d8                	lw	a4,4(a5)
    10be:	003506b7          	lui	a3,0x350
    10c2:	8f55                	or	a4,a4,a3
    10c4:	c3d8                	sw	a4,4(a5)
    10c6:	4398                	lw	a4,0(a5)
    10c8:	010006b7          	lui	a3,0x1000
    10cc:	8f55                	or	a4,a4,a3
    10ce:	c398                	sw	a4,0(a5)
    10d0:	4398                	lw	a4,0(a5)
    10d2:	00671693          	slli	a3,a4,0x6
    10d6:	fe06dde3          	bgez	a3,10d0 <SystemInit+0xca>
    10da:	43d8                	lw	a4,4(a5)
    10dc:	400216b7          	lui	a3,0x40021
    10e0:	9b71                	andi	a4,a4,-4
    10e2:	c3d8                	sw	a4,4(a5)
    10e4:	43d8                	lw	a4,4(a5)
    10e6:	00276713          	ori	a4,a4,2
    10ea:	c3d8                	sw	a4,4(a5)
    10ec:	4721                	li	a4,8
    10ee:	42dc                	lw	a5,4(a3)
    10f0:	8bb1                	andi	a5,a5,12
    10f2:	fee79ee3          	bne	a5,a4,10ee <SystemInit+0xe8>
    10f6:	0141                	addi	sp,sp,16
    10f8:	8082                	ret
    10fa:	c602                	sw	zero,12(sp)
    10fc:	b769                	j	1086 <SystemInit+0x80>

000010fe <TIM1_Int_Init>:
    10fe:	872ff2ef          	jal	t0,170 <__riscv_save_0>
    1102:	842a                	mv	s0,a0
    1104:	6505                	lui	a0,0x1
    1106:	1101                	addi	sp,sp,-32
    1108:	84ae                	mv	s1,a1
    110a:	80050513          	addi	a0,a0,-2048 # 800 <__stack_size>
    110e:	4585                	li	a1,1
    1110:	ca02                	sw	zero,20(sp)
    1112:	cc02                	sw	zero,24(sp)
    1114:	00011e23          	sh	zero,28(sp)
    1118:	c602                	sw	zero,12(sp)
    111a:	c802                	sw	zero,16(sp)
    111c:	2991                	jal	1570 <RCC_APB2PeriphClockCmd>
    111e:	82e0                	sh	s0,20(sp)
    1120:	40013437          	lui	s0,0x40013
    1124:	084c                	addi	a1,sp,20
    1126:	c0040513          	addi	a0,s0,-1024 # 40012c00 <_eusrstack+0x20002c00>
    112a:	84e4                	sh	s1,24(sp)
    112c:	00011d23          	sh	zero,26(sp)
    1130:	00011b23          	sh	zero,22(sp)
    1134:	00010e23          	sb	zero,28(sp)
    1138:	2179                	jal	15c6 <TIM_TimeBaseInit>
    113a:	02900793          	li	a5,41
    113e:	867c                	sh	a5,12(sp)
    1140:	478d                	li	a5,3
    1142:	875c                	sb	a5,14(sp)
    1144:	0068                	addi	a0,sp,12
    1146:	4785                	li	a5,1
    1148:	c83e                	sw	a5,16(sp)
    114a:	24cd                	jal	142c <NVIC_Init>
    114c:	4605                	li	a2,1
    114e:	c0040513          	addi	a0,s0,-1024
    1152:	4585                	li	a1,1
    1154:	29d5                	jal	1648 <TIM_ITConfig>
    1156:	4585                	li	a1,1
    1158:	c0040513          	addi	a0,s0,-1024
    115c:	29d1                	jal	1630 <TIM_Cmd>
    115e:	6105                	addi	sp,sp,32
    1160:	834ff06f          	j	194 <__riscv_restore_0>

00001164 <TIM2_Init>:
    1164:	80cff2ef          	jal	t0,170 <__riscv_save_0>
    1168:	1141                	addi	sp,sp,-16
    116a:	4585                	li	a1,1
    116c:	4505                	li	a0,1
    116e:	c202                	sw	zero,4(sp)
    1170:	c402                	sw	zero,8(sp)
    1172:	00011623          	sh	zero,12(sp)
    1176:	2921                	jal	158e <RCC_APB1PeriphClockCmd>
    1178:	8181a783          	lw	a5,-2024(gp) # 200001f8 <SystemCoreClock>
    117c:	000f4737          	lui	a4,0xf4
    1180:	24070713          	addi	a4,a4,576 # f4240 <_data_lma+0xe99f0>
    1184:	02e7d7b3          	divu	a5,a5,a4
    1188:	004c                	addi	a1,sp,4
    118a:	40000537          	lui	a0,0x40000
    118e:	00011523          	sh	zero,10(sp)
    1192:	847c                	sh	a5,8(sp)
    1194:	6789                	lui	a5,0x2
    1196:	70f78793          	addi	a5,a5,1807 # 270f <WCHSocketInit+0x3>
    119a:	c23e                	sw	a5,4(sp)
    119c:	212d                	jal	15c6 <TIM_TimeBaseInit>
    119e:	4605                	li	a2,1
    11a0:	4585                	li	a1,1
    11a2:	40000537          	lui	a0,0x40000
    11a6:	214d                	jal	1648 <TIM_ITConfig>
    11a8:	4585                	li	a1,1
    11aa:	40000537          	lui	a0,0x40000
    11ae:	2149                	jal	1630 <TIM_Cmd>
    11b0:	4585                	li	a1,1
    11b2:	40000537          	lui	a0,0x40000
    11b6:	2155                	jal	165a <TIM_ClearITPendingBit>
    11b8:	e000e7b7          	lui	a5,0xe000e
    11bc:	6705                	lui	a4,0x1
    11be:	10e7a223          	sw	a4,260(a5) # e000e104 <_eusrstack+0xbfffe104>
    11c2:	0141                	addi	sp,sp,16
    11c4:	fd1fe06f          	j	194 <__riscv_restore_0>

000011c8 <ADC1_2_IRQHandler>:
    11c8:	a001                	j	11c8 <ADC1_2_IRQHandler>

000011ca <handle_reset>:
    11ca:	20000197          	auipc	gp,0x20000
    11ce:	81618193          	addi	gp,gp,-2026 # 200009e0 <__global_pointer$>
    11d2:	2000f117          	auipc	sp,0x2000f
    11d6:	e2e10113          	addi	sp,sp,-466 # 20010000 <_eusrstack>
    11da:	00009517          	auipc	a0,0x9
    11de:	67650513          	addi	a0,a0,1654 # a850 <_data_lma>
    11e2:	1ffff597          	auipc	a1,0x1ffff
    11e6:	e1e58593          	addi	a1,a1,-482 # 20000000 <_data_vma>
    11ea:	86818613          	addi	a2,gp,-1944 # 20000248 <_edata>
    11ee:	00c5fa63          	bgeu	a1,a2,1202 <handle_reset+0x38>
    11f2:	00052283          	lw	t0,0(a0)
    11f6:	0055a023          	sw	t0,0(a1)
    11fa:	0511                	addi	a0,a0,4
    11fc:	0591                	addi	a1,a1,4
    11fe:	fec5eae3          	bltu	a1,a2,11f2 <handle_reset+0x28>
    1202:	86818513          	addi	a0,gp,-1944 # 20000248 <_edata>
    1206:	20006597          	auipc	a1,0x20006
    120a:	8e258593          	addi	a1,a1,-1822 # 20006ae8 <_ebss>
    120e:	00b57763          	bgeu	a0,a1,121c <handle_reset+0x52>
    1212:	00052023          	sw	zero,0(a0)
    1216:	0511                	addi	a0,a0,4
    1218:	feb56de3          	bltu	a0,a1,1212 <handle_reset+0x48>
    121c:	42fd                	li	t0,31
    121e:	bc029073          	csrw	0xbc0,t0
    1222:	428d                	li	t0,3
    1224:	80429073          	csrw	0x804,t0
    1228:	08800293          	li	t0,136
    122c:	30029073          	csrw	mstatus,t0
    1230:	fffff297          	auipc	t0,0xfffff
    1234:	dd428293          	addi	t0,t0,-556 # 4 <_einit>
    1238:	0032e293          	ori	t0,t0,3
    123c:	30529073          	csrw	mtvec,t0
    1240:	dc7ff0ef          	jal	ra,1006 <SystemInit>
    1244:	00000297          	auipc	t0,0x0
    1248:	b9e28293          	addi	t0,t0,-1122 # de2 <main>
    124c:	34129073          	csrw	mepc,t0
    1250:	30200073          	mret

00001254 <GPIO_Init>:
    1254:	459c                	lw	a5,8(a1)
    1256:	0107f713          	andi	a4,a5,16
    125a:	00f7f813          	andi	a6,a5,15
    125e:	c701                	beqz	a4,1266 <GPIO_Init+0x12>
    1260:	41d8                	lw	a4,4(a1)
    1262:	00e86833          	or	a6,a6,a4
    1266:	218e                	lhu	a1,0(a1)
    1268:	0ff5f713          	andi	a4,a1,255
    126c:	c339                	beqz	a4,12b2 <GPIO_Init+0x5e>
    126e:	4118                	lw	a4,0(a0)
    1270:	4681                	li	a3,0
    1272:	4e85                	li	t4,1
    1274:	4f3d                	li	t5,15
    1276:	02800f93          	li	t6,40
    127a:	04800293          	li	t0,72
    127e:	4e21                	li	t3,8
    1280:	00de9633          	sll	a2,t4,a3
    1284:	00c5f8b3          	and	a7,a1,a2
    1288:	03161163          	bne	a2,a7,12aa <GPIO_Init+0x56>
    128c:	00269893          	slli	a7,a3,0x2
    1290:	011f1333          	sll	t1,t5,a7
    1294:	fff34313          	not	t1,t1
    1298:	00e37733          	and	a4,t1,a4
    129c:	011818b3          	sll	a7,a6,a7
    12a0:	00e8e733          	or	a4,a7,a4
    12a4:	05f79f63          	bne	a5,t6,1302 <GPIO_Init+0xae>
    12a8:	c950                	sw	a2,20(a0)
    12aa:	0685                	addi	a3,a3,1
    12ac:	fdc69ae3          	bne	a3,t3,1280 <GPIO_Init+0x2c>
    12b0:	c118                	sw	a4,0(a0)
    12b2:	0ff00713          	li	a4,255
    12b6:	04b77563          	bgeu	a4,a1,1300 <GPIO_Init+0xac>
    12ba:	4154                	lw	a3,4(a0)
    12bc:	4621                	li	a2,8
    12be:	4e85                	li	t4,1
    12c0:	4f3d                	li	t5,15
    12c2:	02800f93          	li	t6,40
    12c6:	04800293          	li	t0,72
    12ca:	4e41                	li	t3,16
    12cc:	00ce98b3          	sll	a7,t4,a2
    12d0:	0115f733          	and	a4,a1,a7
    12d4:	02e89263          	bne	a7,a4,12f8 <GPIO_Init+0xa4>
    12d8:	00261713          	slli	a4,a2,0x2
    12dc:	1701                	addi	a4,a4,-32
    12de:	00ef1333          	sll	t1,t5,a4
    12e2:	fff34313          	not	t1,t1
    12e6:	00d376b3          	and	a3,t1,a3
    12ea:	00e81733          	sll	a4,a6,a4
    12ee:	8ed9                	or	a3,a3,a4
    12f0:	01f79d63          	bne	a5,t6,130a <GPIO_Init+0xb6>
    12f4:	01152a23          	sw	a7,20(a0)
    12f8:	0605                	addi	a2,a2,1
    12fa:	fdc619e3          	bne	a2,t3,12cc <GPIO_Init+0x78>
    12fe:	c154                	sw	a3,4(a0)
    1300:	8082                	ret
    1302:	fa5794e3          	bne	a5,t0,12aa <GPIO_Init+0x56>
    1306:	c910                	sw	a2,16(a0)
    1308:	b74d                	j	12aa <GPIO_Init+0x56>
    130a:	fe5797e3          	bne	a5,t0,12f8 <GPIO_Init+0xa4>
    130e:	01152823          	sw	a7,16(a0)
    1312:	b7dd                	j	12f8 <GPIO_Init+0xa4>

00001314 <GPIO_SetBits>:
    1314:	c90c                	sw	a1,16(a0)
    1316:	8082                	ret

00001318 <GPIO_ResetBits>:
    1318:	c94c                	sw	a1,20(a0)
    131a:	8082                	ret

0000131c <I2C_Init>:
    131c:	e55fe2ef          	jal	t0,170 <__riscv_save_0>
    1320:	7179                	addi	sp,sp,-48
    1322:	2146                	lhu	s1,4(a0)
    1324:	842a                	mv	s0,a0
    1326:	0868                	addi	a0,sp,28
    1328:	c62e                	sw	a1,12(sp)
    132a:	22a5                	jal	1492 <RCC_GetClocksFreq>
    132c:	5792                	lw	a5,36(sp)
    132e:	000f4737          	lui	a4,0xf4
    1332:	24070713          	addi	a4,a4,576 # f4240 <_data_lma+0xe99f0>
    1336:	02e7d733          	divu	a4,a5,a4
    133a:	04c2                	slli	s1,s1,0x10
    133c:	80c1                	srli	s1,s1,0x10
    133e:	fc04f493          	andi	s1,s1,-64
    1342:	04c2                	slli	s1,s1,0x10
    1344:	039386b7          	lui	a3,0x3938
    1348:	80c1                	srli	s1,s1,0x10
    134a:	6ff68693          	addi	a3,a3,1791 # 39386ff <_data_lma+0x392deaf>
    134e:	45b2                	lw	a1,12(sp)
    1350:	0742                	slli	a4,a4,0x10
    1352:	8341                	srli	a4,a4,0x10
    1354:	8cd9                	or	s1,s1,a4
    1356:	00f6f463          	bgeu	a3,a5,135e <I2C_Init+0x42>
    135a:	03c00713          	li	a4,60
    135e:	a046                	sh	s1,4(s0)
    1360:	2016                	lhu	a3,0(s0)
    1362:	6661                	lui	a2,0x18
    1364:	6a060613          	addi	a2,a2,1696 # 186a0 <_data_lma+0xde50>
    1368:	06c2                	slli	a3,a3,0x10
    136a:	82c1                	srli	a3,a3,0x10
    136c:	9af9                	andi	a3,a3,-2
    136e:	06c2                	slli	a3,a3,0x10
    1370:	82c1                	srli	a3,a3,0x10
    1372:	a016                	sh	a3,0(s0)
    1374:	4194                	lw	a3,0(a1)
    1376:	04d66963          	bltu	a2,a3,13c8 <I2C_Init+0xac>
    137a:	0686                	slli	a3,a3,0x1
    137c:	02d7d7b3          	divu	a5,a5,a3
    1380:	4611                	li	a2,4
    1382:	01079693          	slli	a3,a5,0x10
    1386:	82c1                	srli	a3,a3,0x10
    1388:	87b6                	mv	a5,a3
    138a:	00c6f363          	bgeu	a3,a2,1390 <I2C_Init+0x74>
    138e:	4791                	li	a5,4
    1390:	07c2                	slli	a5,a5,0x10
    1392:	83c1                	srli	a5,a5,0x10
    1394:	0705                	addi	a4,a4,1
    1396:	0742                	slli	a4,a4,0x10
    1398:	8341                	srli	a4,a4,0x10
    139a:	b01a                	sh	a4,32(s0)
    139c:	ac5e                	sh	a5,28(s0)
    139e:	201e                	lhu	a5,0(s0)
    13a0:	21da                	lhu	a4,4(a1)
    13a2:	25b6                	lhu	a3,10(a1)
    13a4:	0017e793          	ori	a5,a5,1
    13a8:	a01e                	sh	a5,0(s0)
    13aa:	201e                	lhu	a5,0(s0)
    13ac:	8f55                	or	a4,a4,a3
    13ae:	07c2                	slli	a5,a5,0x10
    13b0:	83c1                	srli	a5,a5,0x10
    13b2:	bf57f793          	andi	a5,a5,-1035
    13b6:	8fd9                	or	a5,a5,a4
    13b8:	a01e                	sh	a5,0(s0)
    13ba:	259a                	lhu	a4,8(a1)
    13bc:	25de                	lhu	a5,12(a1)
    13be:	8fd9                	or	a5,a5,a4
    13c0:	a41e                	sh	a5,8(s0)
    13c2:	6145                	addi	sp,sp,48
    13c4:	dd1fe06f          	j	194 <__riscv_restore_0>
    13c8:	21ea                	lhu	a0,6(a1)
    13ca:	6631                	lui	a2,0xc
    13cc:	167d                	addi	a2,a2,-1
    13ce:	02c51963          	bne	a0,a2,1400 <I2C_Init+0xe4>
    13d2:	460d                	li	a2,3
    13d4:	02c686b3          	mul	a3,a3,a2
    13d8:	02d7d7b3          	divu	a5,a5,a3
    13dc:	07c2                	slli	a5,a5,0x10
    13de:	83c1                	srli	a5,a5,0x10
    13e0:	01479693          	slli	a3,a5,0x14
    13e4:	e299                	bnez	a3,13ea <I2C_Init+0xce>
    13e6:	0017e793          	ori	a5,a5,1
    13ea:	66a1                	lui	a3,0x8
    13ec:	8fd5                	or	a5,a5,a3
    13ee:	12c00693          	li	a3,300
    13f2:	02d70733          	mul	a4,a4,a3
    13f6:	3e800693          	li	a3,1000
    13fa:	02d74733          	div	a4,a4,a3
    13fe:	bf59                	j	1394 <I2C_Init+0x78>
    1400:	4665                	li	a2,25
    1402:	02c686b3          	mul	a3,a3,a2
    1406:	02d7d7b3          	divu	a5,a5,a3
    140a:	6691                	lui	a3,0x4
    140c:	07c2                	slli	a5,a5,0x10
    140e:	83c1                	srli	a5,a5,0x10
    1410:	8fd5                	or	a5,a5,a3
    1412:	b7f9                	j	13e0 <I2C_Init+0xc4>

00001414 <I2C_Cmd>:
    1414:	211e                	lhu	a5,0(a0)
    1416:	c589                	beqz	a1,1420 <I2C_Cmd+0xc>
    1418:	0017e793          	ori	a5,a5,1
    141c:	a11e                	sh	a5,0(a0)
    141e:	8082                	ret
    1420:	07c2                	slli	a5,a5,0x10
    1422:	83c1                	srli	a5,a5,0x10
    1424:	9bf9                	andi	a5,a5,-2
    1426:	07c2                	slli	a5,a5,0x10
    1428:	83c1                	srli	a5,a5,0x10
    142a:	bfcd                	j	141c <I2C_Cmd+0x8>

0000142c <NVIC_Init>:
    142c:	87c1a703          	lw	a4,-1924(gp) # 2000025c <NVIC_Priority_Group>
    1430:	4785                	li	a5,1
    1432:	2114                	lbu	a3,0(a0)
    1434:	02f71063          	bne	a4,a5,1454 <NVIC_Init+0x28>
    1438:	311c                	lbu	a5,1(a0)
    143a:	02e79c63          	bne	a5,a4,1472 <NVIC_Init+0x46>
    143e:	213c                	lbu	a5,2(a0)
    1440:	0796                	slli	a5,a5,0x5
    1442:	f807e793          	ori	a5,a5,-128
    1446:	e000e737          	lui	a4,0xe000e
    144a:	0ff7f793          	andi	a5,a5,255
    144e:	9736                	add	a4,a4,a3
    1450:	40f70023          	sb	a5,1024(a4) # e000e400 <_eusrstack+0xbfffe400>
    1454:	4705                	li	a4,1
    1456:	0056d793          	srli	a5,a3,0x5
    145a:	00d71733          	sll	a4,a4,a3
    145e:	4154                	lw	a3,4(a0)
    1460:	ce89                	beqz	a3,147a <NVIC_Init+0x4e>
    1462:	04078793          	addi	a5,a5,64
    1466:	078a                	slli	a5,a5,0x2
    1468:	e000e6b7          	lui	a3,0xe000e
    146c:	97b6                	add	a5,a5,a3
    146e:	c398                	sw	a4,0(a5)
    1470:	8082                	ret
    1472:	f3ed                	bnez	a5,1454 <NVIC_Init+0x28>
    1474:	213c                	lbu	a5,2(a0)
    1476:	0796                	slli	a5,a5,0x5
    1478:	b7f9                	j	1446 <NVIC_Init+0x1a>
    147a:	06078793          	addi	a5,a5,96
    147e:	b7e5                	j	1466 <NVIC_Init+0x3a>

00001480 <RCC_ADCCLKConfig>:
    1480:	400216b7          	lui	a3,0x40021
    1484:	42dc                	lw	a5,4(a3)
    1486:	7751                	lui	a4,0xffff4
    1488:	177d                	addi	a4,a4,-1
    148a:	8ff9                	and	a5,a5,a4
    148c:	8d5d                	or	a0,a0,a5
    148e:	c2c8                	sw	a0,4(a3)
    1490:	8082                	ret

00001492 <RCC_GetClocksFreq>:
    1492:	40021737          	lui	a4,0x40021
    1496:	435c                	lw	a5,4(a4)
    1498:	4691                	li	a3,4
    149a:	8bb1                	andi	a5,a5,12
    149c:	06d78563          	beq	a5,a3,1506 <RCC_GetClocksFreq+0x74>
    14a0:	46a1                	li	a3,8
    14a2:	06d78763          	beq	a5,a3,1510 <RCC_GetClocksFreq+0x7e>
    14a6:	007a17b7          	lui	a5,0x7a1
    14aa:	20078793          	addi	a5,a5,512 # 7a1200 <_data_lma+0x7969b0>
    14ae:	c11c                	sw	a5,0(a0)
    14b0:	40021637          	lui	a2,0x40021
    14b4:	425c                	lw	a5,4(a2)
    14b6:	20000737          	lui	a4,0x20000
    14ba:	00070713          	mv	a4,a4
    14be:	8391                	srli	a5,a5,0x4
    14c0:	8bbd                	andi	a5,a5,15
    14c2:	97ba                	add	a5,a5,a4
    14c4:	2394                	lbu	a3,0(a5)
    14c6:	411c                	lw	a5,0(a0)
    14c8:	00d7d7b3          	srl	a5,a5,a3
    14cc:	c15c                	sw	a5,4(a0)
    14ce:	4254                	lw	a3,4(a2)
    14d0:	82a1                	srli	a3,a3,0x8
    14d2:	8a9d                	andi	a3,a3,7
    14d4:	96ba                	add	a3,a3,a4
    14d6:	2294                	lbu	a3,0(a3)
    14d8:	00d7d6b3          	srl	a3,a5,a3
    14dc:	c514                	sw	a3,8(a0)
    14de:	4254                	lw	a3,4(a2)
    14e0:	82ad                	srli	a3,a3,0xb
    14e2:	8a9d                	andi	a3,a3,7
    14e4:	9736                	add	a4,a4,a3
    14e6:	2318                	lbu	a4,0(a4)
    14e8:	00e7d7b3          	srl	a5,a5,a4
    14ec:	c55c                	sw	a5,12(a0)
    14ee:	4258                	lw	a4,4(a2)
    14f0:	8339                	srli	a4,a4,0xe
    14f2:	00377693          	andi	a3,a4,3
    14f6:	81c18713          	addi	a4,gp,-2020 # 200001fc <ADCPrescTable>
    14fa:	9736                	add	a4,a4,a3
    14fc:	2318                	lbu	a4,0(a4)
    14fe:	02e7d7b3          	divu	a5,a5,a4
    1502:	c91c                	sw	a5,16(a0)
    1504:	8082                	ret
    1506:	01e857b7          	lui	a5,0x1e85
    150a:	80078793          	addi	a5,a5,-2048 # 1e84800 <_data_lma+0x1e79fb0>
    150e:	b745                	j	14ae <RCC_GetClocksFreq+0x1c>
    1510:	435c                	lw	a5,4(a4)
    1512:	4358                	lw	a4,4(a4)
    1514:	66c1                	lui	a3,0x10
    1516:	83c9                	srli	a5,a5,0x12
    1518:	8bbd                	andi	a5,a5,15
    151a:	8f75                	and	a4,a4,a3
    151c:	0789                	addi	a5,a5,2
    151e:	46c5                	li	a3,17
    1520:	00d79363          	bne	a5,a3,1526 <RCC_GetClocksFreq+0x94>
    1524:	47c9                	li	a5,18
    1526:	ef01                	bnez	a4,153e <RCC_GetClocksFreq+0xac>
    1528:	40024737          	lui	a4,0x40024
    152c:	80072703          	lw	a4,-2048(a4) # 40023800 <_eusrstack+0x20013800>
    1530:	8b41                	andi	a4,a4,16
    1532:	cb15                	beqz	a4,1566 <RCC_GetClocksFreq+0xd4>
    1534:	007a1737          	lui	a4,0x7a1
    1538:	20070713          	addi	a4,a4,512 # 7a1200 <_data_lma+0x7969b0>
    153c:	a829                	j	1556 <RCC_GetClocksFreq+0xc4>
    153e:	400216b7          	lui	a3,0x40021
    1542:	42d8                	lw	a4,4(a3)
    1544:	00c00637          	lui	a2,0xc00
    1548:	8f71                	and	a4,a4,a2
    154a:	00c71963          	bne	a4,a2,155c <RCC_GetClocksFreq+0xca>
    154e:	00f42737          	lui	a4,0xf42
    1552:	40070713          	addi	a4,a4,1024 # f42400 <_data_lma+0xf37bb0>
    1556:	02e787b3          	mul	a5,a5,a4
    155a:	bf91                	j	14ae <RCC_GetClocksFreq+0x1c>
    155c:	42d8                	lw	a4,4(a3)
    155e:	00e71693          	slli	a3,a4,0xe
    1562:	fc06d9e3          	bgez	a3,1534 <RCC_GetClocksFreq+0xa2>
    1566:	003d1737          	lui	a4,0x3d1
    156a:	90070713          	addi	a4,a4,-1792 # 3d0900 <_data_lma+0x3c60b0>
    156e:	b7e5                	j	1556 <RCC_GetClocksFreq+0xc4>

00001570 <RCC_APB2PeriphClockCmd>:
    1570:	c599                	beqz	a1,157e <RCC_APB2PeriphClockCmd+0xe>
    1572:	40021737          	lui	a4,0x40021
    1576:	4f1c                	lw	a5,24(a4)
    1578:	8d5d                	or	a0,a0,a5
    157a:	cf08                	sw	a0,24(a4)
    157c:	8082                	ret
    157e:	400217b7          	lui	a5,0x40021
    1582:	4f98                	lw	a4,24(a5)
    1584:	fff54513          	not	a0,a0
    1588:	8d79                	and	a0,a0,a4
    158a:	cf88                	sw	a0,24(a5)
    158c:	8082                	ret

0000158e <RCC_APB1PeriphClockCmd>:
    158e:	c599                	beqz	a1,159c <RCC_APB1PeriphClockCmd+0xe>
    1590:	40021737          	lui	a4,0x40021
    1594:	4f5c                	lw	a5,28(a4)
    1596:	8d5d                	or	a0,a0,a5
    1598:	cf48                	sw	a0,28(a4)
    159a:	8082                	ret
    159c:	400217b7          	lui	a5,0x40021
    15a0:	4fd8                	lw	a4,28(a5)
    15a2:	fff54513          	not	a0,a0
    15a6:	8d79                	and	a0,a0,a4
    15a8:	cfc8                	sw	a0,28(a5)
    15aa:	8082                	ret

000015ac <RCC_ETHDIVConfig>:
    15ac:	400217b7          	lui	a5,0x40021
    15b0:	43d8                	lw	a4,4(a5)
    15b2:	f00006b7          	lui	a3,0xf0000
    15b6:	16fd                	addi	a3,a3,-1
    15b8:	8f75                	and	a4,a4,a3
    15ba:	c3d8                	sw	a4,4(a5)
    15bc:	43d8                	lw	a4,4(a5)
    15be:	0572                	slli	a0,a0,0x1c
    15c0:	8d59                	or	a0,a0,a4
    15c2:	c3c8                	sw	a0,4(a5)
    15c4:	8082                	ret

000015c6 <TIM_TimeBaseInit>:
    15c6:	211e                	lhu	a5,0(a0)
    15c8:	40013737          	lui	a4,0x40013
    15cc:	c0070713          	addi	a4,a4,-1024 # 40012c00 <_eusrstack+0x20002c00>
    15d0:	07c2                	slli	a5,a5,0x10
    15d2:	83c1                	srli	a5,a5,0x10
    15d4:	02e50463          	beq	a0,a4,15fc <TIM_TimeBaseInit+0x36>
    15d8:	40000737          	lui	a4,0x40000
    15dc:	02e50063          	beq	a0,a4,15fc <TIM_TimeBaseInit+0x36>
    15e0:	40070713          	addi	a4,a4,1024 # 40000400 <_eusrstack+0x1fff0400>
    15e4:	00e50c63          	beq	a0,a4,15fc <TIM_TimeBaseInit+0x36>
    15e8:	40001737          	lui	a4,0x40001
    15ec:	80070693          	addi	a3,a4,-2048 # 40000800 <_eusrstack+0x1fff0800>
    15f0:	00d50663          	beq	a0,a3,15fc <TIM_TimeBaseInit+0x36>
    15f4:	c0070713          	addi	a4,a4,-1024
    15f8:	00e51663          	bne	a0,a4,1604 <TIM_TimeBaseInit+0x3e>
    15fc:	21ba                	lhu	a4,2(a1)
    15fe:	f8f7f793          	andi	a5,a5,-113
    1602:	8fd9                	or	a5,a5,a4
    1604:	21fa                	lhu	a4,6(a1)
    1606:	cff7f793          	andi	a5,a5,-769
    160a:	07c2                	slli	a5,a5,0x10
    160c:	83c1                	srli	a5,a5,0x10
    160e:	8fd9                	or	a5,a5,a4
    1610:	a11e                	sh	a5,0(a0)
    1612:	21de                	lhu	a5,4(a1)
    1614:	b55e                	sh	a5,44(a0)
    1616:	219e                	lhu	a5,0(a1)
    1618:	b51e                	sh	a5,40(a0)
    161a:	400137b7          	lui	a5,0x40013
    161e:	c0078793          	addi	a5,a5,-1024 # 40012c00 <_eusrstack+0x20002c00>
    1622:	00f51463          	bne	a0,a5,162a <TIM_TimeBaseInit+0x64>
    1626:	259c                	lbu	a5,8(a1)
    1628:	b91e                	sh	a5,48(a0)
    162a:	4785                	li	a5,1
    162c:	a95e                	sh	a5,20(a0)
    162e:	8082                	ret

00001630 <TIM_Cmd>:
    1630:	211e                	lhu	a5,0(a0)
    1632:	c589                	beqz	a1,163c <TIM_Cmd+0xc>
    1634:	0017e793          	ori	a5,a5,1
    1638:	a11e                	sh	a5,0(a0)
    163a:	8082                	ret
    163c:	07c2                	slli	a5,a5,0x10
    163e:	83c1                	srli	a5,a5,0x10
    1640:	9bf9                	andi	a5,a5,-2
    1642:	07c2                	slli	a5,a5,0x10
    1644:	83c1                	srli	a5,a5,0x10
    1646:	bfcd                	j	1638 <TIM_Cmd+0x8>

00001648 <TIM_ITConfig>:
    1648:	255e                	lhu	a5,12(a0)
    164a:	c601                	beqz	a2,1652 <TIM_ITConfig+0xa>
    164c:	8ddd                	or	a1,a1,a5
    164e:	a54e                	sh	a1,12(a0)
    1650:	8082                	ret
    1652:	fff5c593          	not	a1,a1
    1656:	8dfd                	and	a1,a1,a5
    1658:	bfdd                	j	164e <TIM_ITConfig+0x6>

0000165a <TIM_ClearITPendingBit>:
    165a:	fff5c593          	not	a1,a1
    165e:	05c2                	slli	a1,a1,0x10
    1660:	81c1                	srli	a1,a1,0x10
    1662:	a90e                	sh	a1,16(a0)
    1664:	8082                	ret

00001666 <USART_Init>:
    1666:	b0bfe2ef          	jal	t0,170 <__riscv_save_0>
    166a:	2916                	lhu	a3,16(a0)
    166c:	77f5                	lui	a5,0xffffd
    166e:	17fd                	addi	a5,a5,-1
    1670:	8ff5                	and	a5,a5,a3
    1672:	21f6                	lhu	a3,6(a1)
    1674:	25da                	lhu	a4,12(a1)
    1676:	7179                	addi	sp,sp,-48
    1678:	8fd5                	or	a5,a5,a3
    167a:	a91e                	sh	a5,16(a0)
    167c:	2556                	lhu	a3,12(a0)
    167e:	77fd                	lui	a5,0xfffff
    1680:	9f378793          	addi	a5,a5,-1549 # ffffe9f3 <_eusrstack+0xdffee9f3>
    1684:	8ff5                	and	a5,a5,a3
    1686:	21d6                	lhu	a3,4(a1)
    1688:	842a                	mv	s0,a0
    168a:	c62e                	sw	a1,12(sp)
    168c:	8fd5                	or	a5,a5,a3
    168e:	2596                	lhu	a3,8(a1)
    1690:	8fd5                	or	a5,a5,a3
    1692:	25b6                	lhu	a3,10(a1)
    1694:	8fd5                	or	a5,a5,a3
    1696:	a55e                	sh	a5,12(a0)
    1698:	295e                	lhu	a5,20(a0)
    169a:	07c2                	slli	a5,a5,0x10
    169c:	83c1                	srli	a5,a5,0x10
    169e:	cff7f793          	andi	a5,a5,-769
    16a2:	8fd9                	or	a5,a5,a4
    16a4:	a95e                	sh	a5,20(a0)
    16a6:	0868                	addi	a0,sp,28
    16a8:	33ed                	jal	1492 <RCC_GetClocksFreq>
    16aa:	400147b7          	lui	a5,0x40014
    16ae:	80078793          	addi	a5,a5,-2048 # 40013800 <_eusrstack+0x20003800>
    16b2:	45b2                	lw	a1,12(sp)
    16b4:	02f41e63          	bne	s0,a5,16f0 <USART_Init+0x8a>
    16b8:	57a2                	lw	a5,40(sp)
    16ba:	4765                	li	a4,25
    16bc:	02e787b3          	mul	a5,a5,a4
    16c0:	4198                	lw	a4,0(a1)
    16c2:	06400693          	li	a3,100
    16c6:	070a                	slli	a4,a4,0x2
    16c8:	02e7d7b3          	divu	a5,a5,a4
    16cc:	02d7d733          	divu	a4,a5,a3
    16d0:	02d7f7b3          	remu	a5,a5,a3
    16d4:	0712                	slli	a4,a4,0x4
    16d6:	0792                	slli	a5,a5,0x4
    16d8:	03278793          	addi	a5,a5,50
    16dc:	02d7d7b3          	divu	a5,a5,a3
    16e0:	8bbd                	andi	a5,a5,15
    16e2:	8fd9                	or	a5,a5,a4
    16e4:	07c2                	slli	a5,a5,0x10
    16e6:	83c1                	srli	a5,a5,0x10
    16e8:	a41e                	sh	a5,8(s0)
    16ea:	6145                	addi	sp,sp,48
    16ec:	aa9fe06f          	j	194 <__riscv_restore_0>
    16f0:	5792                	lw	a5,36(sp)
    16f2:	b7e1                	j	16ba <USART_Init+0x54>

000016f4 <USART_Cmd>:
    16f4:	c591                	beqz	a1,1700 <USART_Cmd+0xc>
    16f6:	255e                	lhu	a5,12(a0)
    16f8:	6709                	lui	a4,0x2
    16fa:	8fd9                	or	a5,a5,a4
    16fc:	a55e                	sh	a5,12(a0)
    16fe:	8082                	ret
    1700:	255a                	lhu	a4,12(a0)
    1702:	77f9                	lui	a5,0xffffe
    1704:	17fd                	addi	a5,a5,-1
    1706:	8ff9                	and	a5,a5,a4
    1708:	bfd5                	j	16fc <USART_Cmd+0x8>

0000170a <USART_SendData>:
    170a:	1ff5f593          	andi	a1,a1,511
    170e:	a14e                	sh	a1,4(a0)
    1710:	8082                	ret

00001712 <USART_GetFlagStatus>:
    1712:	210a                	lhu	a0,0(a0)
    1714:	8d6d                	and	a0,a0,a1
    1716:	00a03533          	snez	a0,a0
    171a:	8082                	ret

0000171c <ETH_TxPktChainMode>:
    171c:	88818793          	addi	a5,gp,-1912 # 20000268 <DMATxDescToSet>
    1720:	4398                	lw	a4,0(a5)
    1722:	4314                	lw	a3,0(a4)
    1724:	0206c663          	bltz	a3,1750 <ETH_TxPktChainMode+0x34>
    1728:	4314                	lw	a3,0(a4)
    172a:	80000637          	lui	a2,0x80000
    172e:	05c2                	slli	a1,a1,0x10
    1730:	8ed1                	or	a3,a3,a2
    1732:	c314                	sw	a3,0(a4)
    1734:	40028737          	lui	a4,0x40028
    1738:	a72a                	sh	a0,10(a4)
    173a:	81c1                	srli	a1,a1,0x10
    173c:	a70e                	sh	a1,8(a4)
    173e:	3374                	lbu	a3,7(a4)
    1740:	4505                	li	a0,1
    1742:	0086e693          	ori	a3,a3,8
    1746:	b374                	sb	a3,7(a4)
    1748:	4398                	lw	a4,0(a5)
    174a:	4758                	lw	a4,12(a4)
    174c:	c398                	sw	a4,0(a5)
    174e:	8082                	ret
    1750:	4501                	li	a0,0
    1752:	8082                	ret

00001754 <ETH_LedDataSet>:
    1754:	a1dfe2ef          	jal	t0,170 <__riscv_save_0>
    1758:	4785                	li	a5,1
    175a:	04000593          	li	a1,64
    175e:	00f51a63          	bne	a0,a5,1772 <ETH_LedDataSet+0x1e>
    1762:	40011537          	lui	a0,0x40011
    1766:	c0050513          	addi	a0,a0,-1024 # 40010c00 <_eusrstack+0x20000c00>
    176a:	babff0ef          	jal	ra,1314 <GPIO_SetBits>
    176e:	a27fe06f          	j	194 <__riscv_restore_0>
    1772:	40011537          	lui	a0,0x40011
    1776:	c0050513          	addi	a0,a0,-1024 # 40010c00 <_eusrstack+0x20000c00>
    177a:	b9fff0ef          	jal	ra,1318 <GPIO_ResetBits>
    177e:	bfc5                	j	176e <ETH_LedDataSet+0x1a>

00001780 <ETH_LedLinkSet>:
    1780:	9f1fe2ef          	jal	t0,170 <__riscv_save_0>
    1784:	4785                	li	a5,1
    1786:	08000593          	li	a1,128
    178a:	00f51a63          	bne	a0,a5,179e <ETH_LedLinkSet+0x1e>
    178e:	40011537          	lui	a0,0x40011
    1792:	c0050513          	addi	a0,a0,-1024 # 40010c00 <_eusrstack+0x20000c00>
    1796:	b7fff0ef          	jal	ra,1314 <GPIO_SetBits>
    179a:	9fbfe06f          	j	194 <__riscv_restore_0>
    179e:	40011537          	lui	a0,0x40011
    17a2:	c0050513          	addi	a0,a0,-1024 # 40010c00 <_eusrstack+0x20000c00>
    17a6:	b73ff0ef          	jal	ra,1318 <GPIO_ResetBits>
    17aa:	bfc5                	j	179a <ETH_LedLinkSet+0x1a>

000017ac <WCHNET_GetMacAddr>:
    17ac:	1ffff737          	lui	a4,0x1ffff
    17b0:	4781                	li	a5,0
    17b2:	7ed70713          	addi	a4,a4,2029 # 1ffff7ed <_data_lma+0x1fff4f9d>
    17b6:	4699                	li	a3,6
    17b8:	40f70633          	sub	a2,a4,a5
    17bc:	220c                	lbu	a1,0(a2)
    17be:	00f50633          	add	a2,a0,a5
    17c2:	0785                	addi	a5,a5,1
    17c4:	a20c                	sb	a1,0(a2)
    17c6:	fed799e3          	bne	a5,a3,17b8 <WCHNET_GetMacAddr+0xc>
    17ca:	8082                	ret

000017cc <WCHNET_TimeIsr>:
    17cc:	88c18793          	addi	a5,gp,-1908 # 2000026c <LocalTime>
    17d0:	4398                	lw	a4,0(a5)
    17d2:	953a                	add	a0,a0,a4
    17d4:	c388                	sw	a0,0(a5)
    17d6:	8082                	ret

000017d8 <WCHNET_LinkProcess>:
    17d8:	999fe2ef          	jal	t0,170 <__riscv_save_0>
    17dc:	40028437          	lui	s0,0x40028
    17e0:	4795                	li	a5,5
    17e2:	02f40223          	sb	a5,36(s0) # 40028024 <_eusrstack+0x20018024>
    17e6:	4785                	li	a5,1
    17e8:	3016                	lhu	a3,32(s0)
    17ea:	02f40223          	sb	a5,36(s0)
    17ee:	301a                	lhu	a4,32(s0)
    17f0:	8afd                	andi	a3,a3,31
    17f2:	0742                	slli	a4,a4,0x10
    17f4:	8341                	srli	a4,a4,0x10
    17f6:	89a18793          	addi	a5,gp,-1894 # 2000027a <phyLinkStatus>
    17fa:	cedd                	beqz	a3,18b8 <WCHNET_LinkProcess+0xe0>
    17fc:	2394                	lbu	a3,0(a5)
    17fe:	01869613          	slli	a2,a3,0x18
    1802:	8661                	srai	a2,a2,0x18
    1804:	04064a63          	bltz	a2,1858 <WCHNET_LinkProcess+0x80>
    1808:	82018713          	addi	a4,gp,-2016 # 20000200 <phyPN>
    180c:	2310                	lbu	a2,0(a4)
    180e:	00c67593          	andi	a1,a2,12
    1812:	e991                	bnez	a1,1826 <WCHNET_LinkProcess+0x4e>
    1814:	8a0181a3          	sb	zero,-1885(gp) # 20000283 <phySucCnt>
    1818:	88018c23          	sb	zero,-1896(gp) # 20000278 <phyLinkCnt>
    181c:	f8000713          	li	a4,-128
    1820:	a398                	sb	a4,0(a5)
    1822:	973fe06f          	j	194 <__riscv_restore_0>
    1826:	0026f593          	andi	a1,a3,2
    182a:	f5ed                	bnez	a1,1814 <WCHNET_LinkProcess+0x3c>
    182c:	0026e693          	ori	a3,a3,2
    1830:	9a6d                	andi	a2,a2,-5
    1832:	a310                	sb	a2,0(a4)
    1834:	8a0180a3          	sb	zero,-1887(gp) # 20000281 <phyRetryCnt>
    1838:	a394                	sb	a3,0(a5)
    183a:	02040223          	sb	zero,36(s0)
    183e:	301e                	lhu	a5,32(s0)
    1840:	2007e793          	ori	a5,a5,512
    1844:	07c2                	slli	a5,a5,0x10
    1846:	1007e793          	ori	a5,a5,256
    184a:	d05c                	sw	a5,36(s0)
    184c:	231c                	lbu	a5,0(a4)
    184e:	07c2                	slli	a5,a5,0x10
    1850:	11e7e793          	ori	a5,a5,286
    1854:	d05c                	sw	a5,36(s0)
    1856:	b7f1                	j	1822 <WCHNET_LinkProcess+0x4a>
    1858:	8a318693          	addi	a3,gp,-1885 # 20000283 <phySucCnt>
    185c:	2290                	lbu	a2,0(a3)
    185e:	00160593          	addi	a1,a2,1 # 80000001 <_eusrstack+0x5fff0001>
    1862:	a28c                	sb	a1,0(a3)
    1864:	4595                	li	a1,5
    1866:	fab61ee3          	bne	a2,a1,1822 <WCHNET_LinkProcess+0x4a>
    186a:	02077713          	andi	a4,a4,32
    186e:	fb55                	bnez	a4,1822 <WCHNET_LinkProcess+0x4a>
    1870:	8a0180a3          	sb	zero,-1887(gp) # 20000281 <phyRetryCnt>
    1874:	00068023          	sb	zero,0(a3) # f0000000 <_eusrstack+0xcfff0000>
    1878:	8a018023          	sb	zero,-1888(gp) # 20000280 <phyPNChangeCnt>
    187c:	00078023          	sb	zero,0(a5) # ffffe000 <_eusrstack+0xdffee000>
    1880:	02040223          	sb	zero,36(s0)
    1884:	301e                	lhu	a5,32(s0)
    1886:	2007e793          	ori	a5,a5,512
    188a:	07c2                	slli	a5,a5,0x10
    188c:	1007e793          	ori	a5,a5,256
    1890:	d05c                	sw	a5,36(s0)
    1892:	8201c683          	lbu	a3,-2016(gp) # 20000200 <phyPN>
    1896:	82018713          	addi	a4,gp,-2016 # 20000200 <phyPN>
    189a:	00c6f613          	andi	a2,a3,12
    189e:	0fb6f793          	andi	a5,a3,251
    18a2:	e219                	bnez	a2,18a8 <WCHNET_LinkProcess+0xd0>
    18a4:	0046e793          	ori	a5,a3,4
    18a8:	a31c                	sb	a5,0(a4)
    18aa:	07c2                	slli	a5,a5,0x10
    18ac:	11e7e793          	ori	a5,a5,286
    18b0:	40028737          	lui	a4,0x40028
    18b4:	d35c                	sw	a5,36(a4)
    18b6:	b7b5                	j	1822 <WCHNET_LinkProcess+0x4a>
    18b8:	02077713          	andi	a4,a4,32
    18bc:	ff21                	bnez	a4,1814 <WCHNET_LinkProcess+0x3c>
    18be:	2398                	lbu	a4,0(a5)
    18c0:	08000693          	li	a3,128
    18c4:	02d71463          	bne	a4,a3,18ec <WCHNET_LinkProcess+0x114>
    18c8:	89818713          	addi	a4,gp,-1896 # 20000278 <phyLinkCnt>
    18cc:	2314                	lbu	a3,0(a4)
    18ce:	4629                	li	a2,10
    18d0:	00c68563          	beq	a3,a2,18da <WCHNET_LinkProcess+0x102>
    18d4:	0685                	addi	a3,a3,1
    18d6:	a314                	sb	a3,0(a4)
    18d8:	b7a9                	j	1822 <WCHNET_LinkProcess+0x4a>
    18da:	00070023          	sb	zero,0(a4) # 40028000 <_eusrstack+0x20018000>
    18de:	8a0180a3          	sb	zero,-1887(gp) # 20000281 <phyRetryCnt>
    18e2:	8a018023          	sb	zero,-1888(gp) # 20000280 <phyPNChangeCnt>
    18e6:	00078023          	sb	zero,0(a5)
    18ea:	bf25                	j	1822 <WCHNET_LinkProcess+0x4a>
    18ec:	ef05                	bnez	a4,1924 <WCHNET_LinkProcess+0x14c>
    18ee:	8a018793          	addi	a5,gp,-1888 # 20000280 <phyPNChangeCnt>
    18f2:	2394                	lbu	a3,0(a5)
    18f4:	4629                	li	a2,10
    18f6:	00168713          	addi	a4,a3,1
    18fa:	a398                	sb	a4,0(a5)
    18fc:	82018713          	addi	a4,gp,-2016 # 20000200 <phyPN>
    1900:	00c69e63          	bne	a3,a2,191c <WCHNET_LinkProcess+0x144>
    1904:	00078023          	sb	zero,0(a5)
    1908:	47f9                	li	a5,30
    190a:	02f40223          	sb	a5,36(s0)
    190e:	301e                	lhu	a5,32(s0)
    1910:	0f37f793          	andi	a5,a5,243
    1914:	0037c793          	xori	a5,a5,3
    1918:	a31c                	sb	a5,0(a4)
    191a:	bf15                	j	184e <WCHNET_LinkProcess+0x76>
    191c:	2314                	lbu	a3,0(a4)
    191e:	00c6f613          	andi	a2,a3,12
    1922:	bfb5                	j	189e <WCHNET_LinkProcess+0xc6>
    1924:	4689                	li	a3,2
    1926:	eed71ee3          	bne	a4,a3,1822 <WCHNET_LinkProcess+0x4a>
    192a:	82018493          	addi	s1,gp,-2016 # 20000200 <phyPN>
    192e:	2098                	lbu	a4,0(s1)
    1930:	00c77693          	andi	a3,a4,12
    1934:	e28d                	bnez	a3,1956 <WCHNET_LinkProcess+0x17e>
    1936:	00476713          	ori	a4,a4,4
    193a:	a098                	sb	a4,0(s1)
    193c:	02040223          	sb	zero,36(s0)
    1940:	301e                	lhu	a5,32(s0)
    1942:	4529                	li	a0,10
    1944:	2007e793          	ori	a5,a5,512
    1948:	07c2                	slli	a5,a5,0x10
    194a:	1007e793          	ori	a5,a5,256
    194e:	d05c                	sw	a5,36(s0)
    1950:	2b0d                	jal	1e82 <Delay_Us>
    1952:	209c                	lbu	a5,0(s1)
    1954:	bded                	j	184e <WCHNET_LinkProcess+0x76>
    1956:	8a118713          	addi	a4,gp,-1887 # 20000281 <phyRetryCnt>
    195a:	2314                	lbu	a3,0(a4)
    195c:	463d                	li	a2,15
    195e:	f6c69be3          	bne	a3,a2,18d4 <WCHNET_LinkProcess+0xfc>
    1962:	00070023          	sb	zero,0(a4)
    1966:	bfb5                	j	18e2 <WCHNET_LinkProcess+0x10a>

00001968 <WCHNET_PhyPNProcess>:
    1968:	88c1a703          	lw	a4,-1908(gp) # 2000026c <LocalTime>
    196c:	88e1ae23          	sw	a4,-1892(gp) # 2000027c <phyLinkTime>
    1970:	8801c603          	lbu	a2,-1920(gp) # 20000260 <CRCErrPktCnt>
    1974:	4709                	li	a4,2
    1976:	88018693          	addi	a3,gp,-1920 # 20000260 <CRCErrPktCnt>
    197a:	02c77a63          	bgeu	a4,a2,19ae <WCHNET_PhyPNProcess+0x46>
    197e:	400287b7          	lui	a5,0x40028
    1982:	4779                	li	a4,30
    1984:	02e78223          	sb	a4,36(a5) # 40028024 <_eusrstack+0x20018024>
    1988:	339a                	lhu	a4,32(a5)
    198a:	0742                	slli	a4,a4,0x10
    198c:	8341                	srli	a4,a4,0x10
    198e:	00275613          	srli	a2,a4,0x2
    1992:	8a05                	andi	a2,a2,1
    1994:	00476793          	ori	a5,a4,4
    1998:	c219                	beqz	a2,199e <WCHNET_PhyPNProcess+0x36>
    199a:	ff377793          	andi	a5,a4,-13
    199e:	07c2                	slli	a5,a5,0x10
    19a0:	11e7e793          	ori	a5,a5,286
    19a4:	40028737          	lui	a4,0x40028
    19a8:	d35c                	sw	a5,36(a4)
    19aa:	00068023          	sb	zero,0(a3)
    19ae:	8082                	ret

000019b0 <WCHNET_HandlePhyNegotiation>:
    19b0:	89918793          	addi	a5,gp,-1895 # 20000279 <phyLinkReset>
    19b4:	2398                	lbu	a4,0(a5)
    19b6:	0ff77713          	andi	a4,a4,255
    19ba:	cb21                	beqz	a4,1a0a <WCHNET_HandlePhyNegotiation+0x5a>
    19bc:	88c1a703          	lw	a4,-1908(gp) # 2000026c <LocalTime>
    19c0:	89c1a683          	lw	a3,-1892(gp) # 2000027c <phyLinkTime>
    19c4:	8f15                	sub	a4,a4,a3
    19c6:	1f300693          	li	a3,499
    19ca:	08e6f363          	bgeu	a3,a4,1a50 <WCHNET_HandlePhyNegotiation+0xa0>
    19ce:	00078023          	sb	zero,0(a5)
    19d2:	40024737          	lui	a4,0x40024
    19d6:	80072783          	lw	a5,-2048(a4) # 40023800 <_eusrstack+0x20013800>
    19da:	0047e793          	ori	a5,a5,4
    19de:	80f72023          	sw	a5,-2048(a4)
    19e2:	800007b7          	lui	a5,0x80000
    19e6:	10078793          	addi	a5,a5,256 # 80000100 <_eusrstack+0x5fff0100>
    19ea:	40028737          	lui	a4,0x40028
    19ee:	d35c                	sw	a5,36(a4)
    19f0:	8a0181a3          	sb	zero,-1885(gp) # 20000283 <phySucCnt>
    19f4:	8a018123          	sb	zero,-1886(gp) # 20000282 <phyStatus>
    19f8:	88018c23          	sb	zero,-1896(gp) # 20000278 <phyLinkCnt>
    19fc:	8a0180a3          	sb	zero,-1887(gp) # 20000281 <phyRetryCnt>
    1a00:	8a018023          	sb	zero,-1888(gp) # 20000280 <phyPNChangeCnt>
    1a04:	88018d23          	sb	zero,-1894(gp) # 2000027a <phyLinkStatus>
    1a08:	8082                	ret
    1a0a:	f66fe2ef          	jal	t0,170 <__riscv_save_0>
    1a0e:	8a21c783          	lbu	a5,-1886(gp) # 20000282 <phyStatus>
    1a12:	e38d                	bnez	a5,1a34 <WCHNET_HandlePhyNegotiation+0x84>
    1a14:	88c18713          	addi	a4,gp,-1908 # 2000026c <LocalTime>
    1a18:	89c18793          	addi	a5,gp,-1892 # 2000027c <phyLinkTime>
    1a1c:	4314                	lw	a3,0(a4)
    1a1e:	4390                	lw	a2,0(a5)
    1a20:	8e91                	sub	a3,a3,a2
    1a22:	03100613          	li	a2,49
    1a26:	00d67563          	bgeu	a2,a3,1a30 <WCHNET_HandlePhyNegotiation+0x80>
    1a2a:	4318                	lw	a4,0(a4)
    1a2c:	c398                	sw	a4,0(a5)
    1a2e:	336d                	jal	17d8 <WCHNET_LinkProcess>
    1a30:	f64fe06f          	j	194 <__riscv_restore_0>
    1a34:	8901c783          	lbu	a5,-1904(gp) # 20000270 <PhyPolarityDetect>
    1a38:	dfe5                	beqz	a5,1a30 <WCHNET_HandlePhyNegotiation+0x80>
    1a3a:	88c1a783          	lw	a5,-1908(gp) # 2000026c <LocalTime>
    1a3e:	89c1a703          	lw	a4,-1892(gp) # 2000027c <phyLinkTime>
    1a42:	8f99                	sub	a5,a5,a4
    1a44:	06300713          	li	a4,99
    1a48:	fef774e3          	bgeu	a4,a5,1a30 <WCHNET_HandlePhyNegotiation+0x80>
    1a4c:	3f31                	jal	1968 <WCHNET_PhyPNProcess>
    1a4e:	b7cd                	j	1a30 <WCHNET_HandlePhyNegotiation+0x80>
    1a50:	8082                	ret

00001a52 <WCHNET_MainTask>:
    1a52:	f1efe2ef          	jal	t0,170 <__riscv_save_0>
    1a56:	72a000ef          	jal	ra,2180 <WCHNET_NetInput>
    1a5a:	23bd                	jal	1fc8 <WCHNET_PeriodicHandle>
    1a5c:	3f91                	jal	19b0 <WCHNET_HandlePhyNegotiation>
    1a5e:	f36fe06f          	j	194 <__riscv_restore_0>

00001a62 <ETH_LedConfiguration>:
    1a62:	f0efe2ef          	jal	t0,170 <__riscv_save_0>
    1a66:	1141                	addi	sp,sp,-16
    1a68:	4585                	li	a1,1
    1a6a:	4521                	li	a0,8
    1a6c:	c202                	sw	zero,4(sp)
    1a6e:	c402                	sw	zero,8(sp)
    1a70:	c602                	sw	zero,12(sp)
    1a72:	affff0ef          	jal	ra,1570 <RCC_APB2PeriphClockCmd>
    1a76:	0c000793          	li	a5,192
    1a7a:	40011437          	lui	s0,0x40011
    1a7e:	827c                	sh	a5,4(sp)
    1a80:	47c1                	li	a5,16
    1a82:	c63e                	sw	a5,12(sp)
    1a84:	004c                	addi	a1,sp,4
    1a86:	478d                	li	a5,3
    1a88:	c0040513          	addi	a0,s0,-1024 # 40010c00 <_eusrstack+0x20000c00>
    1a8c:	c43e                	sw	a5,8(sp)
    1a8e:	fc6ff0ef          	jal	ra,1254 <GPIO_Init>
    1a92:	c0040513          	addi	a0,s0,-1024
    1a96:	04000593          	li	a1,64
    1a9a:	87bff0ef          	jal	ra,1314 <GPIO_SetBits>
    1a9e:	08000593          	li	a1,128
    1aa2:	c0040513          	addi	a0,s0,-1024
    1aa6:	86fff0ef          	jal	ra,1314 <GPIO_SetBits>
    1aaa:	0141                	addi	sp,sp,16
    1aac:	ee8fe06f          	j	194 <__riscv_restore_0>

00001ab0 <ETH_DMARxDescChainInit>:
    1ab0:	88a1a223          	sw	a0,-1916(gp) # 20000264 <DMARxDescToGet>
    1ab4:	800008b7          	lui	a7,0x80000
    1ab8:	4781                	li	a5,0
    1aba:	60000313          	li	t1,1536
    1abe:	fff60e13          	addi	t3,a2,-1
    1ac2:	00c7e363          	bltu	a5,a2,1ac8 <ETH_DMARxDescChainInit+0x18>
    1ac6:	8082                	ret
    1ac8:	02678833          	mul	a6,a5,t1
    1acc:	00479713          	slli	a4,a5,0x4
    1ad0:	00e506b3          	add	a3,a0,a4
    1ad4:	0116a023          	sw	a7,0(a3)
    1ad8:	982e                	add	a6,a6,a1
    1ada:	0106a423          	sw	a6,8(a3)
    1ade:	882a                	mv	a6,a0
    1ae0:	01c7f563          	bgeu	a5,t3,1aea <ETH_DMARxDescChainInit+0x3a>
    1ae4:	0741                	addi	a4,a4,16
    1ae6:	00e50833          	add	a6,a0,a4
    1aea:	0785                	addi	a5,a5,1
    1aec:	0106a623          	sw	a6,12(a3)
    1af0:	0ff7f793          	andi	a5,a5,255
    1af4:	b7f9                	j	1ac2 <ETH_DMARxDescChainInit+0x12>

00001af6 <ETH_Start>:
    1af6:	8841a783          	lw	a5,-1916(gp) # 20000264 <DMARxDescToGet>
    1afa:	279a                	lhu	a4,8(a5)
    1afc:	400287b7          	lui	a5,0x40028
    1b00:	a7da                	sh	a4,12(a5)
    1b02:	33f8                	lbu	a4,7(a5)
    1b04:	00476713          	ori	a4,a4,4
    1b08:	b3f8                	sb	a4,7(a5)
    1b0a:	8082                	ret

00001b0c <ETH_SetClock>:
    1b0c:	e64fe2ef          	jal	t0,170 <__riscv_save_0>
    1b10:	4505                	li	a0,1
    1b12:	a9bff0ef          	jal	ra,15ac <RCC_ETHDIVConfig>
    1b16:	e7efe06f          	j	194 <__riscv_restore_0>

00001b1a <ETH_Configuration>:
    1b1a:	e56fe2ef          	jal	t0,170 <__riscv_save_0>
    1b1e:	1141                	addi	sp,sp,-16
    1b20:	c62a                	sw	a0,12(sp)
    1b22:	37ed                	jal	1b0c <ETH_SetClock>
    1b24:	400287b7          	lui	a5,0x40028
    1b28:	000781a3          	sb	zero,3(a5) # 40028003 <_eusrstack+0x20018003>
    1b2c:	33b8                	lbu	a4,3(a5)
    1b2e:	0db76713          	ori	a4,a4,219
    1b32:	b3b8                	sb	a4,3(a5)
    1b34:	33b8                	lbu	a4,3(a5)
    1b36:	00476713          	ori	a4,a4,4
    1b3a:	b3b8                	sb	a4,3(a5)
    1b3c:	577d                	li	a4,-1
    1b3e:	a3d8                	sb	a4,4(a5)
    1b40:	33d8                	lbu	a4,5(a5)
    1b42:	0c076713          	ori	a4,a4,192
    1b46:	b3d8                	sb	a4,5(a5)
    1b48:	33f8                	lbu	a4,7(a5)
    1b4a:	0c076713          	ori	a4,a4,192
    1b4e:	b3f8                	sb	a4,7(a5)
    1b50:	33f8                	lbu	a4,7(a5)
    1b52:	03f77713          	andi	a4,a4,63
    1b56:	b3f8                	sb	a4,7(a5)
    1b58:	00078c23          	sb	zero,24(a5)
    1b5c:	4532                	lw	a0,12(sp)
    1b5e:	3158                	lbu	a4,5(a0)
    1b60:	02e78423          	sb	a4,40(a5)
    1b64:	2158                	lbu	a4,4(a0)
    1b66:	02e784a3          	sb	a4,41(a5)
    1b6a:	3138                	lbu	a4,3(a0)
    1b6c:	02e78523          	sb	a4,42(a5)
    1b70:	2138                	lbu	a4,2(a0)
    1b72:	02e785a3          	sb	a4,43(a5)
    1b76:	3118                	lbu	a4,1(a0)
    1b78:	02e78623          	sb	a4,44(a5)
    1b7c:	2118                	lbu	a4,0(a0)
    1b7e:	02e786a3          	sb	a4,45(a5)
    1b82:	3f98                	lbu	a4,25(a5)
    1b84:	00176713          	ori	a4,a4,1
    1b88:	bf98                	sb	a4,25(a5)
    1b8a:	2fb8                	lbu	a4,26(a5)
    1b8c:	8b7d                	andi	a4,a4,31
    1b8e:	afb8                	sb	a4,26(a5)
    1b90:	2fb8                	lbu	a4,26(a5)
    1b92:	02076713          	ori	a4,a4,32
    1b96:	afb8                	sb	a4,26(a5)
    1b98:	2fb8                	lbu	a4,26(a5)
    1b9a:	01076713          	ori	a4,a4,16
    1b9e:	afb8                	sb	a4,26(a5)
    1ba0:	2fb8                	lbu	a4,26(a5)
    1ba2:	0fb77713          	andi	a4,a4,251
    1ba6:	afb8                	sb	a4,26(a5)
    1ba8:	2fb8                	lbu	a4,26(a5)
    1baa:	00176713          	ori	a4,a4,1
    1bae:	afb8                	sb	a4,26(a5)
    1bb0:	60000713          	li	a4,1536
    1bb4:	affa                	sh	a4,30(a5)
    1bb6:	23f8                	lbu	a4,6(a5)
    1bb8:	0f177713          	andi	a4,a4,241
    1bbc:	a3f8                	sb	a4,6(a5)
    1bbe:	23f8                	lbu	a4,6(a5)
    1bc0:	00a76713          	ori	a4,a4,10
    1bc4:	a3f8                	sb	a4,6(a5)
    1bc6:	40024737          	lui	a4,0x40024
    1bca:	80072783          	lw	a5,-2048(a4) # 40023800 <_eusrstack+0x20013800>
    1bce:	0047e793          	ori	a5,a5,4
    1bd2:	80f72023          	sw	a5,-2048(a4)
    1bd6:	0141                	addi	sp,sp,16
    1bd8:	dbcfe06f          	j	194 <__riscv_restore_0>

00001bdc <ETH_LinkUpCfg>:
    1bdc:	d94fe2ef          	jal	t0,170 <__riscv_save_0>
    1be0:	2b55                	jal	2194 <WCHNET_PhyStatus>
    1be2:	40028737          	lui	a4,0x40028
    1be6:	2f1c                	lbu	a5,24(a4)
    1be8:	0207e793          	ori	a5,a5,32
    1bec:	af1c                	sb	a5,24(a4)
    1bee:	88018023          	sb	zero,-1920(gp) # 20000260 <CRCErrPktCnt>
    1bf2:	4705                	li	a4,1
    1bf4:	88e18823          	sb	a4,-1904(gp) # 20000270 <PhyPolarityDetect>
    1bf8:	88c1a703          	lw	a4,-1908(gp) # 2000026c <LocalTime>
    1bfc:	88e1ae23          	sw	a4,-1892(gp) # 2000027c <phyLinkTime>
    1c00:	4711                	li	a4,4
    1c02:	8ae18123          	sb	a4,-1886(gp) # 20000282 <phyStatus>
    1c06:	3dc5                	jal	1af6 <ETH_Start>
    1c08:	d8cfe06f          	j	194 <__riscv_restore_0>

00001c0c <ETH_LinkDownCfg>:
    1c0c:	d64fe2ef          	jal	t0,170 <__riscv_save_0>
    1c10:	2351                	jal	2194 <WCHNET_PhyStatus>
    1c12:	40024737          	lui	a4,0x40024
    1c16:	80072783          	lw	a5,-2048(a4) # 40023800 <_eusrstack+0x20013800>
    1c1a:	9bed                	andi	a5,a5,-5
    1c1c:	80f72023          	sw	a5,-2048(a4)
    1c20:	4705                	li	a4,1
    1c22:	88e18ca3          	sb	a4,-1895(gp) # 20000279 <phyLinkReset>
    1c26:	88c1a703          	lw	a4,-1908(gp) # 2000026c <LocalTime>
    1c2a:	88e1ae23          	sw	a4,-1892(gp) # 2000027c <phyLinkTime>
    1c2e:	d66fe06f          	j	194 <__riscv_restore_0>

00001c32 <ETH_PHYLink>:
    1c32:	d3efe2ef          	jal	t0,170 <__riscv_save_0>
    1c36:	400287b7          	lui	a5,0x40028
    1c3a:	4705                	li	a4,1
    1c3c:	02e78223          	sb	a4,36(a5) # 40028024 <_eusrstack+0x20018024>
    1c40:	338a                	lhu	a0,32(a5)
    1c42:	4715                	li	a4,5
    1c44:	02e78223          	sb	a4,36(a5)
    1c48:	0542                	slli	a0,a0,0x10
    1c4a:	8141                	srli	a0,a0,0x10
    1c4c:	339a                	lhu	a4,32(a5)
    1c4e:	00457693          	andi	a3,a0,4
    1c52:	ce85                	beqz	a3,1c8a <ETH_PHYLink+0x58>
    1c54:	02057693          	andi	a3,a0,32
    1c58:	c681                	beqz	a3,1c60 <ETH_PHYLink+0x2e>
    1c5a:	3749                	jal	1bdc <ETH_LinkUpCfg>
    1c5c:	d38fe06f          	j	194 <__riscv_restore_0>
    1c60:	0742                	slli	a4,a4,0x10
    1c62:	8341                	srli	a4,a4,0x10
    1c64:	e31d                	bnez	a4,1c8a <ETH_PHYLink+0x58>
    1c66:	80000737          	lui	a4,0x80000
    1c6a:	10070713          	addi	a4,a4,256 # 80000100 <_eusrstack+0x5fff0100>
    1c6e:	d3d8                	sw	a4,36(a5)
    1c70:	8a0181a3          	sb	zero,-1885(gp) # 20000283 <phySucCnt>
    1c74:	8a018123          	sb	zero,-1886(gp) # 20000282 <phyStatus>
    1c78:	88018c23          	sb	zero,-1896(gp) # 20000278 <phyLinkCnt>
    1c7c:	8a0180a3          	sb	zero,-1887(gp) # 20000281 <phyRetryCnt>
    1c80:	8a018023          	sb	zero,-1888(gp) # 20000280 <phyPNChangeCnt>
    1c84:	88018d23          	sb	zero,-1894(gp) # 2000027a <phyLinkStatus>
    1c88:	bfd1                	j	1c5c <ETH_PHYLink+0x2a>
    1c8a:	3749                	jal	1c0c <ETH_LinkDownCfg>
    1c8c:	bfc1                	j	1c5c <ETH_PHYLink+0x2a>

00001c8e <WCHNET_ETHIsr>:
    1c8e:	ce2fe2ef          	jal	t0,170 <__riscv_save_0>
    1c92:	400286b7          	lui	a3,0x40028
    1c96:	22c0                	lbu	s0,4(a3)
    1c98:	0ff47413          	andi	s0,s0,255
    1c9c:	04047793          	andi	a5,s0,64
    1ca0:	cbb5                	beqz	a5,1d14 <WCHNET_ETHIsr+0x86>
    1ca2:	04000793          	li	a5,64
    1ca6:	a2dc                	sb	a5,4(a3)
    1ca8:	88418613          	addi	a2,gp,-1916 # 20000264 <DMARxDescToGet>
    1cac:	421c                	lw	a5,0(a2)
    1cae:	4398                	lw	a4,0(a5)
    1cb0:	04075663          	bgez	a4,1cfc <WCHNET_ETHIsr+0x6e>
    1cb4:	32d8                	lbu	a4,5(a3)
    1cb6:	07877713          	andi	a4,a4,120
    1cba:	ef4d                	bnez	a4,1d74 <WCHNET_ETHIsr+0xe6>
    1cbc:	47cc                	lw	a1,12(a5)
    1cbe:	4198                	lw	a4,0(a1)
    1cc0:	02075e63          	bgez	a4,1cfc <WCHNET_ETHIsr+0x6e>
    1cc4:	4398                	lw	a4,0(a5)
    1cc6:	7561                	lui	a0,0xffff8
    1cc8:	157d                	addi	a0,a0,-1
    1cca:	0706                	slli	a4,a4,0x1
    1ccc:	8305                	srli	a4,a4,0x1
    1cce:	c398                	sw	a4,0(a5)
    1cd0:	4398                	lw	a4,0(a5)
    1cd2:	8f69                	and	a4,a4,a0
    1cd4:	c398                	sw	a4,0(a5)
    1cd6:	4398                	lw	a4,0(a5)
    1cd8:	c0010537          	lui	a0,0xc0010
    1cdc:	157d                	addi	a0,a0,-1
    1cde:	30076713          	ori	a4,a4,768
    1ce2:	c398                	sw	a4,0(a5)
    1ce4:	4398                	lw	a4,0(a5)
    1ce6:	8f69                	and	a4,a4,a0
    1ce8:	c398                	sw	a4,0(a5)
    1cea:	26fa                	lhu	a4,14(a3)
    1cec:	4388                	lw	a0,0(a5)
    1cee:	0711                	addi	a4,a4,4
    1cf0:	0742                	slli	a4,a4,0x10
    1cf2:	8f49                	or	a4,a4,a0
    1cf4:	c398                	sw	a4,0(a5)
    1cf6:	259e                	lhu	a5,8(a1)
    1cf8:	c20c                	sw	a1,0(a2)
    1cfa:	a6de                	sh	a5,12(a3)
    1cfc:	89018793          	addi	a5,gp,-1904 # 20000270 <PhyPolarityDetect>
    1d00:	2398                	lbu	a4,0(a5)
    1d02:	cb09                	beqz	a4,1d14 <WCHNET_ETHIsr+0x86>
    1d04:	00078023          	sb	zero,0(a5)
    1d08:	40028737          	lui	a4,0x40028
    1d0c:	2f1c                	lbu	a5,24(a4)
    1d0e:	0df7f793          	andi	a5,a5,223
    1d12:	af1c                	sb	a5,24(a4)
    1d14:	00847793          	andi	a5,s0,8
    1d18:	cb99                	beqz	a5,1d2e <WCHNET_ETHIsr+0xa0>
    1d1a:	8881a703          	lw	a4,-1912(gp) # 20000268 <DMATxDescToSet>
    1d1e:	431c                	lw	a5,0(a4)
    1d20:	0786                	slli	a5,a5,0x1
    1d22:	8385                	srli	a5,a5,0x1
    1d24:	c31c                	sw	a5,0(a4)
    1d26:	400287b7          	lui	a5,0x40028
    1d2a:	4721                	li	a4,8
    1d2c:	a3d8                	sb	a4,4(a5)
    1d2e:	01047793          	andi	a5,s0,16
    1d32:	c791                	beqz	a5,1d3e <WCHNET_ETHIsr+0xb0>
    1d34:	3dfd                	jal	1c32 <ETH_PHYLink>
    1d36:	400287b7          	lui	a5,0x40028
    1d3a:	4741                	li	a4,16
    1d3c:	a3d8                	sb	a4,4(a5)
    1d3e:	00247793          	andi	a5,s0,2
    1d42:	cb99                	beqz	a5,1d58 <WCHNET_ETHIsr+0xca>
    1d44:	8881a703          	lw	a4,-1912(gp) # 20000268 <DMATxDescToSet>
    1d48:	431c                	lw	a5,0(a4)
    1d4a:	0786                	slli	a5,a5,0x1
    1d4c:	8385                	srli	a5,a5,0x1
    1d4e:	c31c                	sw	a5,0(a4)
    1d50:	400287b7          	lui	a5,0x40028
    1d54:	4709                	li	a4,2
    1d56:	a3d8                	sb	a4,4(a5)
    1d58:	8805                	andi	s0,s0,1
    1d5a:	cc09                	beqz	s0,1d74 <WCHNET_ETHIsr+0xe6>
    1d5c:	8901c783          	lbu	a5,-1904(gp) # 20000270 <PhyPolarityDetect>
    1d60:	c791                	beqz	a5,1d6c <WCHNET_ETHIsr+0xde>
    1d62:	88018793          	addi	a5,gp,-1920 # 20000260 <CRCErrPktCnt>
    1d66:	2398                	lbu	a4,0(a5)
    1d68:	0705                	addi	a4,a4,1
    1d6a:	a398                	sb	a4,0(a5)
    1d6c:	400287b7          	lui	a5,0x40028
    1d70:	4705                	li	a4,1
    1d72:	a3d8                	sb	a4,4(a5)
    1d74:	c20fe06f          	j	194 <__riscv_restore_0>

00001d78 <ETH_Init>:
    1d78:	bf8fe2ef          	jal	t0,170 <__riscv_save_0>
    1d7c:	842a                	mv	s0,a0
    1d7e:	ce5ff0ef          	jal	ra,1a62 <ETH_LedConfiguration>
    1d82:	06400513          	li	a0,100
    1d86:	2a0d                	jal	1eb8 <Delay_Ms>
    1d88:	8522                	mv	a0,s0
    1d8a:	d91ff0ef          	jal	ra,1b1a <ETH_Configuration>
    1d8e:	200027b7          	lui	a5,0x20002
    1d92:	af078793          	addi	a5,a5,-1296 # 20001af0 <DMATxDscrTab>
    1d96:	88f1a423          	sw	a5,-1912(gp) # 20000268 <DMATxDescToSet>
    1d9a:	20003737          	lui	a4,0x20003
    1d9e:	2c070713          	addi	a4,a4,704 # 200032c0 <MACTxBuf>
    1da2:	20002537          	lui	a0,0x20002
    1da6:	200025b7          	lui	a1,0x20002
    1daa:	ab050413          	addi	s0,a0,-1360 # 20001ab0 <DMARxDscrTab>
    1dae:	c798                	sw	a4,8(a5)
    1db0:	0007a023          	sw	zero,0(a5)
    1db4:	c7dc                	sw	a5,12(a5)
    1db6:	4611                	li	a2,4
    1db8:	b0058593          	addi	a1,a1,-1280 # 20001b00 <MACRxBuf>
    1dbc:	ab050513          	addi	a0,a0,-1360
    1dc0:	cf1ff0ef          	jal	ra,1ab0 <ETH_DMARxDescChainInit>
    1dc4:	8881aa23          	sw	s0,-1900(gp) # 20000274 <pDMARxSet>
    1dc8:	20000737          	lui	a4,0x20000
    1dcc:	e000e7b7          	lui	a5,0xe000e
    1dd0:	10e7a223          	sw	a4,260(a5) # e000e104 <_eusrstack+0xbfffe104>
    1dd4:	bc0fe06f          	j	194 <__riscv_restore_0>

00001dd8 <ETH_LibInit>:
    1dd8:	b98fe2ef          	jal	t0,170 <__riscv_save_0>
    1ddc:	7139                	addi	sp,sp,-64
    1dde:	5f000793          	li	a5,1520
    1de2:	ca3e                	sw	a5,20(sp)
    1de4:	5b400793          	li	a5,1460
    1de8:	cc3e                	sw	a5,24(sp)
    1dea:	6785                	lui	a5,0x1
    1dec:	26478793          	addi	a5,a5,612 # 1264 <GPIO_Init+0x10>
    1df0:	ce3e                	sw	a5,28(sp)
    1df2:	03200793          	li	a5,50
    1df6:	d03e                	sw	a5,32(sp)
    1df8:	10300793          	li	a5,259
    1dfc:	d23e                	sw	a5,36(sp)
    1dfe:	425527b7          	lui	a5,0x42552
    1e02:	0789                	addi	a5,a5,2
    1e04:	d43e                	sw	a5,40(sp)
    1e06:	000017b7          	lui	a5,0x1
    1e0a:	78078793          	addi	a5,a5,1920 # 1780 <ETH_LedLinkSet>
    1e0e:	d63e                	sw	a5,44(sp)
    1e10:	000017b7          	lui	a5,0x1
    1e14:	75478793          	addi	a5,a5,1876 # 1754 <ETH_LedDataSet>
    1e18:	d83e                	sw	a5,48(sp)
    1e1a:	000017b7          	lui	a5,0x1
    1e1e:	71c78793          	addi	a5,a5,1820 # 171c <ETH_TxPktChainMode>
    1e22:	da3e                	sw	a5,52(sp)
    1e24:	123457b7          	lui	a5,0x12345
    1e28:	67878793          	addi	a5,a5,1656 # 12345678 <_data_lma+0x1233ae28>
    1e2c:	892a                	mv	s2,a0
    1e2e:	0848                	addi	a0,sp,20
    1e30:	c62e                	sw	a1,12(sp)
    1e32:	c432                	sw	a2,8(sp)
    1e34:	84b6                	mv	s1,a3
    1e36:	dc02                	sw	zero,56(sp)
    1e38:	de3e                	sw	a5,60(sp)
    1e3a:	1cb000ef          	jal	ra,2804 <WCHNET_ConfigLIB>
    1e3e:	842a                	mv	s0,a0
    1e40:	e911                	bnez	a0,1e54 <ETH_LibInit+0x7c>
    1e42:	4622                	lw	a2,8(sp)
    1e44:	45b2                	lw	a1,12(sp)
    1e46:	86a6                	mv	a3,s1
    1e48:	854a                	mv	a0,s2
    1e4a:	10f000ef          	jal	ra,2758 <WCHNET_Init>
    1e4e:	842a                	mv	s0,a0
    1e50:	8526                	mv	a0,s1
    1e52:	371d                	jal	1d78 <ETH_Init>
    1e54:	8522                	mv	a0,s0
    1e56:	6121                	addi	sp,sp,64
    1e58:	b3cfe06f          	j	194 <__riscv_restore_0>

00001e5c <Delay_Init>:
    1e5c:	8181a783          	lw	a5,-2024(gp) # 200001f8 <SystemCoreClock>
    1e60:	007a1737          	lui	a4,0x7a1
    1e64:	20070713          	addi	a4,a4,512 # 7a1200 <_data_lma+0x7969b0>
    1e68:	02e7d7b3          	divu	a5,a5,a4
    1e6c:	0ff7f793          	andi	a5,a5,255
    1e70:	8af18323          	sb	a5,-1882(gp) # 20000286 <p_us>
    1e74:	3e800713          	li	a4,1000
    1e78:	02e787b3          	mul	a5,a5,a4
    1e7c:	8af19223          	sh	a5,-1884(gp) # 20000284 <p_ms>
    1e80:	8082                	ret

00001e82 <Delay_Us>:
    1e82:	e000f7b7          	lui	a5,0xe000f
    1e86:	43d8                	lw	a4,4(a5)
    1e88:	4681                	li	a3,0
    1e8a:	9b79                	andi	a4,a4,-2
    1e8c:	c3d8                	sw	a4,4(a5)
    1e8e:	8a61c703          	lbu	a4,-1882(gp) # 20000286 <p_us>
    1e92:	02a70633          	mul	a2,a4,a0
    1e96:	cb90                	sw	a2,16(a5)
    1e98:	cbd4                	sw	a3,20(a5)
    1e9a:	4398                	lw	a4,0(a5)
    1e9c:	01076713          	ori	a4,a4,16
    1ea0:	c398                	sw	a4,0(a5)
    1ea2:	4398                	lw	a4,0(a5)
    1ea4:	02176713          	ori	a4,a4,33
    1ea8:	c398                	sw	a4,0(a5)
    1eaa:	43d8                	lw	a4,4(a5)
    1eac:	8b05                	andi	a4,a4,1
    1eae:	df75                	beqz	a4,1eaa <Delay_Us+0x28>
    1eb0:	4398                	lw	a4,0(a5)
    1eb2:	9b79                	andi	a4,a4,-2
    1eb4:	c398                	sw	a4,0(a5)
    1eb6:	8082                	ret

00001eb8 <Delay_Ms>:
    1eb8:	e000f7b7          	lui	a5,0xe000f
    1ebc:	43d8                	lw	a4,4(a5)
    1ebe:	4681                	li	a3,0
    1ec0:	9b79                	andi	a4,a4,-2
    1ec2:	c3d8                	sw	a4,4(a5)
    1ec4:	8a41d703          	lhu	a4,-1884(gp) # 20000284 <p_ms>
    1ec8:	02a70633          	mul	a2,a4,a0
    1ecc:	cb90                	sw	a2,16(a5)
    1ece:	cbd4                	sw	a3,20(a5)
    1ed0:	4398                	lw	a4,0(a5)
    1ed2:	01076713          	ori	a4,a4,16
    1ed6:	c398                	sw	a4,0(a5)
    1ed8:	4398                	lw	a4,0(a5)
    1eda:	02176713          	ori	a4,a4,33
    1ede:	c398                	sw	a4,0(a5)
    1ee0:	43d8                	lw	a4,4(a5)
    1ee2:	8b05                	andi	a4,a4,1
    1ee4:	df75                	beqz	a4,1ee0 <Delay_Ms+0x28>
    1ee6:	4398                	lw	a4,0(a5)
    1ee8:	9b79                	andi	a4,a4,-2
    1eea:	c398                	sw	a4,0(a5)
    1eec:	8082                	ret

00001eee <USART_Printf_Init>:
    1eee:	a82fe2ef          	jal	t0,170 <__riscv_save_0>
    1ef2:	1101                	addi	sp,sp,-32
    1ef4:	842a                	mv	s0,a0
    1ef6:	4585                	li	a1,1
    1ef8:	00020537          	lui	a0,0x20
    1efc:	e92ff0ef          	jal	ra,158e <RCC_APB1PeriphClockCmd>
    1f00:	4585                	li	a1,1
    1f02:	4511                	li	a0,4
    1f04:	e6cff0ef          	jal	ra,1570 <RCC_APB2PeriphClockCmd>
    1f08:	4791                	li	a5,4
    1f0a:	827c                	sh	a5,4(sp)
    1f0c:	40011537          	lui	a0,0x40011
    1f10:	478d                	li	a5,3
    1f12:	c43e                	sw	a5,8(sp)
    1f14:	004c                	addi	a1,sp,4
    1f16:	47e1                	li	a5,24
    1f18:	80050513          	addi	a0,a0,-2048 # 40010800 <_eusrstack+0x20000800>
    1f1c:	c63e                	sw	a5,12(sp)
    1f1e:	b36ff0ef          	jal	ra,1254 <GPIO_Init>
    1f22:	c822                	sw	s0,16(sp)
    1f24:	40004437          	lui	s0,0x40004
    1f28:	000807b7          	lui	a5,0x80
    1f2c:	080c                	addi	a1,sp,16
    1f2e:	40040513          	addi	a0,s0,1024 # 40004400 <_eusrstack+0x1fff4400>
    1f32:	cc3e                	sw	a5,24(sp)
    1f34:	ca02                	sw	zero,20(sp)
    1f36:	00011e23          	sh	zero,28(sp)
    1f3a:	f2cff0ef          	jal	ra,1666 <USART_Init>
    1f3e:	4585                	li	a1,1
    1f40:	40040513          	addi	a0,s0,1024
    1f44:	fb0ff0ef          	jal	ra,16f4 <USART_Cmd>
    1f48:	6105                	addi	sp,sp,32
    1f4a:	a4afe06f          	j	194 <__riscv_restore_0>

00001f4e <_write>:
    1f4e:	a08fe2ef          	jal	t0,156 <__riscv_save_4>
    1f52:	400044b7          	lui	s1,0x40004
    1f56:	89ae                	mv	s3,a1
    1f58:	8932                	mv	s2,a2
    1f5a:	4401                	li	s0,0
    1f5c:	40048493          	addi	s1,s1,1024 # 40004400 <_eusrstack+0x1fff4400>
    1f60:	01244563          	blt	s0,s2,1f6a <_write+0x1c>
    1f64:	854a                	mv	a0,s2
    1f66:	a24fe06f          	j	18a <__riscv_restore_4>
    1f6a:	04000593          	li	a1,64
    1f6e:	8526                	mv	a0,s1
    1f70:	fa2ff0ef          	jal	ra,1712 <USART_GetFlagStatus>
    1f74:	d97d                	beqz	a0,1f6a <_write+0x1c>
    1f76:	008987b3          	add	a5,s3,s0
    1f7a:	00078583          	lb	a1,0(a5) # 80000 <_data_lma+0x757b0>
    1f7e:	8526                	mv	a0,s1
    1f80:	0405                	addi	s0,s0,1
    1f82:	05c2                	slli	a1,a1,0x10
    1f84:	81c1                	srli	a1,a1,0x10
    1f86:	f84ff0ef          	jal	ra,170a <USART_SendData>
    1f8a:	bfd9                	j	1f60 <_write+0x12>

00001f8c <_sbrk>:
    1f8c:	82418713          	addi	a4,gp,-2012 # 20000204 <curbrk.4734>
    1f90:	431c                	lw	a5,0(a4)
    1f92:	200076b7          	lui	a3,0x20007
    1f96:	ae868693          	addi	a3,a3,-1304 # 20006ae8 <_ebss>
    1f9a:	953e                	add	a0,a0,a5
    1f9c:	00d56b63          	bltu	a0,a3,1fb2 <_sbrk+0x26>
    1fa0:	200106b7          	lui	a3,0x20010
    1fa4:	80068693          	addi	a3,a3,-2048 # 2000f800 <_heap_end>
    1fa8:	00a6e563          	bltu	a3,a0,1fb2 <_sbrk+0x26>
    1fac:	c308                	sw	a0,0(a4)
    1fae:	853e                	mv	a0,a5
    1fb0:	8082                	ret
    1fb2:	57fd                	li	a5,-1
    1fb4:	bfed                	j	1fae <_sbrk+0x22>

00001fb6 <__get_MEPC>:
    1fb6:	34102573          	csrr	a0,mepc
    1fba:	8082                	ret

00001fbc <__get_MCAUSE>:
    1fbc:	34202573          	csrr	a0,mcause
    1fc0:	8082                	ret

00001fc2 <__get_MTVAL>:
    1fc2:	34302573          	csrr	a0,mtval
    1fc6:	8082                	ret

00001fc8 <WCHNET_PeriodicHandle>:
    1fc8:	9a8fe2ef          	jal	t0,170 <__riscv_save_0>
    1fcc:	88c1a783          	lw	a5,-1908(gp) # 2000026c <LocalTime>
    1fd0:	1141                	addi	sp,sp,-16
    1fd2:	c63e                	sw	a5,12(sp)
    1fd4:	114010ef          	jal	ra,30e8 <WCHNET_GetPHYStatus>
    1fd8:	8911                	andi	a0,a0,4
    1fda:	14050063          	beqz	a0,211a <WCHNET_PeriodicHandle+0x152>
    1fde:	8c018793          	addi	a5,gp,-1856 # 200002a0 <TCPTimer>
    1fe2:	4398                	lw	a4,0(a5)
    1fe4:	46b2                	lw	a3,12(sp)
    1fe6:	8e99                	sub	a3,a3,a4
    1fe8:	20007737          	lui	a4,0x20007
    1fec:	a2472703          	lw	a4,-1500(a4) # 20006a24 <NetInf+0x1c>
    1ff0:	8305                	srli	a4,a4,0x1
    1ff2:	00d77663          	bgeu	a4,a3,1ffe <WCHNET_PeriodicHandle+0x36>
    1ff6:	4732                	lw	a4,12(sp)
    1ff8:	c398                	sw	a4,0(a5)
    1ffa:	3b3030ef          	jal	ra,5bac <tcp_tmr>
    1ffe:	751030ef          	jal	ra,5f4e <RemoveTimeWaiTCP>
    2002:	8d01a783          	lw	a5,-1840(gp) # 200002b0 <tcpSendAckFlag>
    2006:	c791                	beqz	a5,2012 <WCHNET_PeriodicHandle+0x4a>
    2008:	3c7030ef          	jal	ra,5bce <tcp_fastsendack>
    200c:	e119                	bnez	a0,2012 <WCHNET_PeriodicHandle+0x4a>
    200e:	8c01a823          	sw	zero,-1840(gp) # 200002b0 <tcpSendAckFlag>
    2012:	8bc18493          	addi	s1,gp,-1860 # 2000029c <IPFragTimer>
    2016:	4098                	lw	a4,0(s1)
    2018:	47b2                	lw	a5,12(sp)
    201a:	8f99                	sub	a5,a5,a4
    201c:	3e700713          	li	a4,999
    2020:	00f77663          	bgeu	a4,a5,202c <WCHNET_PeriodicHandle+0x64>
    2024:	10e020ef          	jal	ra,4132 <ip_reass_tmr>
    2028:	47b2                	lw	a5,12(sp)
    202a:	c09c                	sw	a5,0(s1)
    202c:	8a818793          	addi	a5,gp,-1880 # 20000288 <ARPTimer>
    2030:	4398                	lw	a4,0(a5)
    2032:	46b2                	lw	a3,12(sp)
    2034:	8e99                	sub	a3,a3,a4
    2036:	6705                	lui	a4,0x1
    2038:	38770713          	addi	a4,a4,903 # 1387 <I2C_Init+0x6b>
    203c:	00d77663          	bgeu	a4,a3,2048 <WCHNET_PeriodicHandle+0x80>
    2040:	4732                	lw	a4,12(sp)
    2042:	c398                	sw	a4,0(a5)
    2044:	4cc010ef          	jal	ra,3510 <etharp_tmr>
    2048:	200077b7          	lui	a5,0x20007
    204c:	9e878793          	addi	a5,a5,-1560 # 200069e8 <DNSInf>
    2050:	47d8                	lw	a4,12(a5)
    2052:	cf11                	beqz	a4,206e <WCHNET_PeriodicHandle+0xa6>
    2054:	8b818713          	addi	a4,gp,-1864 # 20000298 <DNSTimer>
    2058:	4310                	lw	a2,0(a4)
    205a:	46b2                	lw	a3,12(sp)
    205c:	8e91                	sub	a3,a3,a2
    205e:	3e700613          	li	a2,999
    2062:	00d67663          	bgeu	a2,a3,206e <WCHNET_PeriodicHandle+0xa6>
    2066:	46b2                	lw	a3,12(sp)
    2068:	43dc                	lw	a5,4(a5)
    206a:	c314                	sw	a3,0(a4)
    206c:	9782                	jalr	a5
    206e:	200074b7          	lui	s1,0x20007
    2072:	9904a783          	lw	a5,-1648(s1) # 20006990 <DHCPCtrl>
    2076:	cba9                	beqz	a5,20c8 <WCHNET_PeriodicHandle+0x100>
    2078:	8b418713          	addi	a4,gp,-1868 # 20000294 <DHCPfineTimer>
    207c:	431c                	lw	a5,0(a4)
    207e:	46b2                	lw	a3,12(sp)
    2080:	0fa00613          	li	a2,250
    2084:	8e9d                	sub	a3,a3,a5
    2086:	200077b7          	lui	a5,0x20007
    208a:	a607a783          	lw	a5,-1440(a5) # 20006a60 <WCHCfg+0x14>
    208e:	83ed                	srli	a5,a5,0x1b
    2090:	02c787b3          	mul	a5,a5,a2
    2094:	00f6e963          	bltu	a3,a5,20a6 <WCHNET_PeriodicHandle+0xde>
    2098:	47b2                	lw	a5,12(sp)
    209a:	c31c                	sw	a5,0(a4)
    209c:	99048793          	addi	a5,s1,-1648
    20a0:	4b9c                	lw	a5,16(a5)
    20a2:	c391                	beqz	a5,20a6 <WCHNET_PeriodicHandle+0xde>
    20a4:	9782                	jalr	a5
    20a6:	8b018793          	addi	a5,gp,-1872 # 20000290 <DHCPcoarseTimer>
    20aa:	4398                	lw	a4,0(a5)
    20ac:	46b2                	lw	a3,12(sp)
    20ae:	8e99                	sub	a3,a3,a4
    20b0:	673d                	lui	a4,0xf
    20b2:	a5f70713          	addi	a4,a4,-1441 # ea5f <_data_lma+0x420f>
    20b6:	00d77963          	bgeu	a4,a3,20c8 <WCHNET_PeriodicHandle+0x100>
    20ba:	4732                	lw	a4,12(sp)
    20bc:	99048493          	addi	s1,s1,-1648
    20c0:	c398                	sw	a4,0(a5)
    20c2:	48dc                	lw	a5,20(s1)
    20c4:	c391                	beqz	a5,20c8 <WCHNET_PeriodicHandle+0x100>
    20c6:	9782                	jalr	a5
    20c8:	4532                	lw	a0,12(sp)
    20ca:	8ac18493          	addi	s1,gp,-1876 # 2000028c <ArpCheckTime>
    20ce:	2c75                	jal	238a <IPCheckTmr>
    20d0:	409c                	lw	a5,0(s1)
    20d2:	4732                	lw	a4,12(sp)
    20d4:	8f1d                	sub	a4,a4,a5
    20d6:	67bd                	lui	a5,0xf
    20d8:	a5f78793          	addi	a5,a5,-1441 # ea5f <_data_lma+0x420f>
    20dc:	00e7f563          	bgeu	a5,a4,20e6 <WCHNET_PeriodicHandle+0x11e>
    20e0:	2c8d                	jal	2352 <SelIPARPSend>
    20e2:	47b2                	lw	a5,12(sp)
    20e4:	c09c                	sw	a5,0(s1)
    20e6:	8cd1c703          	lbu	a4,-1843(gp) # 200002ad <phydata>
    20ea:	84be                	mv	s1,a5
    20ec:	0ff77713          	andi	a4,a4,255
    20f0:	c70d                	beqz	a4,211a <WCHNET_PeriodicHandle+0x152>
    20f2:	8cd1c703          	lbu	a4,-1843(gp) # 200002ad <phydata>
    20f6:	0c077713          	andi	a4,a4,192
    20fa:	e31d                	bnez	a4,2120 <WCHNET_PeriodicHandle+0x158>
    20fc:	200077b7          	lui	a5,0x20007
    2100:	a687a783          	lw	a5,-1432(a5) # 20006a68 <WCHCfg+0x1c>
    2104:	c399                	beqz	a5,210a <WCHNET_PeriodicHandle+0x142>
    2106:	4505                	li	a0,1
    2108:	9782                	jalr	a5
    210a:	88c1a703          	lw	a4,-1908(gp) # 2000026c <LocalTime>
    210e:	8ce1a423          	sw	a4,-1848(gp) # 200002a8 <phydatatime>
    2112:	04000793          	li	a5,64
    2116:	8cf186a3          	sb	a5,-1843(gp) # 200002ad <phydata>
    211a:	0141                	addi	sp,sp,16
    211c:	878fe06f          	j	194 <__riscv_restore_0>
    2120:	8cd1c703          	lbu	a4,-1843(gp) # 200002ad <phydata>
    2124:	04077713          	andi	a4,a4,64
    2128:	cb15                	beqz	a4,215c <WCHNET_PeriodicHandle+0x194>
    212a:	8c81a683          	lw	a3,-1848(gp) # 200002a8 <phydatatime>
    212e:	88c1a703          	lw	a4,-1908(gp) # 2000026c <LocalTime>
    2132:	8c818913          	addi	s2,gp,-1848 # 200002a8 <phydatatime>
    2136:	8f15                	sub	a4,a4,a3
    2138:	06400693          	li	a3,100
    213c:	fce6ffe3          	bgeu	a3,a4,211a <WCHNET_PeriodicHandle+0x152>
    2140:	200077b7          	lui	a5,0x20007
    2144:	a687a783          	lw	a5,-1432(a5) # 20006a68 <WCHCfg+0x1c>
    2148:	c399                	beqz	a5,214e <WCHNET_PeriodicHandle+0x186>
    214a:	4501                	li	a0,0
    214c:	9782                	jalr	a5
    214e:	88c1a783          	lw	a5,-1908(gp) # 2000026c <LocalTime>
    2152:	00f92023          	sw	a5,0(s2)
    2156:	f8000793          	li	a5,-128
    215a:	bf75                	j	2116 <WCHNET_PeriodicHandle+0x14e>
    215c:	8cd1c703          	lbu	a4,-1843(gp) # 200002ad <phydata>
    2160:	0762                	slli	a4,a4,0x18
    2162:	8761                	srai	a4,a4,0x18
    2164:	fa075be3          	bgez	a4,211a <WCHNET_PeriodicHandle+0x152>
    2168:	8c81a683          	lw	a3,-1848(gp) # 200002a8 <phydatatime>
    216c:	88c1a703          	lw	a4,-1908(gp) # 2000026c <LocalTime>
    2170:	8f15                	sub	a4,a4,a3
    2172:	06400693          	li	a3,100
    2176:	fae6f2e3          	bgeu	a3,a4,211a <WCHNET_PeriodicHandle+0x152>
    217a:	8c0186a3          	sb	zero,-1843(gp) # 200002ad <phydata>
    217e:	bf71                	j	211a <WCHNET_PeriodicHandle+0x152>

00002180 <WCHNET_NetInput>:
    2180:	ff1fd2ef          	jal	t0,170 <__riscv_save_0>
    2184:	20007537          	lui	a0,0x20007
    2188:	a7850513          	addi	a0,a0,-1416 # 20006a78 <WCHNetIf>
    218c:	1b5010ef          	jal	ra,3b40 <ethernetif_input>
    2190:	804fe06f          	j	194 <__riscv_restore_0>

00002194 <WCHNET_PhyStatus>:
    2194:	fddfd2ef          	jal	t0,170 <__riscv_save_0>
    2198:	200077b7          	lui	a5,0x20007
    219c:	a0878793          	addi	a5,a5,-1528 # 20006a08 <NetInf>
    21a0:	57d8                	lw	a4,44(a5)
    21a2:	20007437          	lui	s0,0x20007
    21a6:	d388                	sw	a0,32(a5)
    21a8:	00476713          	ori	a4,a4,4
    21ac:	d7d8                	sw	a4,44(a5)
    21ae:	8911                	andi	a0,a0,4
    21b0:	a4c40793          	addi	a5,s0,-1460 # 20006a4c <WCHCfg>
    21b4:	4f9c                	lw	a5,24(a5)
    21b6:	a4c40413          	addi	s0,s0,-1460
    21ba:	cd01                	beqz	a0,21d2 <WCHNET_PhyStatus+0x3e>
    21bc:	c399                	beqz	a5,21c2 <WCHNET_PhyStatus+0x2e>
    21be:	4501                	li	a0,0
    21c0:	9782                	jalr	a5
    21c2:	4c5c                	lw	a5,28(s0)
    21c4:	c399                	beqz	a5,21ca <WCHNET_PhyStatus+0x36>
    21c6:	4501                	li	a0,0
    21c8:	9782                	jalr	a5
    21ca:	4505                	li	a0,1
    21cc:	22a5                	jal	2334 <IPCheckParaInit>
    21ce:	fc7fd06f          	j	194 <__riscv_restore_0>
    21d2:	c399                	beqz	a5,21d8 <WCHNET_PhyStatus+0x44>
    21d4:	4505                	li	a0,1
    21d6:	9782                	jalr	a5
    21d8:	4c5c                	lw	a5,28(s0)
    21da:	dbf5                	beqz	a5,21ce <WCHNET_PhyStatus+0x3a>
    21dc:	4505                	li	a0,1
    21de:	9782                	jalr	a5
    21e0:	b7fd                	j	21ce <WCHNET_PhyStatus+0x3a>

000021e2 <WCHNET_Rx>:
    21e2:	8941a783          	lw	a5,-1900(gp) # 20000274 <pDMARxSet>
    21e6:	00052023          	sw	zero,0(a0)
    21ea:	cb9d                	beqz	a5,2220 <WCHNET_Rx+0x3e>
    21ec:	4394                	lw	a3,0(a5)
    21ee:	0006db63          	bgez	a3,2204 <WCHNET_Rx+0x22>
    21f2:	47d4                	lw	a3,12(a5)
    21f4:	4290                	lw	a2,0(a3)
    21f6:	02064563          	bltz	a2,2220 <WCHNET_Rx+0x3e>
    21fa:	439c                	lw	a5,0(a5)
    21fc:	0007d463          	bgez	a5,2204 <WCHNET_Rx+0x22>
    2200:	88d1aa23          	sw	a3,-1900(gp) # 20000274 <pDMARxSet>
    2204:	8941a783          	lw	a5,-1900(gp) # 20000274 <pDMARxSet>
    2208:	6591                	lui	a1,0x4
    220a:	4601                	li	a2,0
    220c:	15fd                	addi	a1,a1,-1
    220e:	4835                	li	a6,13
    2210:	800008b7          	lui	a7,0x80000
    2214:	4394                	lw	a3,0(a5)
    2216:	0006d763          	bgez	a3,2224 <WCHNET_Rx+0x42>
    221a:	c219                	beqz	a2,2220 <WCHNET_Rx+0x3e>
    221c:	88f1aa23          	sw	a5,-1900(gp) # 20000274 <pDMARxSet>
    2220:	4501                	li	a0,0
    2222:	8082                	ret
    2224:	4394                	lw	a3,0(a5)
    2226:	01069313          	slli	t1,a3,0x10
    222a:	04034263          	bltz	t1,226e <WCHNET_Rx+0x8c>
    222e:	4394                	lw	a3,0(a5)
    2230:	1006f693          	andi	a3,a3,256
    2234:	ce8d                	beqz	a3,226e <WCHNET_Rx+0x8c>
    2236:	4394                	lw	a3,0(a5)
    2238:	2006f693          	andi	a3,a3,512
    223c:	ca8d                	beqz	a3,226e <WCHNET_Rx+0x8c>
    223e:	4394                	lw	a3,0(a5)
    2240:	82c1                	srli	a3,a3,0x10
    2242:	8eed                	and	a3,a3,a1
    2244:	16f1                	addi	a3,a3,-4
    2246:	c114                	sw	a3,0(a0)
    2248:	02d87163          	bgeu	a6,a3,226a <WCHNET_Rx+0x88>
    224c:	4394                	lw	a3,0(a5)
    224e:	0206f693          	andi	a3,a3,32
    2252:	ea81                	bnez	a3,2262 <WCHNET_Rx+0x80>
    2254:	c219                	beqz	a2,225a <WCHNET_Rx+0x78>
    2256:	88f1aa23          	sw	a5,-1900(gp) # 20000274 <pDMARxSet>
    225a:	479c                	lw	a5,8(a5)
    225c:	c15c                	sw	a5,4(a0)
    225e:	4505                	li	a0,1
    2260:	8082                	ret
    2262:	4394                	lw	a3,0(a5)
    2264:	0816f693          	andi	a3,a3,129
    2268:	d6f5                	beqz	a3,2254 <WCHNET_Rx+0x72>
    226a:	00052023          	sw	zero,0(a0)
    226e:	0117a023          	sw	a7,0(a5)
    2272:	4605                	li	a2,1
    2274:	47dc                	lw	a5,12(a5)
    2276:	bf79                	j	2214 <WCHNET_Rx+0x32>

00002278 <setRxBuffAddr>:
    2278:	8941a703          	lw	a4,-1900(gp) # 20000274 <pDMARxSet>
    227c:	800006b7          	lui	a3,0x80000
    2280:	c314                	sw	a3,0(a4)
    2282:	4758                	lw	a4,12(a4)
    2284:	88e1aa23          	sw	a4,-1900(gp) # 20000274 <pDMARxSet>
    2288:	8082                	ret

0000228a <WCHNET_Tx>:
    228a:	ee7fd2ef          	jal	t0,170 <__riscv_save_0>
    228e:	8cd1c783          	lbu	a5,-1843(gp) # 200002ad <phydata>
    2292:	0ff7f793          	andi	a5,a5,255
    2296:	e781                	bnez	a5,229e <WCHNET_Tx+0x14>
    2298:	4785                	li	a5,1
    229a:	8cf186a3          	sb	a5,-1843(gp) # 200002ad <phydata>
    229e:	88c1a703          	lw	a4,-1908(gp) # 2000026c <LocalTime>
    22a2:	8c418793          	addi	a5,gp,-1852 # 200002a4 <TxTimer>
    22a6:	cb09                	beqz	a4,22b8 <WCHNET_Tx+0x2e>
    22a8:	c398                	sw	a4,0(a5)
    22aa:	200077b7          	lui	a5,0x20007
    22ae:	a6c7a783          	lw	a5,-1428(a5) # 20006a6c <WCHCfg+0x20>
    22b2:	9782                	jalr	a5
    22b4:	ee1fd06f          	j	194 <__riscv_restore_0>
    22b8:	4705                	li	a4,1
    22ba:	b7fd                	j	22a8 <WCHNET_Tx+0x1e>

000022bc <GetChipID>:
    22bc:	1ffff7b7          	lui	a5,0x1ffff
    22c0:	7067d503          	lhu	a0,1798(a5) # 1ffff706 <_data_lma+0x1fff4eb6>
    22c4:	0f057513          	andi	a0,a0,240
    22c8:	8082                	ret

000022ca <getTxBuffAddr>:
    22ca:	ea7fd2ef          	jal	t0,170 <__riscv_save_0>
    22ce:	200077b7          	lui	a5,0x20007
    22d2:	a6c7a783          	lw	a5,-1428(a5) # 20006a6c <WCHCfg+0x20>
    22d6:	4901                	li	s2,0
    22d8:	c7b1                	beqz	a5,2324 <getTxBuffAddr+0x5a>
    22da:	8881a483          	lw	s1,-1912(gp) # 20000268 <DMATxDescToSet>
    22de:	c0b9                	beqz	s1,2324 <getTxBuffAddr+0x5a>
    22e0:	409c                	lw	a5,0(s1)
    22e2:	0084a903          	lw	s2,8(s1)
    22e6:	8c418413          	addi	s0,gp,-1852 # 200002a4 <TxTimer>
    22ea:	0207db63          	bgez	a5,2320 <getTxBuffAddr+0x56>
    22ee:	37f9                	jal	22bc <GetChipID>
    22f0:	4014                	lw	a3,0(s0)
    22f2:	4781                	li	a5,0
    22f4:	08000613          	li	a2,128
    22f8:	06300813          	li	a6,99
    22fc:	68a1                	lui	a7,0x8
    22fe:	03000313          	li	t1,48
    2302:	00c50463          	beq	a0,a2,230a <getTxBuffAddr+0x40>
    2306:	02651263          	bne	a0,t1,232a <getTxBuffAddr+0x60>
    230a:	88c1a703          	lw	a4,-1908(gp) # 2000026c <LocalTime>
    230e:	8f15                	sub	a4,a4,a3
    2310:	00e86463          	bltu	a6,a4,2318 <getTxBuffAddr+0x4e>
    2314:	00f8fb63          	bgeu	a7,a5,232a <getTxBuffAddr+0x60>
    2318:	409c                	lw	a5,0(s1)
    231a:	0786                	slli	a5,a5,0x1
    231c:	8385                	srli	a5,a5,0x1
    231e:	c09c                	sw	a5,0(s1)
    2320:	00042023          	sw	zero,0(s0)
    2324:	854a                	mv	a0,s2
    2326:	e6ffd06f          	j	194 <__riscv_restore_0>
    232a:	4098                	lw	a4,0(s1)
    232c:	fe075ae3          	bgez	a4,2320 <getTxBuffAddr+0x56>
    2330:	0785                	addi	a5,a5,1
    2332:	bfc1                	j	2302 <getTxBuffAddr+0x38>

00002334 <IPCheckParaInit>:
    2334:	88c1a703          	lw	a4,-1908(gp) # 2000026c <LocalTime>
    2338:	200077b7          	lui	a5,0x20007
    233c:	98478793          	addi	a5,a5,-1660 # 20006984 <SelARP>
    2340:	a388                	sb	a0,0(a5)
    2342:	00079123          	sh	zero,2(a5)
    2346:	00079223          	sh	zero,4(a5)
    234a:	c798                	sw	a4,8(a5)
    234c:	000780a3          	sb	zero,1(a5)
    2350:	8082                	ret

00002352 <SelIPARPSend>:
    2352:	e1ffd2ef          	jal	t0,170 <__riscv_save_0>
    2356:	200074b7          	lui	s1,0x20007
    235a:	a7848413          	addi	s0,s1,-1416 # 20006a78 <WCHNetIf>
    235e:	405c                	lw	a5,4(s0)
    2360:	1141                	addi	sp,sp,-16
    2362:	006c                	addi	a1,sp,12
    2364:	a7848513          	addi	a0,s1,-1416
    2368:	c63e                	sw	a5,12(sp)
    236a:	00042223          	sw	zero,4(s0)
    236e:	3b2010ef          	jal	ra,3720 <etharp_request>
    2372:	47b2                	lw	a5,12(sp)
    2374:	006c                	addi	a1,sp,12
    2376:	a7848513          	addi	a0,s1,-1416
    237a:	c05c                	sw	a5,4(s0)
    237c:	445c                	lw	a5,12(s0)
    237e:	c63e                	sw	a5,12(sp)
    2380:	3a0010ef          	jal	ra,3720 <etharp_request>
    2384:	0141                	addi	sp,sp,16
    2386:	e0ffd06f          	j	194 <__riscv_restore_0>

0000238a <IPCheckTmr>:
    238a:	200077b7          	lui	a5,0x20007
    238e:	98478793          	addi	a5,a5,-1660 # 20006984 <SelARP>
    2392:	2398                	lbu	a4,0(a5)
    2394:	e319                	bnez	a4,239a <IPCheckTmr+0x10>
    2396:	c788                	sw	a0,8(a5)
    2398:	8082                	ret
    239a:	4798                	lw	a4,8(a5)
    239c:	3e700693          	li	a3,999
    23a0:	40e50733          	sub	a4,a0,a4
    23a4:	02e6f363          	bgeu	a3,a4,23ca <IPCheckTmr+0x40>
    23a8:	dc9fd2ef          	jal	t0,170 <__riscv_save_0>
    23ac:	23ba                	lhu	a4,2(a5)
    23ae:	c788                	sw	a0,8(a5)
    23b0:	4691                	li	a3,4
    23b2:	00e6f763          	bgeu	a3,a4,23c0 <IPCheckTmr+0x36>
    23b6:	4501                	li	a0,0
    23b8:	f7dff0ef          	jal	ra,2334 <IPCheckParaInit>
    23bc:	dd9fd06f          	j	194 <__riscv_restore_0>
    23c0:	0705                	addi	a4,a4,1
    23c2:	a3ba                	sh	a4,2(a5)
    23c4:	f8fff0ef          	jal	ra,2352 <SelIPARPSend>
    23c8:	bfd5                	j	23bc <IPCheckTmr+0x32>
    23ca:	8082                	ret

000023cc <IPConflictHandle>:
    23cc:	da5fd2ef          	jal	t0,170 <__riscv_save_0>
    23d0:	842a                	mv	s0,a0
    23d2:	4501                	li	a0,0
    23d4:	f61ff0ef          	jal	ra,2334 <IPCheckParaInit>
    23d8:	200077b7          	lui	a5,0x20007
    23dc:	98478793          	addi	a5,a5,-1660 # 20006984 <SelARP>
    23e0:	c811                	beqz	s0,23f4 <IPConflictHandle+0x28>
    23e2:	4705                	li	a4,1
    23e4:	b398                	sb	a4,1(a5)
    23e6:	200077b7          	lui	a5,0x20007
    23ea:	4709                	li	a4,2
    23ec:	a2e7aa23          	sw	a4,-1484(a5) # 20006a34 <NetInf+0x2c>
    23f0:	da5fd06f          	j	194 <__riscv_restore_0>
    23f4:	000780a3          	sb	zero,1(a5)
    23f8:	bfe5                	j	23f0 <IPConflictHandle+0x24>

000023fa <NET_TCPError>:
    23fa:	8082                	ret

000023fc <LwipTCPSendCallBack>:
    23fc:	03852803          	lw	a6,56(a0)
    2400:	02080b63          	beqz	a6,2436 <LwipTCPSendCallBack+0x3a>
    2404:	d6dfd2ef          	jal	t0,170 <__riscv_save_0>
    2408:	5dfc                	lw	a5,124(a1)
    240a:	4701                	li	a4,0
    240c:	c791                	beqz	a5,2418 <LwipTCPSendCallBack+0x1c>
    240e:	0705                	addi	a4,a4,1
    2410:	0742                	slli	a4,a4,0x10
    2412:	8341                	srli	a4,a4,0x10
    2414:	439c                	lw	a5,0(a5)
    2416:	bfdd                	j	240c <LwipTCPSendCallBack+0x10>
    2418:	0805a783          	lw	a5,128(a1) # 4080 <ip_output_if+0x128>
    241c:	c791                	beqz	a5,2428 <LwipTCPSendCallBack+0x2c>
    241e:	0705                	addi	a4,a4,1
    2420:	0742                	slli	a4,a4,0x10
    2422:	8341                	srli	a4,a4,0x10
    2424:	439c                	lw	a5,0(a5)
    2426:	bfdd                	j	241c <LwipTCPSendCallBack+0x20>
    2428:	4681                	li	a3,0
    242a:	4601                	li	a2,0
    242c:	4581                	li	a1,0
    242e:	9802                	jalr	a6
    2430:	4501                	li	a0,0
    2432:	d63fd06f          	j	194 <__riscv_restore_0>
    2436:	4501                	li	a0,0
    2438:	8082                	ret

0000243a <LwipTCPPollCallBack>:
    243a:	4501                	li	a0,0
    243c:	8082                	ret

0000243e <SocketIPRAWReceive>:
    243e:	d0bfd2ef          	jal	t0,148 <__riscv_save_10>
    2442:	425c                	lw	a5,4(a2)
    2444:	00852a03          	lw	s4,8(a0)
    2448:	00c52903          	lw	s2,12(a0)
    244c:	4900                	lw	s0,16(a0)
    244e:	84aa                	mv	s1,a0
    2450:	2388                	lbu	a0,0(a5)
    2452:	339c                	lbu	a5,1(a5)
    2454:	89b2                	mv	s3,a2
    2456:	07a2                	slli	a5,a5,0x8
    2458:	8d5d                	or	a0,a0,a5
    245a:	7da010ef          	jal	ra,3c34 <ntohs>
    245e:	00655593          	srli	a1,a0,0x6
    2462:	03c5f593          	andi	a1,a1,60
    2466:	40b005b3          	neg	a1,a1
    246a:	854e                	mv	a0,s3
    246c:	329020ef          	jal	ra,4f94 <pbuf_header>
    2470:	e549                	bnez	a0,24fa <SocketIPRAWReceive+0xbc>
    2472:	44dc                	lw	a5,12(s1)
    2474:	4c98                	lw	a4,24(s1)
    2476:	0089db03          	lhu	s6,8(s3)
    247a:	8f99                	sub	a5,a5,a4
    247c:	0167f863          	bgeu	a5,s6,248c <SocketIPRAWReceive+0x4e>
    2480:	854e                	mv	a0,s3
    2482:	381020ef          	jal	ra,5002 <pbuf_free>
    2486:	4505                	li	a0,1
    2488:	cf9fd06f          	j	180 <__riscv_restore_10>
    248c:	9a4a                	add	s4,s4,s2
    248e:	894e                	mv	s2,s3
    2490:	00a95603          	lhu	a2,10(s2)
    2494:	408a0ab3          	sub	s5,s4,s0
    2498:	00492b83          	lw	s7,4(s2)
    249c:	04caf463          	bgeu	s5,a2,24e4 <SocketIPRAWReceive+0xa6>
    24a0:	8656                	mv	a2,s5
    24a2:	85de                	mv	a1,s7
    24a4:	8522                	mv	a0,s0
    24a6:	552060ef          	jal	ra,89f8 <memcpy>
    24aa:	00a95783          	lhu	a5,10(s2)
    24ae:	4498                	lw	a4,8(s1)
    24b0:	41440433          	sub	s0,s0,s4
    24b4:	943e                	add	s0,s0,a5
    24b6:	8622                	mv	a2,s0
    24b8:	015b85b3          	add	a1,s7,s5
    24bc:	853a                	mv	a0,a4
    24be:	53a060ef          	jal	ra,89f8 <memcpy>
    24c2:	942a                	add	s0,s0,a0
    24c4:	00092903          	lw	s2,0(s2)
    24c8:	fc0914e3          	bnez	s2,2490 <SocketIPRAWReceive+0x52>
    24cc:	854e                	mv	a0,s3
    24ce:	335020ef          	jal	ra,5002 <pbuf_free>
    24d2:	4c9c                	lw	a5,24(s1)
    24d4:	c880                	sw	s0,16(s1)
    24d6:	97da                	add	a5,a5,s6
    24d8:	cc9c                	sw	a5,24(s1)
    24da:	409c                	lw	a5,0(s1)
    24dc:	0047e793          	ori	a5,a5,4
    24e0:	c09c                	sw	a5,0(s1)
    24e2:	b755                	j	2486 <SocketIPRAWReceive+0x48>
    24e4:	8522                	mv	a0,s0
    24e6:	85de                	mv	a1,s7
    24e8:	510060ef          	jal	ra,89f8 <memcpy>
    24ec:	00a95783          	lhu	a5,10(s2)
    24f0:	943e                	add	s0,s0,a5
    24f2:	fd5799e3          	bne	a5,s5,24c4 <SocketIPRAWReceive+0x86>
    24f6:	4480                	lw	s0,8(s1)
    24f8:	b7f1                	j	24c4 <SocketIPRAWReceive+0x86>
    24fa:	4501                	li	a0,0
    24fc:	b771                	j	2488 <SocketIPRAWReceive+0x4a>

000024fe <SocketUdpReceive>:
    24fe:	ca71                	beqz	a2,25d2 <SocketUdpReceive+0xd4>
    2500:	c49fd2ef          	jal	t0,148 <__riscv_save_10>
    2504:	00c52b83          	lw	s7,12(a0)
    2508:	4d1c                	lw	a5,24(a0)
    250a:	00865b03          	lhu	s6,8(a2)
    250e:	8aba                	mv	s5,a4
    2510:	40fb87b3          	sub	a5,s7,a5
    2514:	8a36                	mv	s4,a3
    2516:	8932                	mv	s2,a2
    2518:	842a                	mv	s0,a0
    251a:	0167f763          	bgeu	a5,s6,2528 <SocketUdpReceive+0x2a>
    251e:	8532                	mv	a0,a2
    2520:	2e3020ef          	jal	ra,5002 <pbuf_free>
    2524:	c5dfd06f          	j	180 <__riscv_restore_10>
    2528:	451c                	lw	a5,8(a0)
    252a:	4904                	lw	s1,16(a0)
    252c:	89b2                	mv	s3,a2
    252e:	9bbe                	add	s7,s7,a5
    2530:	00a9d603          	lhu	a2,10(s3)
    2534:	409b8c33          	sub	s8,s7,s1
    2538:	0049ac83          	lw	s9,4(s3)
    253c:	06cc7763          	bgeu	s8,a2,25aa <SocketUdpReceive+0xac>
    2540:	8662                	mv	a2,s8
    2542:	85e6                	mv	a1,s9
    2544:	8526                	mv	a0,s1
    2546:	4b2060ef          	jal	ra,89f8 <memcpy>
    254a:	00a9d783          	lhu	a5,10(s3)
    254e:	4418                	lw	a4,8(s0)
    2550:	417484b3          	sub	s1,s1,s7
    2554:	94be                	add	s1,s1,a5
    2556:	8626                	mv	a2,s1
    2558:	018c85b3          	add	a1,s9,s8
    255c:	853a                	mv	a0,a4
    255e:	49a060ef          	jal	ra,89f8 <memcpy>
    2562:	94aa                	add	s1,s1,a0
    2564:	0009a983          	lw	s3,0(s3)
    2568:	fc0994e3          	bnez	s3,2530 <SocketUdpReceive+0x32>
    256c:	854a                	mv	a0,s2
    256e:	295020ef          	jal	ra,5002 <pbuf_free>
    2572:	03842803          	lw	a6,56(s0)
    2576:	04080563          	beqz	a6,25c0 <SocketUdpReceive+0xc2>
    257a:	001a4583          	lbu	a1,1(s4)
    257e:	000a4783          	lbu	a5,0(s4)
    2582:	4814                	lw	a3,16(s0)
    2584:	05a2                	slli	a1,a1,0x8
    2586:	8ddd                	or	a1,a1,a5
    2588:	002a4783          	lbu	a5,2(s4)
    258c:	875a                	mv	a4,s6
    258e:	8656                	mv	a2,s5
    2590:	07c2                	slli	a5,a5,0x10
    2592:	8fcd                	or	a5,a5,a1
    2594:	003a4583          	lbu	a1,3(s4)
    2598:	8522                	mv	a0,s0
    259a:	05e2                	slli	a1,a1,0x18
    259c:	8ddd                	or	a1,a1,a5
    259e:	9802                	jalr	a6
    25a0:	441c                	lw	a5,8(s0)
    25a2:	00042c23          	sw	zero,24(s0)
    25a6:	c81c                	sw	a5,16(s0)
    25a8:	bfb5                	j	2524 <SocketUdpReceive+0x26>
    25aa:	8526                	mv	a0,s1
    25ac:	85e6                	mv	a1,s9
    25ae:	44a060ef          	jal	ra,89f8 <memcpy>
    25b2:	00a9d783          	lhu	a5,10(s3)
    25b6:	94be                	add	s1,s1,a5
    25b8:	fb8796e3          	bne	a5,s8,2564 <SocketUdpReceive+0x66>
    25bc:	4404                	lw	s1,8(s0)
    25be:	b75d                	j	2564 <SocketUdpReceive+0x66>
    25c0:	4c18                	lw	a4,24(s0)
    25c2:	401c                	lw	a5,0(s0)
    25c4:	c804                	sw	s1,16(s0)
    25c6:	975a                	add	a4,a4,s6
    25c8:	0047e793          	ori	a5,a5,4
    25cc:	cc18                	sw	a4,24(s0)
    25ce:	c01c                	sw	a5,0(s0)
    25d0:	bf91                	j	2524 <SocketUdpReceive+0x26>
    25d2:	8082                	ret

000025d4 <WCHSocketTCPReceive>:
    25d4:	5118                	lw	a4,32(a0)
    25d6:	4795                	li	a5,5
    25d8:	0cf71a63          	bne	a4,a5,26ac <WCHSocketTCPReceive+0xd8>
    25dc:	b6dfd2ef          	jal	t0,148 <__riscv_save_10>
    25e0:	491c                	lw	a5,16(a0)
    25e2:	842a                	mv	s0,a0
    25e4:	557d                	li	a0,-1
    25e6:	cfd9                	beqz	a5,2684 <WCHSocketTCPReceive+0xb0>
    25e8:	8a32                	mv	s4,a2
    25ea:	84ae                	mv	s1,a1
    25ec:	ca55                	beqz	a2,26a0 <WCHSocketTCPReceive+0xcc>
    25ee:	00842a83          	lw	s5,8(s0)
    25f2:	4458                	lw	a4,12(s0)
    25f4:	00865b83          	lhu	s7,8(a2)
    25f8:	8932                	mv	s2,a2
    25fa:	9aba                	add	s5,s5,a4
    25fc:	0ac2                	slli	s5,s5,0x10
    25fe:	010ada93          	srli	s5,s5,0x10
    2602:	01079993          	slli	s3,a5,0x10
    2606:	0109d993          	srli	s3,s3,0x10
    260a:	413a8b33          	sub	s6,s5,s3
    260e:	00a95603          	lhu	a2,10(s2)
    2612:	0b42                	slli	s6,s6,0x10
    2614:	010b5b13          	srli	s6,s6,0x10
    2618:	00492c03          	lw	s8,4(s2)
    261c:	06cb7663          	bgeu	s6,a2,2688 <WCHSocketTCPReceive+0xb4>
    2620:	865a                	mv	a2,s6
    2622:	85e2                	mv	a1,s8
    2624:	853e                	mv	a0,a5
    2626:	3d2060ef          	jal	ra,89f8 <memcpy>
    262a:	00a95703          	lhu	a4,10(s2)
    262e:	441c                	lw	a5,8(s0)
    2630:	016c05b3          	add	a1,s8,s6
    2634:	41570733          	sub	a4,a4,s5
    2638:	99ba                	add	s3,s3,a4
    263a:	09c2                	slli	s3,s3,0x10
    263c:	0109d993          	srli	s3,s3,0x10
    2640:	853e                	mv	a0,a5
    2642:	864e                	mv	a2,s3
    2644:	3b4060ef          	jal	ra,89f8 <memcpy>
    2648:	013507b3          	add	a5,a0,s3
    264c:	00092903          	lw	s2,0(s2)
    2650:	fa0919e3          	bnez	s2,2602 <WCHSocketTCPReceive+0x2e>
    2654:	4c18                	lw	a4,24(s0)
    2656:	c81c                	sw	a5,16(s0)
    2658:	8552                	mv	a0,s4
    265a:	975e                	add	a4,a4,s7
    265c:	cc18                	sw	a4,24(s0)
    265e:	4018                	lw	a4,0(s0)
    2660:	00476713          	ori	a4,a4,4
    2664:	c018                	sw	a4,0(s0)
    2666:	19d020ef          	jal	ra,5002 <pbuf_free>
    266a:	38fe                	lhu	a5,54(s1)
    266c:	4c18                	lw	a4,24(s0)
    266e:	8526                	mv	a0,s1
    2670:	41778bb3          	sub	s7,a5,s7
    2674:	445c                	lw	a5,12(s0)
    2676:	03749b23          	sh	s7,54(s1)
    267a:	8f99                	sub	a5,a5,a4
    267c:	b4de                	sh	a5,44(s1)
    267e:	75d020ef          	jal	ra,55da <tcp_update_rcv_ann_wnd>
    2682:	4501                	li	a0,0
    2684:	afdfd06f          	j	180 <__riscv_restore_10>
    2688:	853e                	mv	a0,a5
    268a:	85e2                	mv	a1,s8
    268c:	36c060ef          	jal	ra,89f8 <memcpy>
    2690:	00a95703          	lhu	a4,10(s2)
    2694:	00e507b3          	add	a5,a0,a4
    2698:	fb671ae3          	bne	a4,s6,264c <WCHSocketTCPReceive+0x78>
    269c:	441c                	lw	a5,8(s0)
    269e:	b77d                	j	264c <WCHSocketTCPReceive+0x78>
    26a0:	4501                	li	a0,0
    26a2:	f2ed                	bnez	a3,2684 <WCHSocketTCPReceive+0xb0>
    26a4:	852e                	mv	a0,a1
    26a6:	3c2030ef          	jal	ra,5a68 <tcp_close>
    26aa:	bfe9                	j	2684 <WCHSocketTCPReceive+0xb0>
    26ac:	5565                	li	a0,-7
    26ae:	8082                	ret

000026b0 <LwipTcpConnectedCallBack>:
    26b0:	ac1fd2ef          	jal	t0,170 <__riscv_save_0>
    26b4:	842e                	mv	s0,a1
    26b6:	000025b7          	lui	a1,0x2
    26ba:	84aa                	mv	s1,a0
    26bc:	5d458593          	addi	a1,a1,1492 # 25d4 <WCHSocketTCPReceive>
    26c0:	8522                	mv	a0,s0
    26c2:	010030ef          	jal	ra,56d2 <tcp_recv>
    26c6:	000025b7          	lui	a1,0x2
    26ca:	8522                	mv	a0,s0
    26cc:	3fc58593          	addi	a1,a1,1020 # 23fc <LwipTCPSendCallBack>
    26d0:	008030ef          	jal	ra,56d8 <tcp_sent>
    26d4:	000025b7          	lui	a1,0x2
    26d8:	8522                	mv	a0,s0
    26da:	4605                	li	a2,1
    26dc:	43a58593          	addi	a1,a1,1082 # 243a <LwipTCPPollCallBack>
    26e0:	004030ef          	jal	ra,56e4 <tcp_poll>
    26e4:	209c                	lbu	a5,0(s1)
    26e6:	4501                	li	a0,0
    26e8:	0087e793          	ori	a5,a5,8
    26ec:	c09c                	sw	a5,0(s1)
    26ee:	aa7fd06f          	j	194 <__riscv_restore_0>

000026f2 <ErrorEncode>:
    26f2:	c919                	beqz	a0,2708 <ErrorEncode+0x16>
    26f4:	40a00533          	neg	a0,a0
    26f8:	67a9                	lui	a5,0xa
    26fa:	64078793          	addi	a5,a5,1600 # a640 <ErrTable>
    26fe:	0ff57513          	andi	a0,a0,255
    2702:	953e                	add	a0,a0,a5
    2704:	2108                	lbu	a0,0(a0)
    2706:	8082                	ret
    2708:	4501                	li	a0,0
    270a:	8082                	ret

0000270c <WCHSocketInit>:
    270c:	a65fd2ef          	jal	t0,170 <__riscv_save_0>
    2710:	03c00793          	li	a5,60
    2714:	02f587b3          	mul	a5,a1,a5
    2718:	20007437          	lui	s0,0x20007
    271c:	90c40713          	addi	a4,s0,-1780 # 2000690c <SocketInf>
    2720:	892a                	mv	s2,a0
    2722:	84ae                	mv	s1,a1
    2724:	03c00613          	li	a2,60
    2728:	4581                	li	a1,0
    272a:	90c40413          	addi	s0,s0,-1780
    272e:	97ba                	add	a5,a5,a4
    2730:	853e                	mv	a0,a5
    2732:	a6ffd0ef          	jal	ra,1a0 <memset>
    2736:	00090763          	beqz	s2,2744 <WCHSocketInit+0x38>
    273a:	03c00613          	li	a2,60
    273e:	85ca                	mv	a1,s2
    2740:	2b8060ef          	jal	ra,89f8 <memcpy>
    2744:	03c00593          	li	a1,60
    2748:	02b485b3          	mul	a1,s1,a1
    274c:	95a2                	add	a1,a1,s0
    274e:	459c                	lw	a5,8(a1)
    2750:	c99c                	sw	a5,16(a1)
    2752:	c9dc                	sw	a5,20(a1)
    2754:	a41fd06f          	j	194 <__riscv_restore_0>

00002758 <WCHNET_Init>:
    2758:	9fffd2ef          	jal	t0,156 <__riscv_save_4>
    275c:	8a2a                	mv	s4,a0
    275e:	20007537          	lui	a0,0x20007
    2762:	1141                	addi	sp,sp,-16
    2764:	89ae                	mv	s3,a1
    2766:	84b2                	mv	s1,a2
    2768:	4581                	li	a1,0
    276a:	4661                	li	a2,24
    276c:	99050513          	addi	a0,a0,-1648 # 20006990 <DHCPCtrl>
    2770:	c636                	sw	a3,12(sp)
    2772:	a2ffd0ef          	jal	ra,1a0 <memset>
    2776:	46b2                	lw	a3,12(sp)
    2778:	20007437          	lui	s0,0x20007
    277c:	a0840913          	addi	s2,s0,-1528 # 20006a08 <NetInf>
    2780:	85b6                	mv	a1,a3
    2782:	4619                	li	a2,6
    2784:	00c90513          	addi	a0,s2,12
    2788:	270060ef          	jal	ra,89f8 <memcpy>
    278c:	4611                	li	a2,4
    278e:	85d2                	mv	a1,s4
    2790:	a0840513          	addi	a0,s0,-1528
    2794:	264060ef          	jal	ra,89f8 <memcpy>
    2798:	4611                	li	a2,4
    279a:	85ce                	mv	a1,s3
    279c:	00490513          	addi	a0,s2,4
    27a0:	258060ef          	jal	ra,89f8 <memcpy>
    27a4:	a0840413          	addi	s0,s0,-1528
    27a8:	e0a1                	bnez	s1,27e8 <WCHNET_Init+0x90>
    27aa:	010007b7          	lui	a5,0x1000
    27ae:	17fd                	addi	a5,a5,-1
    27b0:	c41c                	sw	a5,8(s0)
    27b2:	4481                	li	s1,0
    27b4:	8cc1c783          	lbu	a5,-1844(gp) # 200002ac <SockNumber>
    27b8:	02f4cf63          	blt	s1,a5,27f6 <WCHNET_Init+0x9e>
    27bc:	3f4010ef          	jal	ra,3bb0 <wch_ethernetif_init>
    27c0:	4785                	li	a5,1
    27c2:	d05c                	sw	a5,36(s0)
    27c4:	6715                	lui	a4,0x5
    27c6:	200077b7          	lui	a5,0x20007
    27ca:	9fc78793          	addi	a5,a5,-1540 # 200069fc <KeepLiveCfg>
    27ce:	e2070713          	addi	a4,a4,-480 # 4e20 <memp_malloc+0x10>
    27d2:	c398                	sw	a4,0(a5)
    27d4:	6711                	lui	a4,0x4
    27d6:	a9870713          	addi	a4,a4,-1384 # 3a98 <ethernetif_init+0xe>
    27da:	c3d8                	sw	a4,4(a5)
    27dc:	4725                	li	a4,9
    27de:	c798                	sw	a4,8(a5)
    27e0:	4501                	li	a0,0
    27e2:	0141                	addi	sp,sp,16
    27e4:	9a7fd06f          	j	18a <__riscv_restore_4>
    27e8:	4611                	li	a2,4
    27ea:	85a6                	mv	a1,s1
    27ec:	00840513          	addi	a0,s0,8
    27f0:	208060ef          	jal	ra,89f8 <memcpy>
    27f4:	bf7d                	j	27b2 <WCHNET_Init+0x5a>
    27f6:	0ff4f593          	andi	a1,s1,255
    27fa:	4501                	li	a0,0
    27fc:	f11ff0ef          	jal	ra,270c <WCHSocketInit>
    2800:	0485                	addi	s1,s1,1
    2802:	bf4d                	j	27b4 <WCHNET_Init+0x5c>

00002804 <WCHNET_ConfigLIB>:
    2804:	5518                	lw	a4,40(a0)
    2806:	123457b7          	lui	a5,0x12345
    280a:	67878793          	addi	a5,a5,1656 # 12345678 <_data_lma+0x1233ae28>
    280e:	12f71063          	bne	a4,a5,292e <WCHNET_ConfigLIB+0x12a>
    2812:	945fd2ef          	jal	t0,156 <__riscv_save_4>
    2816:	511c                	lw	a5,32(a0)
    2818:	842a                	mv	s0,a0
    281a:	4525                	li	a0,9
    281c:	10078163          	beqz	a5,291e <WCHNET_ConfigLIB+0x11a>
    2820:	20007937          	lui	s2,0x20007
    2824:	04400613          	li	a2,68
    2828:	4581                	li	a1,0
    282a:	a0890513          	addi	a0,s2,-1528 # 20006a08 <NetInf>
    282e:	973fd0ef          	jal	ra,1a0 <memset>
    2832:	200074b7          	lui	s1,0x20007
    2836:	02c00613          	li	a2,44
    283a:	4581                	li	a1,0
    283c:	a4c48513          	addi	a0,s1,-1460 # 20006a4c <WCHCfg>
    2840:	961fd0ef          	jal	ra,1a0 <memset>
    2844:	02c00613          	li	a2,44
    2848:	85a2                	mv	a1,s0
    284a:	a4c48513          	addi	a0,s1,-1460
    284e:	1aa060ef          	jal	ra,89f8 <memcpy>
    2852:	a4c48993          	addi	s3,s1,-1460
    2856:	0149a703          	lw	a4,20(s3)
    285a:	864a                	mv	a2,s2
    285c:	a4c48793          	addi	a5,s1,-1460
    2860:	eb25                	bnez	a4,28d0 <WCHNET_ConfigLIB+0xcc>
    2862:	66a9                	lui	a3,0xa
    2864:	6206d703          	lhu	a4,1568(a3) # a620 <MemNum>
    2868:	62068693          	addi	a3,a3,1568
    286c:	22ae                	lhu	a1,2(a3)
    286e:	972e                	add	a4,a4,a1
    2870:	22ce                	lhu	a1,4(a3)
    2872:	22f6                	lhu	a3,6(a3)
    2874:	972e                	add	a4,a4,a1
    2876:	9736                	add	a4,a4,a3
    2878:	01271693          	slli	a3,a4,0x12
    287c:	0a06d363          	bgez	a3,2922 <WCHNET_ConfigLIB+0x11e>
    2880:	cbd8                	sw	a4,20(a5)
    2882:	4bd8                	lw	a4,20(a5)
    2884:	00e75693          	srli	a3,a4,0xe
    2888:	8afd                	andi	a3,a3,31
    288a:	ea89                	bnez	a3,289c <WCHNET_ConfigLIB+0x98>
    288c:	fff846b7          	lui	a3,0xfff84
    2890:	16fd                	addi	a3,a3,-1
    2892:	8f75                	and	a4,a4,a3
    2894:	000506b7          	lui	a3,0x50
    2898:	8f55                	or	a4,a4,a3
    289a:	cbd8                	sw	a4,20(a5)
    289c:	4bd8                	lw	a4,20(a5)
    289e:	01375693          	srli	a3,a4,0x13
    28a2:	8afd                	andi	a3,a3,31
    28a4:	ea89                	bnez	a3,28b6 <WCHNET_ConfigLIB+0xb2>
    28a6:	fff846b7          	lui	a3,0xfff84
    28aa:	16fd                	addi	a3,a3,-1
    28ac:	8f75                	and	a4,a4,a3
    28ae:	005006b7          	lui	a3,0x500
    28b2:	8f55                	or	a4,a4,a3
    28b4:	cbd8                	sw	a4,20(a5)
    28b6:	4bd8                	lw	a4,20(a5)
    28b8:	00671693          	slli	a3,a4,0x6
    28bc:	0006ca63          	bltz	a3,28d0 <WCHNET_ConfigLIB+0xcc>
    28c0:	fe0006b7          	lui	a3,0xfe000
    28c4:	16fd                	addi	a3,a3,-1
    28c6:	8f75                	and	a4,a4,a3
    28c8:	140006b7          	lui	a3,0x14000
    28cc:	8f55                	or	a4,a4,a3
    28ce:	cbd8                	sw	a4,20(a5)
    28d0:	4bd8                	lw	a4,20(a5)
    28d2:	01b75693          	srli	a3,a4,0x1b
    28d6:	e689                	bnez	a3,28e0 <WCHNET_ConfigLIB+0xdc>
    28d8:	400006b7          	lui	a3,0x40000
    28dc:	8f55                	or	a4,a4,a3
    28de:	cbd8                	sw	a4,20(a5)
    28e0:	53d8                	lw	a4,36(a5)
    28e2:	e711                	bnez	a4,28ee <WCHNET_ConfigLIB+0xea>
    28e4:	00002737          	lui	a4,0x2
    28e8:	1e270713          	addi	a4,a4,482 # 21e2 <WCHNET_Rx>
    28ec:	d3d8                	sw	a4,36(a5)
    28ee:	4bd4                	lw	a3,20(a5)
    28f0:	4501                	li	a0,0
    28f2:	00e6d713          	srli	a4,a3,0xe
    28f6:	8b7d                	andi	a4,a4,31
    28f8:	8cd18623          	sb	a3,-1844(gp) # 200002ac <SockNumber>
    28fc:	a0860793          	addi	a5,a2,-1528
    2900:	cf98                	sw	a4,24(a5)
    2902:	0136d713          	srli	a4,a3,0x13
    2906:	8b7d                	andi	a4,a4,31
    2908:	03200613          	li	a2,50
    290c:	02c70733          	mul	a4,a4,a2
    2910:	cfd8                	sw	a4,28(a5)
    2912:	00669713          	slli	a4,a3,0x6
    2916:	00075463          	bgez	a4,291e <WCHNET_ConfigLIB+0x11a>
    291a:	4709                	li	a4,2
    291c:	c3b8                	sw	a4,64(a5)
    291e:	86dfd06f          	j	18a <__riscv_restore_4>
    2922:	76f9                	lui	a3,0xffffe
    2924:	16fd                	addi	a3,a3,-1
    2926:	8f75                	and	a4,a4,a3
    2928:	6689                	lui	a3,0x2
    292a:	8f55                	or	a4,a4,a3
    292c:	bf91                	j	2880 <WCHNET_ConfigLIB+0x7c>
    292e:	0ff00513          	li	a0,255
    2932:	8082                	ret

00002934 <WCHFindCorrectTCBPcb>:
    2934:	8cc1c603          	lbu	a2,-1844(gp) # 200002ac <SockNumber>
    2938:	200077b7          	lui	a5,0x20007
    293c:	90c78693          	addi	a3,a5,-1780 # 2000690c <SocketInf>
    2940:	4701                	li	a4,0
    2942:	90c78793          	addi	a5,a5,-1780
    2946:	00e61763          	bne	a2,a4,2954 <WCHFindCorrectTCBPcb+0x20>
    294a:	4781                	li	a5,0
    294c:	02f71363          	bne	a4,a5,2972 <WCHFindCorrectTCBPcb+0x3e>
    2950:	4501                	li	a0,0
    2952:	8082                	ret
    2954:	0307a803          	lw	a6,48(a5)
    2958:	00a81763          	bne	a6,a0,2966 <WCHFindCorrectTCBPcb+0x32>
    295c:	c509                	beqz	a0,2966 <WCHFindCorrectTCBPcb+0x32>
    295e:	4505                	li	a0,1
    2960:	d9ed                	beqz	a1,2952 <WCHFindCorrectTCBPcb+0x1e>
    2962:	a198                	sb	a4,0(a1)
    2964:	8082                	ret
    2966:	0705                	addi	a4,a4,1
    2968:	0ff77713          	andi	a4,a4,255
    296c:	03c78793          	addi	a5,a5,60
    2970:	bfd9                	j	2946 <WCHFindCorrectTCBPcb+0x12>
    2972:	5ad0                	lw	a2,52(a3)
    2974:	00a61963          	bne	a2,a0,2986 <WCHFindCorrectTCBPcb+0x52>
    2978:	c519                	beqz	a0,2986 <WCHFindCorrectTCBPcb+0x52>
    297a:	4505                	li	a0,1
    297c:	d9f9                	beqz	a1,2952 <WCHFindCorrectTCBPcb+0x1e>
    297e:	f807e793          	ori	a5,a5,-128
    2982:	a19c                	sb	a5,0(a1)
    2984:	8082                	ret
    2986:	0785                	addi	a5,a5,1
    2988:	0ff7f793          	andi	a5,a5,255
    298c:	03c68693          	addi	a3,a3,60 # 203c <WCHNET_PeriodicHandle+0x74>
    2990:	bf75                	j	294c <WCHFindCorrectTCBPcb+0x18>

00002992 <WCHNET_SocketCreat>:
    2992:	fc4fd2ef          	jal	t0,156 <__riscv_save_4>
    2996:	20007937          	lui	s2,0x20007
    299a:	00050023          	sb	zero,0(a0)
    299e:	8cc1c703          	lbu	a4,-1844(gp) # 200002ac <SockNumber>
    29a2:	1141                	addi	sp,sp,-16
    29a4:	90c90793          	addi	a5,s2,-1780 # 2000690c <SocketInf>
    29a8:	4481                	li	s1,0
    29aa:	90c90913          	addi	s2,s2,-1780
    29ae:	00971763          	bne	a4,s1,29bc <WCHNET_SocketCreat+0x2a>
    29b2:	02000513          	li	a0,32
    29b6:	0141                	addi	sp,sp,16
    29b8:	fd2fd06f          	j	18a <__riscv_restore_4>
    29bc:	03c78793          	addi	a5,a5,60
    29c0:	fe47a683          	lw	a3,-28(a5)
    29c4:	18068163          	beqz	a3,2b46 <WCHNET_SocketCreat+0x1b4>
    29c8:	0485                	addi	s1,s1,1
    29ca:	0ff4f493          	andi	s1,s1,255
    29ce:	b7c5                	j	29ae <WCHNET_SocketCreat+0x1c>
    29d0:	200077b7          	lui	a5,0x20007
    29d4:	a087a783          	lw	a5,-1528(a5) # 20006a08 <NetInf>
    29d8:	006c                	addi	a1,sp,12
    29da:	c63e                	sw	a5,12(sp)
    29dc:	15d020ef          	jal	ra,5338 <raw_bind>
    29e0:	4611                	li	a2,4
    29e2:	02c40593          	addi	a1,s0,44
    29e6:	0068                	addi	a0,sp,12
    29e8:	010060ef          	jal	ra,89f8 <memcpy>
    29ec:	006c                	addi	a1,sp,12
    29ee:	854e                	mv	a0,s3
    29f0:	167020ef          	jal	ra,5356 <raw_connect>
    29f4:	03c00613          	li	a2,60
    29f8:	02c48633          	mul	a2,s1,a2
    29fc:	000025b7          	lui	a1,0x2
    2a00:	43e58593          	addi	a1,a1,1086 # 243e <SocketIPRAWReceive>
    2a04:	854e                	mv	a0,s3
    2a06:	964a                	add	a2,a2,s2
    2a08:	16d020ef          	jal	ra,5374 <raw_recv>
    2a0c:	4795                	li	a5,5
    2a0e:	20007537          	lui	a0,0x20007
    2a12:	006c                	addi	a1,sp,12
    2a14:	03342823          	sw	s3,48(s0)
    2a18:	d01c                	sw	a5,32(s0)
    2a1a:	a7850513          	addi	a0,a0,-1416 # 20006a78 <WCHNetIf>
    2a1e:	503000ef          	jal	ra,3720 <etharp_request>
    2a22:	85a6                	mv	a1,s1
    2a24:	8522                	mv	a0,s0
    2a26:	ce7ff0ef          	jal	ra,270c <WCHSocketInit>
    2a2a:	4501                	li	a0,0
    2a2c:	b769                	j	29b6 <WCHNET_SocketCreat+0x24>
    2a2e:	4709                	li	a4,2
    2a30:	0ae79063          	bne	a5,a4,2ad0 <WCHNET_SocketCreat+0x13e>
    2a34:	2a9050ef          	jal	ra,84dc <udp_new>
    2a38:	89aa                	mv	s3,a0
    2a3a:	12050363          	beqz	a0,2b60 <WCHNET_SocketCreat+0x1ce>
    2a3e:	02c40a93          	addi	s5,s0,44
    2a42:	4611                	li	a2,4
    2a44:	85d6                	mv	a1,s5
    2a46:	0068                	addi	a0,sp,12
    2a48:	7b1050ef          	jal	ra,89f8 <memcpy>
    2a4c:	4a32                	lw	s4,12(sp)
    2a4e:	f0000537          	lui	a0,0xf0000
    2a52:	214010ef          	jal	ra,3c66 <ntohl>
    2a56:	00aa7a33          	and	s4,s4,a0
    2a5a:	e0000537          	lui	a0,0xe0000
    2a5e:	208010ef          	jal	ra,3c66 <ntohl>
    2a62:	04aa0063          	beq	s4,a0,2aa2 <WCHNET_SocketCreat+0x110>
    2a66:	200075b7          	lui	a1,0x20007
    2a6a:	a7858593          	addi	a1,a1,-1416 # 20006a78 <WCHNetIf>
    2a6e:	0068                	addi	a0,sp,12
    2a70:	678010ef          	jal	ra,40e8 <ip_addr_isbroadcast>
    2a74:	e51d                	bnez	a0,2aa2 <WCHNET_SocketCreat+0x110>
    2a76:	200077b7          	lui	a5,0x20007
    2a7a:	a087a783          	lw	a5,-1528(a5) # 20006a08 <NetInf>
    2a7e:	3412                	lhu	a2,40(s0)
    2a80:	006c                	addi	a1,sp,12
    2a82:	854e                	mv	a0,s3
    2a84:	c63e                	sw	a5,12(sp)
    2a86:	7f2050ef          	jal	ra,8278 <udp_bind>
    2a8a:	e11d                	bnez	a0,2ab0 <WCHNET_SocketCreat+0x11e>
    2a8c:	85d6                	mv	a1,s5
    2a8e:	4611                	li	a2,4
    2a90:	0068                	addi	a0,sp,12
    2a92:	767050ef          	jal	ra,89f8 <memcpy>
    2a96:	3052                	lhu	a2,36(s0)
    2a98:	006c                	addi	a1,sp,12
    2a9a:	854e                	mv	a0,s3
    2a9c:	18d050ef          	jal	ra,8428 <udp_connect>
    2aa0:	a039                	j	2aae <WCHNET_SocketCreat+0x11c>
    2aa2:	3412                	lhu	a2,40(s0)
    2aa4:	85418593          	addi	a1,gp,-1964 # 20000234 <ip_addr_any>
    2aa8:	854e                	mv	a0,s3
    2aaa:	7ce050ef          	jal	ra,8278 <udp_bind>
    2aae:	c501                	beqz	a0,2ab6 <WCHNET_SocketCreat+0x124>
    2ab0:	c43ff0ef          	jal	ra,26f2 <ErrorEncode>
    2ab4:	b709                	j	29b6 <WCHNET_SocketCreat+0x24>
    2ab6:	03c00613          	li	a2,60
    2aba:	02c48633          	mul	a2,s1,a2
    2abe:	000025b7          	lui	a1,0x2
    2ac2:	4fe58593          	addi	a1,a1,1278 # 24fe <SocketUdpReceive>
    2ac6:	854e                	mv	a0,s3
    2ac8:	964a                	add	a2,a2,s2
    2aca:	1dd050ef          	jal	ra,84a6 <udp_recv>
    2ace:	bf3d                	j	2a0c <WCHNET_SocketCreat+0x7a>
    2ad0:	470d                	li	a4,3
    2ad2:	02100513          	li	a0,33
    2ad6:	eee790e3          	bne	a5,a4,29b6 <WCHNET_SocketCreat+0x24>
    2ada:	34e030ef          	jal	ra,5e28 <tcp_new>
    2ade:	445c                	lw	a5,12(s0)
    2ae0:	3412                	lhu	a2,40(s0)
    2ae2:	006c                	addi	a1,sp,12
    2ae4:	b95e                	sh	a5,52(a0)
    2ae6:	200077b7          	lui	a5,0x20007
    2aea:	a087a783          	lw	a5,-1528(a5) # 20006a08 <NetInf>
    2aee:	89aa                	mv	s3,a0
    2af0:	c63e                	sw	a5,12(sp)
    2af2:	1d3020ef          	jal	ra,54c4 <tcp_bind>
    2af6:	8a2a                	mv	s4,a0
    2af8:	c511                	beqz	a0,2b04 <WCHNET_SocketCreat+0x172>
    2afa:	854e                	mv	a0,s3
    2afc:	76d020ef          	jal	ra,5a68 <tcp_close>
    2b00:	8552                	mv	a0,s4
    2b02:	b77d                	j	2ab0 <WCHNET_SocketCreat+0x11e>
    2b04:	03c00593          	li	a1,60
    2b08:	02b485b3          	mul	a1,s1,a1
    2b0c:	854e                	mv	a0,s3
    2b0e:	95ca                	add	a1,a1,s2
    2b10:	3bf020ef          	jal	ra,56ce <tcp_arg>
    2b14:	000025b7          	lui	a1,0x2
    2b18:	854e                	mv	a0,s3
    2b1a:	3fa58593          	addi	a1,a1,1018 # 23fa <NET_TCPError>
    2b1e:	3c1020ef          	jal	ra,56de <tcp_err>
    2b22:	4795                	li	a5,5
    2b24:	85a6                	mv	a1,s1
    2b26:	8522                	mv	a0,s0
    2b28:	03342823          	sw	s3,48(s0)
    2b2c:	03342a23          	sw	s3,52(s0)
    2b30:	d01c                	sw	a5,32(s0)
    2b32:	bdbff0ef          	jal	ra,270c <WCHSocketInit>
    2b36:	20007537          	lui	a0,0x20007
    2b3a:	006c                	addi	a1,sp,12
    2b3c:	a7850513          	addi	a0,a0,-1416 # 20006a78 <WCHNetIf>
    2b40:	3e1000ef          	jal	ra,3720 <etharp_request>
    2b44:	b5dd                	j	2a2a <WCHNET_SocketCreat+0x98>
    2b46:	a104                	sb	s1,0(a0)
    2b48:	4ddc                	lw	a5,28(a1)
    2b4a:	c1c4                	sw	s1,4(a1)
    2b4c:	842e                	mv	s0,a1
    2b4e:	ee0790e3          	bnez	a5,2a2e <WCHNET_SocketCreat+0x9c>
    2b52:	02844503          	lbu	a0,40(s0)
    2b56:	0e3020ef          	jal	ra,5438 <raw_new>
    2b5a:	89aa                	mv	s3,a0
    2b5c:	e6051ae3          	bnez	a0,29d0 <WCHNET_SocketCreat+0x3e>
    2b60:	4545                	li	a0,17
    2b62:	bd91                	j	29b6 <WCHNET_SocketCreat+0x24>

00002b64 <tcp_recved_socket>:
    2b64:	e0cfd2ef          	jal	t0,170 <__riscv_save_0>
    2b68:	b54e                	sh	a1,44(a0)
    2b6a:	842a                	mv	s0,a0
    2b6c:	26f020ef          	jal	ra,55da <tcp_update_rcv_ann_wnd>
    2b70:	cd09                	beqz	a0,2b8a <tcp_recved_socket+0x26>
    2b72:	02644783          	lbu	a5,38(s0)
    2b76:	8522                	mv	a0,s0
    2b78:	0027e793          	ori	a5,a5,2
    2b7c:	02f40323          	sb	a5,38(s0)
    2b80:	60d040ef          	jal	ra,798c <tcp_output>
    2b84:	4505                	li	a0,1
    2b86:	e0efd06f          	j	194 <__riscv_restore_0>
    2b8a:	200077b7          	lui	a5,0x20007
    2b8e:	a5c7a783          	lw	a5,-1444(a5) # 20006a5c <WCHCfg+0x10>
    2b92:	83a1                	srli	a5,a5,0x8
    2b94:	8b85                	andi	a5,a5,1
    2b96:	d7fd                	beqz	a5,2b84 <tcp_recved_socket+0x20>
    2b98:	02644783          	lbu	a5,38(s0)
    2b9c:	8b85                	andi	a5,a5,1
    2b9e:	d3fd                	beqz	a5,2b84 <tcp_recved_socket+0x20>
    2ba0:	4789                	li	a5,2
    2ba2:	02f403a3          	sb	a5,39(s0)
    2ba6:	4705                	li	a4,1
    2ba8:	8ce1a823          	sw	a4,-1840(gp) # 200002b0 <tcpSendAckFlag>
    2bac:	bfe1                	j	2b84 <tcp_recved_socket+0x20>

00002bae <WCHNET_SocketRecv>:
    2bae:	da8fd2ef          	jal	t0,156 <__riscv_save_4>
    2bb2:	4214                	lw	a3,0(a2)
    2bb4:	4469                	li	s0,26
    2bb6:	cecd                	beqz	a3,2c70 <WCHNET_SocketRecv+0xc2>
    2bb8:	00062023          	sw	zero,0(a2)
    2bbc:	8a32                	mv	s4,a2
    2bbe:	03c00613          	li	a2,60
    2bc2:	02c50633          	mul	a2,a0,a2
    2bc6:	200074b7          	lui	s1,0x20007
    2bca:	90c48713          	addi	a4,s1,-1780 # 2000690c <SocketInf>
    2bce:	89aa                	mv	s3,a0
    2bd0:	87ae                	mv	a5,a1
    2bd2:	90c48493          	addi	s1,s1,-1780
    2bd6:	9732                	add	a4,a4,a2
    2bd8:	00872b03          	lw	s6,8(a4)
    2bdc:	4750                	lw	a2,12(a4)
    2bde:	01872903          	lw	s2,24(a4)
    2be2:	4b40                	lw	s0,20(a4)
    2be4:	9b32                	add	s6,s6,a2
    2be6:	0126f363          	bgeu	a3,s2,2bec <WCHNET_SocketRecv+0x3e>
    2bea:	8936                	mv	s2,a3
    2bec:	408b0ab3          	sub	s5,s6,s0
    2bf0:	092af363          	bgeu	s5,s2,2c76 <WCHNET_SocketRecv+0xc8>
    2bf4:	cb81                	beqz	a5,2c04 <WCHNET_SocketRecv+0x56>
    2bf6:	853e                	mv	a0,a5
    2bf8:	8656                	mv	a2,s5
    2bfa:	85a2                	mv	a1,s0
    2bfc:	5fd050ef          	jal	ra,89f8 <memcpy>
    2c00:	015507b3          	add	a5,a0,s5
    2c04:	03c00713          	li	a4,60
    2c08:	02e98733          	mul	a4,s3,a4
    2c0c:	944a                	add	s0,s0,s2
    2c0e:	41640433          	sub	s0,s0,s6
    2c12:	9726                	add	a4,a4,s1
    2c14:	00872a83          	lw	s5,8(a4)
    2c18:	c791                	beqz	a5,2c24 <WCHNET_SocketRecv+0x76>
    2c1a:	8622                	mv	a2,s0
    2c1c:	85d6                	mv	a1,s5
    2c1e:	853e                	mv	a0,a5
    2c20:	5d9050ef          	jal	ra,89f8 <memcpy>
    2c24:	9456                	add	s0,s0,s5
    2c26:	03c00793          	li	a5,60
    2c2a:	02f987b3          	mul	a5,s3,a5
    2c2e:	012a2023          	sw	s2,0(s4)
    2c32:	97a6                	add	a5,a5,s1
    2c34:	4f98                	lw	a4,24(a5)
    2c36:	cbc0                	sw	s0,20(a5)
    2c38:	41270933          	sub	s2,a4,s2
    2c3c:	0127ac23          	sw	s2,24(a5)
    2c40:	00091863          	bnez	s2,2c50 <WCHNET_SocketRecv+0xa2>
    2c44:	4798                	lw	a4,8(a5)
    2c46:	cbd8                	sw	a4,20(a5)
    2c48:	cb98                	sw	a4,16(a5)
    2c4a:	4398                	lw	a4,0(a5)
    2c4c:	9b6d                	andi	a4,a4,-5
    2c4e:	c398                	sw	a4,0(a5)
    2c50:	03c00793          	li	a5,60
    2c54:	02f989b3          	mul	s3,s3,a5
    2c58:	478d                	li	a5,3
    2c5a:	4401                	li	s0,0
    2c5c:	94ce                	add	s1,s1,s3
    2c5e:	4cd8                	lw	a4,28(s1)
    2c60:	00f71863          	bne	a4,a5,2c70 <WCHNET_SocketRecv+0xc2>
    2c64:	00091663          	bnez	s2,2c70 <WCHNET_SocketRecv+0xc2>
    2c68:	24ce                	lhu	a1,12(s1)
    2c6a:	5888                	lw	a0,48(s1)
    2c6c:	ef9ff0ef          	jal	ra,2b64 <tcp_recved_socket>
    2c70:	8522                	mv	a0,s0
    2c72:	d18fd06f          	j	18a <__riscv_restore_4>
    2c76:	c791                	beqz	a5,2c82 <WCHNET_SocketRecv+0xd4>
    2c78:	864a                	mv	a2,s2
    2c7a:	85a2                	mv	a1,s0
    2c7c:	853e                	mv	a0,a5
    2c7e:	57b050ef          	jal	ra,89f8 <memcpy>
    2c82:	944a                	add	s0,s0,s2
    2c84:	fb2a91e3          	bne	s5,s2,2c26 <WCHNET_SocketRecv+0x78>
    2c88:	03c00793          	li	a5,60
    2c8c:	02f987b3          	mul	a5,s3,a5
    2c90:	97a6                	add	a5,a5,s1
    2c92:	4780                	lw	s0,8(a5)
    2c94:	bf49                	j	2c26 <WCHNET_SocketRecv+0x78>

00002c96 <WCHNET_SocketRecvLen>:
    2c96:	200077b7          	lui	a5,0x20007
    2c9a:	90c78793          	addi	a5,a5,-1780 # 2000690c <SocketInf>
    2c9e:	c981                	beqz	a1,2cae <WCHNET_SocketRecvLen+0x18>
    2ca0:	03c00713          	li	a4,60
    2ca4:	02e50733          	mul	a4,a0,a4
    2ca8:	973e                	add	a4,a4,a5
    2caa:	4b58                	lw	a4,20(a4)
    2cac:	c198                	sw	a4,0(a1)
    2cae:	03c00713          	li	a4,60
    2cb2:	02e50533          	mul	a0,a0,a4
    2cb6:	97aa                	add	a5,a5,a0
    2cb8:	4f88                	lw	a0,24(a5)
    2cba:	8082                	ret

00002cbc <SocketIPRawSend>:
    2cbc:	c8cfd2ef          	jal	t0,148 <__riscv_save_10>
    2cc0:	4200                	lw	s0,0(a2)
    2cc2:	00062023          	sw	zero,0(a2)
    2cc6:	c455                	beqz	s0,2d72 <SocketIPRawSend+0xb6>
    2cc8:	87aa                	mv	a5,a0
    2cca:	4569                	li	a0,26
    2ccc:	c5d9                	beqz	a1,2d5a <SocketIPRawSend+0x9e>
    2cce:	03c00513          	li	a0,60
    2cd2:	02a787b3          	mul	a5,a5,a0
    2cd6:	20007537          	lui	a0,0x20007
    2cda:	90c50513          	addi	a0,a0,-1780 # 2000690c <SocketInf>
    2cde:	20007ab7          	lui	s5,0x20007
    2ce2:	4481                	li	s1,0
    2ce4:	97aa                	add	a5,a5,a0
    2ce6:	0307ab03          	lw	s6,48(a5)
    2cea:	a08a8793          	addi	a5,s5,-1528 # 20006a08 <NetInf>
    2cee:	43bc                	lw	a5,64(a5)
    2cf0:	a08a8a93          	addi	s5,s5,-1528
    2cf4:	8b89                	andi	a5,a5,2
    2cf6:	e399                	bnez	a5,2cfc <SocketIPRawSend+0x40>
    2cf8:	0c700493          	li	s1,199
    2cfc:	5c800793          	li	a5,1480
    2d00:	0087f463          	bgeu	a5,s0,2d08 <SocketIPRawSend+0x4c>
    2d04:	5c800413          	li	s0,1480
    2d08:	01041c93          	slli	s9,s0,0x10
    2d0c:	8a32                	mv	s4,a2
    2d0e:	892e                	mv	s2,a1
    2d10:	010cdc93          	srli	s9,s9,0x10
    2d14:	0c800c13          	li	s8,200
    2d18:	4601                	li	a2,0
    2d1a:	85e6                	mv	a1,s9
    2d1c:	4501                	li	a0,0
    2d1e:	332020ef          	jal	ra,5050 <pbuf_alloc>
    2d22:	89aa                	mv	s3,a0
    2d24:	c929                	beqz	a0,2d76 <SocketIPRawSend+0xba>
    2d26:	4148                	lw	a0,4(a0)
    2d28:	8622                	mv	a2,s0
    2d2a:	85ca                	mv	a1,s2
    2d2c:	020aae23          	sw	zero,60(s5)
    2d30:	4c9050ef          	jal	ra,89f8 <memcpy>
    2d34:	85ce                	mv	a1,s3
    2d36:	855a                	mv	a0,s6
    2d38:	6c0020ef          	jal	ra,53f8 <raw_send>
    2d3c:	8baa                	mv	s7,a0
    2d3e:	854e                	mv	a0,s3
    2d40:	2c2020ef          	jal	ra,5002 <pbuf_free>
    2d44:	03caa783          	lw	a5,60(s5)
    2d48:	cb99                	beqz	a5,2d5e <SocketIPRawSend+0xa2>
    2d4a:	0485                	addi	s1,s1,1
    2d4c:	04c2                	slli	s1,s1,0x10
    2d4e:	80c1                	srli	s1,s1,0x10
    2d50:	c30ff0ef          	jal	ra,2180 <WCHNET_NetInput>
    2d54:	fd8492e3          	bne	s1,s8,2d18 <SocketIPRawSend+0x5c>
    2d58:	454d                	li	a0,19
    2d5a:	c26fd06f          	j	180 <__riscv_restore_10>
    2d5e:	000bd663          	bgez	s7,2d6a <SocketIPRawSend+0xae>
    2d62:	855e                	mv	a0,s7
    2d64:	98fff0ef          	jal	ra,26f2 <ErrorEncode>
    2d68:	bfcd                	j	2d5a <SocketIPRawSend+0x9e>
    2d6a:	008a2023          	sw	s0,0(s4)
    2d6e:	4501                	li	a0,0
    2d70:	b7ed                	j	2d5a <SocketIPRawSend+0x9e>
    2d72:	4569                	li	a0,26
    2d74:	b7dd                	j	2d5a <SocketIPRawSend+0x9e>
    2d76:	4545                	li	a0,17
    2d78:	b7cd                	j	2d5a <SocketIPRawSend+0x9e>

00002d7a <SocketUdpSend>:
    2d7a:	bcefd2ef          	jal	t0,148 <__riscv_save_10>
    2d7e:	4200                	lw	s0,0(a2)
    2d80:	00062023          	sw	zero,0(a2)
    2d84:	c455                	beqz	s0,2e30 <SocketUdpSend+0xb6>
    2d86:	87aa                	mv	a5,a0
    2d88:	4569                	li	a0,26
    2d8a:	c5d9                	beqz	a1,2e18 <SocketUdpSend+0x9e>
    2d8c:	03c00513          	li	a0,60
    2d90:	02a787b3          	mul	a5,a5,a0
    2d94:	20007537          	lui	a0,0x20007
    2d98:	90c50513          	addi	a0,a0,-1780 # 2000690c <SocketInf>
    2d9c:	20007ab7          	lui	s5,0x20007
    2da0:	4481                	li	s1,0
    2da2:	97aa                	add	a5,a5,a0
    2da4:	0307ab03          	lw	s6,48(a5)
    2da8:	a08a8793          	addi	a5,s5,-1528 # 20006a08 <NetInf>
    2dac:	43bc                	lw	a5,64(a5)
    2dae:	a08a8a93          	addi	s5,s5,-1528
    2db2:	8b89                	andi	a5,a5,2
    2db4:	e399                	bnez	a5,2dba <SocketUdpSend+0x40>
    2db6:	0c700493          	li	s1,199
    2dba:	5c000793          	li	a5,1472
    2dbe:	0087f463          	bgeu	a5,s0,2dc6 <SocketUdpSend+0x4c>
    2dc2:	5c000413          	li	s0,1472
    2dc6:	01041c93          	slli	s9,s0,0x10
    2dca:	8a32                	mv	s4,a2
    2dcc:	892e                	mv	s2,a1
    2dce:	010cdc93          	srli	s9,s9,0x10
    2dd2:	0c800c13          	li	s8,200
    2dd6:	4601                	li	a2,0
    2dd8:	85e6                	mv	a1,s9
    2dda:	4501                	li	a0,0
    2ddc:	274020ef          	jal	ra,5050 <pbuf_alloc>
    2de0:	89aa                	mv	s3,a0
    2de2:	c929                	beqz	a0,2e34 <SocketUdpSend+0xba>
    2de4:	4148                	lw	a0,4(a0)
    2de6:	8622                	mv	a2,s0
    2de8:	85ca                	mv	a1,s2
    2dea:	020aae23          	sw	zero,60(s5)
    2dee:	40b050ef          	jal	ra,89f8 <memcpy>
    2df2:	85ce                	mv	a1,s3
    2df4:	855a                	mv	a0,s6
    2df6:	620050ef          	jal	ra,8416 <udp_send>
    2dfa:	8baa                	mv	s7,a0
    2dfc:	854e                	mv	a0,s3
    2dfe:	204020ef          	jal	ra,5002 <pbuf_free>
    2e02:	03caa783          	lw	a5,60(s5)
    2e06:	cb99                	beqz	a5,2e1c <SocketUdpSend+0xa2>
    2e08:	0485                	addi	s1,s1,1
    2e0a:	04c2                	slli	s1,s1,0x10
    2e0c:	80c1                	srli	s1,s1,0x10
    2e0e:	b72ff0ef          	jal	ra,2180 <WCHNET_NetInput>
    2e12:	fd8492e3          	bne	s1,s8,2dd6 <SocketUdpSend+0x5c>
    2e16:	454d                	li	a0,19
    2e18:	b68fd06f          	j	180 <__riscv_restore_10>
    2e1c:	000bd663          	bgez	s7,2e28 <SocketUdpSend+0xae>
    2e20:	855e                	mv	a0,s7
    2e22:	8d1ff0ef          	jal	ra,26f2 <ErrorEncode>
    2e26:	bfcd                	j	2e18 <SocketUdpSend+0x9e>
    2e28:	008a2023          	sw	s0,0(s4)
    2e2c:	4501                	li	a0,0
    2e2e:	b7ed                	j	2e18 <SocketUdpSend+0x9e>
    2e30:	4569                	li	a0,26
    2e32:	b7dd                	j	2e18 <SocketUdpSend+0x9e>
    2e34:	4545                	li	a0,17
    2e36:	b7cd                	j	2e18 <SocketUdpSend+0x9e>

00002e38 <SocketTcpSend>:
    2e38:	b10fd2ef          	jal	t0,148 <__riscv_save_10>
    2e3c:	00062983          	lw	s3,0(a2)
    2e40:	00062023          	sw	zero,0(a2)
    2e44:	0c098e63          	beqz	s3,2f20 <SocketTcpSend+0xe8>
    2e48:	87aa                	mv	a5,a0
    2e4a:	8b2e                	mv	s6,a1
    2e4c:	4569                	li	a0,26
    2e4e:	c1a1                	beqz	a1,2e8e <SocketTcpSend+0x56>
    2e50:	03c00513          	li	a0,60
    2e54:	02a787b3          	mul	a5,a5,a0
    2e58:	20007537          	lui	a0,0x20007
    2e5c:	90c50513          	addi	a0,a0,-1780 # 2000690c <SocketInf>
    2e60:	20007a37          	lui	s4,0x20007
    2e64:	8bb2                	mv	s7,a2
    2e66:	0c900a93          	li	s5,201
    2e6a:	4481                	li	s1,0
    2e6c:	4c11                	li	s8,4
    2e6e:	a4ca0a13          	addi	s4,s4,-1460 # 20006a4c <WCHCfg>
    2e72:	5cfd                	li	s9,-1
    2e74:	97aa                	add	a5,a5,a0
    2e76:	0307a903          	lw	s2,48(a5)
    2e7a:	1afd                	addi	s5,s5,-1
    2e7c:	0ac2                	slli	s5,s5,0x10
    2e7e:	010ada93          	srli	s5,s5,0x10
    2e82:	000a9863          	bnez	s5,2e92 <SocketTcpSend+0x5a>
    2e86:	000ba783          	lw	a5,0(s7) # ffff8000 <_eusrstack+0xdffe8000>
    2e8a:	cbc9                	beqz	a5,2f1c <SocketTcpSend+0xe4>
    2e8c:	4501                	li	a0,0
    2e8e:	af2fd06f          	j	180 <__riscv_restore_10>
    2e92:	01092783          	lw	a5,16(s2)
    2e96:	09879763          	bne	a5,s8,2f24 <SocketTcpSend+0xec>
    2e9a:	ae6ff0ef          	jal	ra,2180 <WCHNET_NetInput>
    2e9e:	07695703          	lhu	a4,118(s2)
    2ea2:	e319                	bnez	a4,2ea8 <SocketTcpSend+0x70>
    2ea4:	4545                	li	a0,17
    2ea6:	b7e5                	j	2e8e <SocketTcpSend+0x56>
    2ea8:	010a2783          	lw	a5,16(s4)
    2eac:	8b85                	andi	a5,a5,1
    2eae:	e399                	bnez	a5,2eb4 <SocketTcpSend+0x7c>
    2eb0:	ff376ae3          	bltu	a4,s3,2ea4 <SocketTcpSend+0x6c>
    2eb4:	004a2403          	lw	s0,4(s4)
    2eb8:	00877363          	bgeu	a4,s0,2ebe <SocketTcpSend+0x86>
    2ebc:	843a                	mv	s0,a4
    2ebe:	0089f363          	bgeu	s3,s0,2ec4 <SocketTcpSend+0x8c>
    2ec2:	844e                	mv	s0,s3
    2ec4:	01041613          	slli	a2,s0,0x10
    2ec8:	8241                	srli	a2,a2,0x10
    2eca:	4685                	li	a3,1
    2ecc:	e391                	bnez	a5,2ed0 <SocketTcpSend+0x98>
    2ece:	4681                	li	a3,0
    2ed0:	85da                	mv	a1,s6
    2ed2:	854a                	mv	a0,s2
    2ed4:	219040ef          	jal	ra,78ec <tcp_write>
    2ed8:	84aa                	mv	s1,a0
    2eda:	854a                	mv	a0,s2
    2edc:	e48d                	bnez	s1,2f06 <SocketTcpSend+0xce>
    2ede:	2af040ef          	jal	ra,798c <tcp_output>
    2ee2:	000ba783          	lw	a5,0(s7)
    2ee6:	408989b3          	sub	s3,s3,s0
    2eea:	84aa                	mv	s1,a0
    2eec:	97a2                	add	a5,a5,s0
    2eee:	00fba023          	sw	a5,0(s7)
    2ef2:	9b22                	add	s6,s6,s0
    2ef4:	f8098ce3          	beqz	s3,2e8c <SocketTcpSend+0x54>
    2ef8:	010a2783          	lw	a5,16(s4)
    2efc:	8b85                	andi	a5,a5,1
    2efe:	ffb5                	bnez	a5,2e7a <SocketTcpSend+0x42>
    2f00:	ff2ff0ef          	jal	ra,26f2 <ErrorEncode>
    2f04:	b769                	j	2e8e <SocketTcpSend+0x56>
    2f06:	01949963          	bne	s1,s9,2f18 <SocketTcpSend+0xe0>
    2f0a:	283040ef          	jal	ra,798c <tcp_output>
    2f0e:	010a2783          	lw	a5,16(s4)
    2f12:	8b85                	andi	a5,a5,1
    2f14:	f3bd                	bnez	a5,2e7a <SocketTcpSend+0x42>
    2f16:	b779                	j	2ea4 <SocketTcpSend+0x6c>
    2f18:	275040ef          	jal	ra,798c <tcp_output>
    2f1c:	8526                	mv	a0,s1
    2f1e:	b7cd                	j	2f00 <SocketTcpSend+0xc8>
    2f20:	4569                	li	a0,26
    2f22:	b7b5                	j	2e8e <SocketTcpSend+0x56>
    2f24:	455d                	li	a0,23
    2f26:	b7a5                	j	2e8e <SocketTcpSend+0x56>

00002f28 <WCHNET_SocketSend>:
    2f28:	03c00793          	li	a5,60
    2f2c:	02f507b3          	mul	a5,a0,a5
    2f30:	20007737          	lui	a4,0x20007
    2f34:	90c70713          	addi	a4,a4,-1780 # 2000690c <SocketInf>
    2f38:	97ba                	add	a5,a5,a4
    2f3a:	0207a803          	lw	a6,32(a5)
    2f3e:	4715                	li	a4,5
    2f40:	00e80763          	beq	a6,a4,2f4e <WCHNET_SocketSend+0x26>
    2f44:	47dd                	li	a5,23
    2f46:	00062023          	sw	zero,0(a2)
    2f4a:	853e                	mv	a0,a5
    2f4c:	8082                	ret
    2f4e:	a22fd2ef          	jal	t0,170 <__riscv_save_0>
    2f52:	4fd8                	lw	a4,28(a5)
    2f54:	478d                	li	a5,3
    2f56:	00f71863          	bne	a4,a5,2f66 <WCHNET_SocketSend+0x3e>
    2f5a:	edfff0ef          	jal	ra,2e38 <SocketTcpSend>
    2f5e:	87aa                	mv	a5,a0
    2f60:	853e                	mv	a0,a5
    2f62:	a32fd06f          	j	194 <__riscv_restore_0>
    2f66:	e701                	bnez	a4,2f6e <WCHNET_SocketSend+0x46>
    2f68:	d55ff0ef          	jal	ra,2cbc <SocketIPRawSend>
    2f6c:	bfcd                	j	2f5e <WCHNET_SocketSend+0x36>
    2f6e:	4689                	li	a3,2
    2f70:	0fa00793          	li	a5,250
    2f74:	fed716e3          	bne	a4,a3,2f60 <WCHNET_SocketSend+0x38>
    2f78:	e03ff0ef          	jal	ra,2d7a <SocketUdpSend>
    2f7c:	b7cd                	j	2f5e <WCHNET_SocketSend+0x36>

00002f7e <WCHScokedIntHandle>:
    2f7e:	9f2fd2ef          	jal	t0,170 <__riscv_save_0>
    2f82:	47a1                	li	a5,8
    2f84:	84aa                	mv	s1,a0
    2f86:	2100                	lbu	s0,0(a0)
    2f88:	02f58a63          	beq	a1,a5,2fbc <WCHScokedIntHandle+0x3e>
    2f8c:	00b7ec63          	bltu	a5,a1,2fa4 <WCHScokedIntHandle+0x26>
    2f90:	4785                	li	a5,1
    2f92:	02f58163          	beq	a1,a5,2fb4 <WCHScokedIntHandle+0x36>
    2f96:	4789                	li	a5,2
    2f98:	00246413          	ori	s0,s0,2
    2f9c:	00f58e63          	beq	a1,a5,2fb8 <WCHScokedIntHandle+0x3a>
    2fa0:	9f4fd06f          	j	194 <__riscv_restore_0>
    2fa4:	47c1                	li	a5,16
    2fa6:	00f58e63          	beq	a1,a5,2fc2 <WCHScokedIntHandle+0x44>
    2faa:	04000793          	li	a5,64
    2fae:	04046413          	ori	s0,s0,64
    2fb2:	b7ed                	j	2f9c <WCHScokedIntHandle+0x1e>
    2fb4:	00146413          	ori	s0,s0,1
    2fb8:	c080                	sw	s0,0(s1)
    2fba:	b7dd                	j	2fa0 <WCHScokedIntHandle+0x22>
    2fbc:	00846413          	ori	s0,s0,8
    2fc0:	bfe5                	j	2fb8 <WCHScokedIntHandle+0x3a>
    2fc2:	5948                	lw	a0,52(a0)
    2fc4:	01046413          	ori	s0,s0,16
    2fc8:	d965                	beqz	a0,2fb8 <WCHScokedIntHandle+0x3a>
    2fca:	29f020ef          	jal	ra,5a68 <tcp_close>
    2fce:	b7ed                	j	2fb8 <WCHScokedIntHandle+0x3a>

00002fd0 <LwipRemoveTcpPcb>:
    2fd0:	9a0fd2ef          	jal	t0,170 <__riscv_save_0>
    2fd4:	1141                	addi	sp,sp,-16
    2fd6:	00f10593          	addi	a1,sp,15
    2fda:	892a                	mv	s2,a0
    2fdc:	000107a3          	sb	zero,15(sp)
    2fe0:	955ff0ef          	jal	ra,2934 <WCHFindCorrectTCBPcb>
    2fe4:	c515                	beqz	a0,3010 <LwipRemoveTcpPcb+0x40>
    2fe6:	8780                	lbu	s0,15(sp)
    2fe8:	01841793          	slli	a5,s0,0x18
    2fec:	87e1                	srai	a5,a5,0x18
    2fee:	0207d463          	bgez	a5,3016 <LwipRemoveTcpPcb+0x46>
    2ff2:	07f47413          	andi	s0,s0,127
    2ff6:	03c00713          	li	a4,60
    2ffa:	02e40433          	mul	s0,s0,a4
    2ffe:	200077b7          	lui	a5,0x20007
    3002:	90c78793          	addi	a5,a5,-1780 # 2000690c <SocketInf>
    3006:	943e                	add	s0,s0,a5
    3008:	02042a23          	sw	zero,52(s0)
    300c:	02042023          	sw	zero,32(s0)
    3010:	0141                	addi	sp,sp,16
    3012:	982fd06f          	j	194 <__riscv_restore_0>
    3016:	8cc1c783          	lbu	a5,-1844(gp) # 200002ac <SockNumber>
    301a:	fef47be3          	bgeu	s0,a5,3010 <LwipRemoveTcpPcb+0x40>
    301e:	03c00713          	li	a4,60
    3022:	02e40733          	mul	a4,s0,a4
    3026:	200077b7          	lui	a5,0x20007
    302a:	90c78513          	addi	a0,a5,-1780 # 2000690c <SocketInf>
    302e:	90c78493          	addi	s1,a5,-1780
    3032:	953a                	add	a0,a0,a4
    3034:	4d54                	lw	a3,28(a0)
    3036:	470d                	li	a4,3
    3038:	fce69ce3          	bne	a3,a4,3010 <LwipRemoveTcpPcb+0x40>
    303c:	01092783          	lw	a5,16(s2)
    3040:	4705                	li	a4,1
    3042:	17dd                	addi	a5,a5,-9
    3044:	0ff7f793          	andi	a5,a5,255
    3048:	00f76d63          	bltu	a4,a5,3062 <LwipRemoveTcpPcb+0x92>
    304c:	45c1                	li	a1,16
    304e:	f31ff0ef          	jal	ra,2f7e <WCHScokedIntHandle>
    3052:	03c00793          	li	a5,60
    3056:	02f40433          	mul	s0,s0,a5
    305a:	9426                	add	s0,s0,s1
    305c:	02042823          	sw	zero,48(s0)
    3060:	b775                	j	300c <LwipRemoveTcpPcb+0x3c>
    3062:	211c                	lbu	a5,0(a0)
    3064:	0407e793          	ori	a5,a5,64
    3068:	c11c                	sw	a5,0(a0)
    306a:	b7e5                	j	3052 <LwipRemoveTcpPcb+0x82>

0000306c <WCHNET_QueryGlobalInt>:
    306c:	20007737          	lui	a4,0x20007
    3070:	8cc1c683          	lbu	a3,-1844(gp) # 200002ac <SockNumber>
    3074:	90c70713          	addi	a4,a4,-1780 # 2000690c <SocketInf>
    3078:	4781                	li	a5,0
    307a:	00f68f63          	beq	a3,a5,3098 <WCHNET_QueryGlobalInt+0x2c>
    307e:	03c70713          	addi	a4,a4,60
    3082:	fc472603          	lw	a2,-60(a4)
    3086:	ce11                	beqz	a2,30a2 <WCHNET_QueryGlobalInt+0x36>
    3088:	200077b7          	lui	a5,0x20007
    308c:	a0878793          	addi	a5,a5,-1528 # 20006a08 <NetInf>
    3090:	57d8                	lw	a4,44(a5)
    3092:	01076713          	ori	a4,a4,16
    3096:	d7d8                	sw	a4,44(a5)
    3098:	200077b7          	lui	a5,0x20007
    309c:	a347c503          	lbu	a0,-1484(a5) # 20006a34 <NetInf+0x2c>
    30a0:	8082                	ret
    30a2:	0785                	addi	a5,a5,1
    30a4:	0ff7f793          	andi	a5,a5,255
    30a8:	bfc9                	j	307a <WCHNET_QueryGlobalInt+0xe>

000030aa <WCHNET_GetGlobalInt>:
    30aa:	8c6fd2ef          	jal	t0,170 <__riscv_save_0>
    30ae:	fbfff0ef          	jal	ra,306c <WCHNET_QueryGlobalInt>
    30b2:	200077b7          	lui	a5,0x20007
    30b6:	a207aa23          	sw	zero,-1484(a5) # 20006a34 <NetInf+0x2c>
    30ba:	8dafd06f          	j	194 <__riscv_restore_0>

000030be <WCHNET_GetSocketInt>:
    30be:	8cc1c783          	lbu	a5,-1844(gp) # 200002ac <SockNumber>
    30c2:	02f57163          	bgeu	a0,a5,30e4 <WCHNET_GetSocketInt+0x26>
    30c6:	03c00793          	li	a5,60
    30ca:	02f50533          	mul	a0,a0,a5
    30ce:	200077b7          	lui	a5,0x20007
    30d2:	90c78793          	addi	a5,a5,-1780 # 2000690c <SocketInf>
    30d6:	97aa                	add	a5,a5,a0
    30d8:	4398                	lw	a4,0(a5)
    30da:	0ff77513          	andi	a0,a4,255
    30de:	8b11                	andi	a4,a4,4
    30e0:	c398                	sw	a4,0(a5)
    30e2:	8082                	ret
    30e4:	4501                	li	a0,0
    30e6:	8082                	ret

000030e8 <WCHNET_GetPHYStatus>:
    30e8:	200077b7          	lui	a5,0x20007
    30ec:	a287c503          	lbu	a0,-1496(a5) # 20006a28 <NetInf+0x20>
    30f0:	8082                	ret

000030f2 <WCHNET_SocketConnect>:
    30f2:	87efd2ef          	jal	t0,170 <__riscv_save_0>
    30f6:	03c00413          	li	s0,60
    30fa:	02850433          	mul	s0,a0,s0
    30fe:	20007537          	lui	a0,0x20007
    3102:	90c50513          	addi	a0,a0,-1780 # 2000690c <SocketInf>
    3106:	1141                	addi	sp,sp,-16
    3108:	942a                	add	s0,s0,a0
    310a:	5804                	lw	s1,48(s0)
    310c:	455d                	li	a0,23
    310e:	cc8d                	beqz	s1,3148 <WCHNET_SocketConnect+0x56>
    3110:	5018                	lw	a4,32(s0)
    3112:	4795                	li	a5,5
    3114:	455d                	li	a0,23
    3116:	02f71963          	bne	a4,a5,3148 <WCHNET_SocketConnect+0x56>
    311a:	545c                	lw	a5,44(s0)
    311c:	02042a23          	sw	zero,52(s0)
    3120:	000026b7          	lui	a3,0x2
    3124:	c63e                	sw	a5,12(sp)
    3126:	3052                	lhu	a2,36(s0)
    3128:	6b068693          	addi	a3,a3,1712 # 26b0 <LwipTcpConnectedCallBack>
    312c:	006c                	addi	a1,sp,12
    312e:	8526                	mv	a0,s1
    3130:	537020ef          	jal	ra,5e66 <tcp_connect>
    3134:	892a                	mv	s2,a0
    3136:	cd01                	beqz	a0,314e <WCHNET_SocketConnect+0x5c>
    3138:	8526                	mv	a0,s1
    313a:	12f020ef          	jal	ra,5a68 <tcp_close>
    313e:	854a                	mv	a0,s2
    3140:	02042023          	sw	zero,32(s0)
    3144:	daeff0ef          	jal	ra,26f2 <ErrorEncode>
    3148:	0141                	addi	sp,sp,16
    314a:	84afd06f          	j	194 <__riscv_restore_0>
    314e:	0264c783          	lbu	a5,38(s1)
    3152:	4501                	li	a0,0
    3154:	fbf7f793          	andi	a5,a5,-65
    3158:	02f48323          	sb	a5,38(s1)
    315c:	b7f5                	j	3148 <WCHNET_SocketConnect+0x56>

0000315e <CloseUpdConnect>:
    315e:	812fd2ef          	jal	t0,170 <__riscv_save_0>
    3162:	03c00413          	li	s0,60
    3166:	02850433          	mul	s0,a0,s0
    316a:	20007537          	lui	a0,0x20007
    316e:	90c50513          	addi	a0,a0,-1780 # 2000690c <SocketInf>
    3172:	44dd                	li	s1,23
    3174:	942a                	add	s0,s0,a0
    3176:	5808                	lw	a0,48(s0)
    3178:	cd01                	beqz	a0,3190 <CloseUpdConnect+0x32>
    317a:	5018                	lw	a4,32(s0)
    317c:	4795                	li	a5,5
    317e:	4481                	li	s1,0
    3180:	00f71863          	bne	a4,a5,3190 <CloseUpdConnect+0x32>
    3184:	328050ef          	jal	ra,84ac <udp_remove>
    3188:	02042823          	sw	zero,48(s0)
    318c:	02042023          	sw	zero,32(s0)
    3190:	8526                	mv	a0,s1
    3192:	802fd06f          	j	194 <__riscv_restore_0>

00003196 <CloseIPRAWConnect>:
    3196:	fdbfc2ef          	jal	t0,170 <__riscv_save_0>
    319a:	03c00413          	li	s0,60
    319e:	02850433          	mul	s0,a0,s0
    31a2:	20007537          	lui	a0,0x20007
    31a6:	90c50513          	addi	a0,a0,-1780 # 2000690c <SocketInf>
    31aa:	44dd                	li	s1,23
    31ac:	942a                	add	s0,s0,a0
    31ae:	5808                	lw	a0,48(s0)
    31b0:	cd01                	beqz	a0,31c8 <CloseIPRAWConnect+0x32>
    31b2:	5018                	lw	a4,32(s0)
    31b4:	4795                	li	a5,5
    31b6:	4481                	li	s1,0
    31b8:	00f71863          	bne	a4,a5,31c8 <CloseIPRAWConnect+0x32>
    31bc:	24c020ef          	jal	ra,5408 <raw_remove>
    31c0:	02042823          	sw	zero,48(s0)
    31c4:	02042023          	sw	zero,32(s0)
    31c8:	8526                	mv	a0,s1
    31ca:	fcbfc06f          	j	194 <__riscv_restore_0>

000031ce <CloseTcpPCB>:
    31ce:	f89fc2ef          	jal	t0,156 <__riscv_save_4>
    31d2:	03c00793          	li	a5,60
    31d6:	02f507b3          	mul	a5,a0,a5
    31da:	20007437          	lui	s0,0x20007
    31de:	90c40993          	addi	s3,s0,-1780 # 2000690c <SocketInf>
    31e2:	892a                	mv	s2,a0
    31e4:	1141                	addi	sp,sp,-16
    31e6:	90c40413          	addi	s0,s0,-1780
    31ea:	4481                	li	s1,0
    31ec:	99be                	add	s3,s3,a5
    31ee:	0349a503          	lw	a0,52(s3)
    31f2:	c901                	beqz	a0,3202 <CloseTcpPCB+0x34>
    31f4:	c62e                	sw	a1,12(sp)
    31f6:	073020ef          	jal	ra,5a68 <tcp_close>
    31fa:	45b2                	lw	a1,12(sp)
    31fc:	84aa                	mv	s1,a0
    31fe:	0209a023          	sw	zero,32(s3)
    3202:	03c00793          	li	a5,60
    3206:	02f907b3          	mul	a5,s2,a5
    320a:	97a2                	add	a5,a5,s0
    320c:	5b88                	lw	a0,48(a5)
    320e:	cd09                	beqz	a0,3228 <CloseTcpPCB+0x5a>
    3210:	e185                	bnez	a1,3230 <CloseTcpPCB+0x62>
    3212:	057020ef          	jal	ra,5a68 <tcp_close>
    3216:	84aa                	mv	s1,a0
    3218:	e881                	bnez	s1,3228 <CloseTcpPCB+0x5a>
    321a:	03c00513          	li	a0,60
    321e:	02a90533          	mul	a0,s2,a0
    3222:	942a                	add	s0,s0,a0
    3224:	02042023          	sw	zero,32(s0)
    3228:	8526                	mv	a0,s1
    322a:	0141                	addi	sp,sp,16
    322c:	f5ffc06f          	j	18a <__riscv_restore_4>
    3230:	4785                	li	a5,1
    3232:	00f59663          	bne	a1,a5,323e <CloseTcpPCB+0x70>
    3236:	4585                	li	a1,1
    3238:	213020ef          	jal	ra,5c4a <tcp_abandon>
    323c:	bff1                	j	3218 <CloseTcpPCB+0x4a>
    323e:	4789                	li	a5,2
    3240:	00f59463          	bne	a1,a5,3248 <CloseTcpPCB+0x7a>
    3244:	4581                	li	a1,0
    3246:	bfcd                	j	3238 <CloseTcpPCB+0x6a>
    3248:	54d9                	li	s1,-10
    324a:	bff9                	j	3228 <CloseTcpPCB+0x5a>

0000324c <WCHNET_SocketClose>:
    324c:	8cc1c703          	lbu	a4,-1844(gp) # 200002ac <SockNumber>
    3250:	04e57b63          	bgeu	a0,a4,32a6 <WCHNET_SocketClose+0x5a>
    3254:	03c00713          	li	a4,60
    3258:	02e507b3          	mul	a5,a0,a4
    325c:	20007737          	lui	a4,0x20007
    3260:	90c70713          	addi	a4,a4,-1780 # 2000690c <SocketInf>
    3264:	4695                	li	a3,5
    3266:	97ba                	add	a5,a5,a4
    3268:	5390                	lw	a2,32(a5)
    326a:	475d                	li	a4,23
    326c:	02d61e63          	bne	a2,a3,32a8 <WCHNET_SocketClose+0x5c>
    3270:	f01fc2ef          	jal	t0,170 <__riscv_save_0>
    3274:	4fdc                	lw	a5,28(a5)
    3276:	4709                	li	a4,2
    3278:	00e79763          	bne	a5,a4,3286 <WCHNET_SocketClose+0x3a>
    327c:	ee3ff0ef          	jal	ra,315e <CloseUpdConnect>
    3280:	0562                	slli	a0,a0,0x18
    3282:	8561                	srai	a0,a0,0x18
    3284:	a031                	j	3290 <WCHNET_SocketClose+0x44>
    3286:	470d                	li	a4,3
    3288:	00e79a63          	bne	a5,a4,329c <WCHNET_SocketClose+0x50>
    328c:	f43ff0ef          	jal	ra,31ce <CloseTcpPCB>
    3290:	c62ff0ef          	jal	ra,26f2 <ErrorEncode>
    3294:	872a                	mv	a4,a0
    3296:	853a                	mv	a0,a4
    3298:	efdfc06f          	j	194 <__riscv_restore_0>
    329c:	4765                	li	a4,25
    329e:	ffe5                	bnez	a5,3296 <WCHNET_SocketClose+0x4a>
    32a0:	ef7ff0ef          	jal	ra,3196 <CloseIPRAWConnect>
    32a4:	bff1                	j	3280 <WCHNET_SocketClose+0x34>
    32a6:	4769                	li	a4,26
    32a8:	853a                	mv	a0,a4
    32aa:	8082                	ret

000032ac <QueryPingEnable>:
    32ac:	200077b7          	lui	a5,0x20007
    32b0:	a607a503          	lw	a0,-1440(a5) # 20006a60 <WCHCfg+0x14>
    32b4:	8135                	srli	a0,a0,0xd
    32b6:	8905                	andi	a0,a0,1
    32b8:	8082                	ret

000032ba <LwipUnreachPort>:
    32ba:	200077b7          	lui	a5,0x20007
    32be:	a0878793          	addi	a5,a5,-1528 # 20006a08 <NetInf>
    32c2:	4705                	li	a4,1
    32c4:	1141                	addi	sp,sp,-16
    32c6:	cbc8                	sw	a0,20(a5)
    32c8:	db94                	sw	a3,48(a5)
    32ca:	dbd0                	sw	a2,52(a5)
    32cc:	df8c                	sw	a1,56(a5)
    32ce:	d7d8                	sw	a4,44(a5)
    32d0:	0141                	addi	sp,sp,16
    32d2:	8082                	ret

000032d4 <LwipArpCheck>:
    32d4:	200077b7          	lui	a5,0x20007
    32d8:	4705                	li	a4,1
    32da:	a4e7a223          	sw	a4,-1468(a5) # 20006a44 <NetInf+0x3c>
    32de:	8082                	ret

000032e0 <find_entry>:
    32e0:	e91fc2ef          	jal	t0,170 <__riscv_save_0>
    32e4:	200077b7          	lui	a5,0x20007
    32e8:	a587a603          	lw	a2,-1448(a5) # 20006a58 <WCHCfg+0xc>
    32ec:	8281a683          	lw	a3,-2008(gp) # 20000208 <arp_table>
    32f0:	01861713          	slli	a4,a2,0x18
    32f4:	8761                	srai	a4,a4,0x18
    32f6:	14050b63          	beqz	a0,344c <find_entry+0x16c>
    32fa:	8d41c783          	lbu	a5,-1836(gp) # 200002b4 <etharp_cached_entry>
    32fe:	4861                	li	a6,24
    3300:	4889                	li	a7,2
    3302:	03078833          	mul	a6,a5,a6
    3306:	9836                	add	a6,a6,a3
    3308:	00c82303          	lw	t1,12(a6)
    330c:	15131063          	bne	t1,a7,344c <find_entry+0x16c>
    3310:	00154303          	lbu	t1,1(a0)
    3314:	00054883          	lbu	a7,0(a0)
    3318:	00082803          	lw	a6,0(a6)
    331c:	0322                	slli	t1,t1,0x8
    331e:	01136333          	or	t1,t1,a7
    3322:	00254883          	lbu	a7,2(a0)
    3326:	08c2                	slli	a7,a7,0x10
    3328:	0068e333          	or	t1,a7,t1
    332c:	00354883          	lbu	a7,3(a0)
    3330:	08e2                	slli	a7,a7,0x18
    3332:	0068e8b3          	or	a7,a7,t1
    3336:	11089b63          	bne	a7,a6,344c <find_entry+0x16c>
    333a:	07e2                	slli	a5,a5,0x18
    333c:	87e1                	srai	a5,a5,0x18
    333e:	853e                	mv	a0,a5
    3340:	e55fc06f          	j	194 <__riscv_restore_0>
    3344:	025788b3          	mul	a7,a5,t0
    3348:	98b6                	add	a7,a7,a3
    334a:	00c8ae03          	lw	t3,12(a7) # 800c <tcp_zero_window_probe+0x9e>
    334e:	07061963          	bne	a2,a6,33c0 <find_entry+0xe0>
    3352:	060e1763          	bnez	t3,33c0 <find_entry+0xe0>
    3356:	01879813          	slli	a6,a5,0x18
    335a:	41885813          	srai	a6,a6,0x18
    335e:	0785                	addi	a5,a5,1
    3360:	0ff7f793          	andi	a5,a5,255
    3364:	fec7e0e3          	bltu	a5,a2,3344 <find_entry+0x64>
    3368:	01061763          	bne	a2,a6,3376 <find_entry+0x96>
    336c:	0015f893          	andi	a7,a1,1
    3370:	57fd                	li	a5,-1
    3372:	fc0886e3          	beqz	a7,333e <find_entry+0x5e>
    3376:	8989                	andi	a1,a1,2
    3378:	57fd                	li	a5,-1
    337a:	f1f1                	bnez	a1,333e <find_entry+0x5e>
    337c:	0ff87793          	andi	a5,a6,255
    3380:	00c86b63          	bltu	a6,a2,3396 <find_entry+0xb6>
    3384:	0ff37793          	andi	a5,t1,255
    3388:	00c36763          	bltu	t1,a2,3396 <find_entry+0xb6>
    338c:	57fd                	li	a5,-1
    338e:	fac778e3          	bgeu	a4,a2,333e <find_entry+0x5e>
    3392:	0ff77793          	andi	a5,a4,255
    3396:	4761                	li	a4,24
    3398:	02e78733          	mul	a4,a5,a4
    339c:	96ba                	add	a3,a3,a4
    339e:	0006a623          	sw	zero,12(a3)
    33a2:	cd01                	beqz	a0,33ba <find_entry+0xda>
    33a4:	3110                	lbu	a2,1(a0)
    33a6:	2118                	lbu	a4,0(a0)
    33a8:	0622                	slli	a2,a2,0x8
    33aa:	8e59                	or	a2,a2,a4
    33ac:	2138                	lbu	a4,2(a0)
    33ae:	0742                	slli	a4,a4,0x10
    33b0:	8e59                	or	a2,a2,a4
    33b2:	3138                	lbu	a4,3(a0)
    33b4:	0762                	slli	a4,a4,0x18
    33b6:	8f51                	or	a4,a4,a2
    33b8:	c298                	sw	a4,0(a3)
    33ba:	00068823          	sb	zero,16(a3)
    33be:	a80d                	j	33f0 <find_entry+0x110>
    33c0:	047e1463          	bne	t3,t2,3408 <find_entry+0x128>
    33c4:	c90d                	beqz	a0,33f6 <find_entry+0x116>
    33c6:	00154e83          	lbu	t4,1(a0)
    33ca:	00054e03          	lbu	t3,0(a0)
    33ce:	0ea2                	slli	t4,t4,0x8
    33d0:	01ceeeb3          	or	t4,t4,t3
    33d4:	00254e03          	lbu	t3,2(a0)
    33d8:	0e42                	slli	t3,t3,0x10
    33da:	01de6eb3          	or	t4,t3,t4
    33de:	00354e03          	lbu	t3,3(a0)
    33e2:	0e62                	slli	t3,t3,0x18
    33e4:	01de6e33          	or	t3,t3,t4
    33e8:	0008ae83          	lw	t4,0(a7)
    33ec:	01de1563          	bne	t3,t4,33f6 <find_entry+0x116>
    33f0:	8cf18a23          	sb	a5,-1836(gp) # 200002b4 <etharp_cached_entry>
    33f4:	b799                	j	333a <find_entry+0x5a>
    33f6:	0108c883          	lbu	a7,16(a7)
    33fa:	f7e8e2e3          	bltu	a7,t5,335e <find_entry+0x7e>
    33fe:	01879713          	slli	a4,a5,0x18
    3402:	8761                	srai	a4,a4,0x18
    3404:	8f46                	mv	t5,a7
    3406:	bfa1                	j	335e <find_entry+0x7e>
    3408:	f48e1be3          	bne	t3,s0,335e <find_entry+0x7e>
    340c:	c515                	beqz	a0,3438 <find_entry+0x158>
    340e:	00154e83          	lbu	t4,1(a0)
    3412:	00054e03          	lbu	t3,0(a0)
    3416:	0ea2                	slli	t4,t4,0x8
    3418:	01ceeeb3          	or	t4,t4,t3
    341c:	00254e03          	lbu	t3,2(a0)
    3420:	0e42                	slli	t3,t3,0x10
    3422:	01de6eb3          	or	t4,t3,t4
    3426:	00354e03          	lbu	t3,3(a0)
    342a:	0e62                	slli	t3,t3,0x18
    342c:	01de6e33          	or	t3,t3,t4
    3430:	0008ae83          	lw	t4,0(a7)
    3434:	fbde0ee3          	beq	t3,t4,33f0 <find_entry+0x110>
    3438:	0108c883          	lbu	a7,16(a7)
    343c:	f3f8e1e3          	bltu	a7,t6,335e <find_entry+0x7e>
    3440:	01879313          	slli	t1,a5,0x18
    3444:	41835313          	srai	t1,t1,0x18
    3448:	8fc6                	mv	t6,a7
    344a:	bf11                	j	335e <find_entry+0x7e>
    344c:	883a                	mv	a6,a4
    344e:	833a                	mv	t1,a4
    3450:	4f81                	li	t6,0
    3452:	4f01                	li	t5,0
    3454:	4781                	li	a5,0
    3456:	42e1                	li	t0,24
    3458:	4385                	li	t2,1
    345a:	4409                	li	s0,2
    345c:	b721                	j	3364 <find_entry+0x84>

0000345e <update_arp_entry>:
    345e:	cf9fc2ef          	jal	t0,156 <__riscv_save_4>
    3462:	3198                	lbu	a4,1(a1)
    3464:	219c                	lbu	a5,0(a1)
    3466:	8a36                	mv	s4,a3
    3468:	0722                	slli	a4,a4,0x8
    346a:	8f5d                	or	a4,a4,a5
    346c:	21bc                	lbu	a5,2(a1)
    346e:	4154                	lw	a3,4(a0)
    3470:	07c2                	slli	a5,a5,0x10
    3472:	8f5d                	or	a4,a4,a5
    3474:	31bc                	lbu	a5,3(a1)
    3476:	07e2                	slli	a5,a5,0x18
    3478:	8fd9                	or	a5,a5,a4
    347a:	00f69b63          	bne	a3,a5,3490 <update_arp_entry+0x32>
    347e:	e689                	bnez	a3,3488 <update_arp_entry+0x2a>
    3480:	57d9                	li	a5,-10
    3482:	853e                	mv	a0,a5
    3484:	d07fc06f          	j	18a <__riscv_restore_4>
    3488:	4505                	li	a0,1
    348a:	f43fe0ef          	jal	ra,23cc <IPConflictHandle>
    348e:	bfcd                	j	3480 <update_arp_entry+0x22>
    3490:	dbe5                	beqz	a5,3480 <update_arp_entry+0x22>
    3492:	842e                	mv	s0,a1
    3494:	892a                	mv	s2,a0
    3496:	85aa                	mv	a1,a0
    3498:	8522                	mv	a0,s0
    349a:	89b2                	mv	s3,a2
    349c:	44d000ef          	jal	ra,40e8 <ip_addr_isbroadcast>
    34a0:	f165                	bnez	a0,3480 <update_arp_entry+0x22>
    34a2:	301c                	lbu	a5,1(s0)
    34a4:	2004                	lbu	s1,0(s0)
    34a6:	f0000537          	lui	a0,0xf0000
    34aa:	07a2                	slli	a5,a5,0x8
    34ac:	8fc5                	or	a5,a5,s1
    34ae:	2024                	lbu	s1,2(s0)
    34b0:	04c2                	slli	s1,s1,0x10
    34b2:	8fc5                	or	a5,a5,s1
    34b4:	3024                	lbu	s1,3(s0)
    34b6:	04e2                	slli	s1,s1,0x18
    34b8:	8cdd                	or	s1,s1,a5
    34ba:	7ac000ef          	jal	ra,3c66 <ntohl>
    34be:	8ce9                	and	s1,s1,a0
    34c0:	e0000537          	lui	a0,0xe0000
    34c4:	7a2000ef          	jal	ra,3c66 <ntohl>
    34c8:	faa48ce3          	beq	s1,a0,3480 <update_arp_entry+0x22>
    34cc:	85d2                	mv	a1,s4
    34ce:	8522                	mv	a0,s0
    34d0:	e11ff0ef          	jal	ra,32e0 <find_entry>
    34d4:	87aa                	mv	a5,a0
    34d6:	fa0546e3          	bltz	a0,3482 <update_arp_entry+0x24>
    34da:	47e1                	li	a5,24
    34dc:	02f507b3          	mul	a5,a0,a5
    34e0:	8281a503          	lw	a0,-2008(gp) # 20000208 <arp_table>
    34e4:	953e                	add	a0,a0,a5
    34e6:	4789                	li	a5,2
    34e8:	c55c                	sw	a5,12(a0)
    34ea:	01252a23          	sw	s2,20(a0) # e0000014 <_eusrstack+0xbfff0014>
    34ee:	00598793          	addi	a5,s3,5
    34f2:	00950713          	addi	a4,a0,9
    34f6:	2394                	lbu	a3,0(a5)
    34f8:	177d                	addi	a4,a4,-1
    34fa:	b314                	sb	a3,1(a4)
    34fc:	fff78693          	addi	a3,a5,-1
    3500:	00f99663          	bne	s3,a5,350c <update_arp_entry+0xae>
    3504:	00050823          	sb	zero,16(a0)
    3508:	4781                	li	a5,0
    350a:	bfa5                	j	3482 <update_arp_entry+0x24>
    350c:	87b6                	mv	a5,a3
    350e:	b7e5                	j	34f6 <update_arp_entry+0x98>

00003510 <etharp_tmr>:
    3510:	200077b7          	lui	a5,0x20007
    3514:	a587a503          	lw	a0,-1448(a5) # 20006a58 <WCHCfg+0xc>
    3518:	8281a803          	lw	a6,-2008(gp) # 20000208 <arp_table>
    351c:	4701                	li	a4,0
    351e:	48e1                	li	a7,24
    3520:	4309                	li	t1,2
    3522:	4605                	li	a2,1
    3524:	0ef00e13          	li	t3,239
    3528:	00a76363          	bltu	a4,a0,352e <etharp_tmr+0x1e>
    352c:	8082                	ret
    352e:	031706b3          	mul	a3,a4,a7
    3532:	96c2                	add	a3,a3,a6
    3534:	2a9c                	lbu	a5,16(a3)
    3536:	46cc                	lw	a1,12(a3)
    3538:	0785                	addi	a5,a5,1
    353a:	0ff7f793          	andi	a5,a5,255
    353e:	aa9c                	sb	a5,16(a3)
    3540:	00659863          	bne	a1,t1,3550 <etharp_tmr+0x40>
    3544:	00fe6a63          	bltu	t3,a5,3558 <etharp_tmr+0x48>
    3548:	0705                	addi	a4,a4,1
    354a:	0ff77713          	andi	a4,a4,255
    354e:	bfe9                	j	3528 <etharp_tmr+0x18>
    3550:	fec59ce3          	bne	a1,a2,3548 <etharp_tmr+0x38>
    3554:	fef67ae3          	bgeu	a2,a5,3548 <etharp_tmr+0x38>
    3558:	0006a623          	sw	zero,12(a3)
    355c:	b7f5                	j	3548 <etharp_tmr+0x38>

0000355e <etharp_ip_input>:
    355e:	cd21                	beqz	a0,35b6 <etharp_ip_input+0x58>
    3560:	c11fc2ef          	jal	t0,170 <__riscv_save_0>
    3564:	41c4                	lw	s1,4(a1)
    3566:	842a                	mv	s0,a0
    3568:	34dc                	lbu	a5,13(s1)
    356a:	24c8                	lbu	a0,12(s1)
    356c:	07a2                	slli	a5,a5,0x8
    356e:	8d5d                	or	a0,a0,a5
    3570:	6b6000ef          	jal	ra,3c26 <htons>
    3574:	67a1                	lui	a5,0x8
    3576:	10078793          	addi	a5,a5,256 # 8100 <udp_input+0xc0>
    357a:	01248593          	addi	a1,s1,18
    357e:	00f50463          	beq	a0,a5,3586 <etharp_ip_input+0x28>
    3582:	00e48593          	addi	a1,s1,14
    3586:	35d8                	lbu	a4,13(a1)
    3588:	25dc                	lbu	a5,12(a1)
    358a:	0722                	slli	a4,a4,0x8
    358c:	8f5d                	or	a4,a4,a5
    358e:	25fc                	lbu	a5,14(a1)
    3590:	07c2                	slli	a5,a5,0x10
    3592:	8f5d                	or	a4,a4,a5
    3594:	35fc                	lbu	a5,15(a1)
    3596:	07e2                	slli	a5,a5,0x18
    3598:	8fd9                	or	a5,a5,a4
    359a:	4058                	lw	a4,4(s0)
    359c:	8fb9                	xor	a5,a5,a4
    359e:	4418                	lw	a4,8(s0)
    35a0:	8ff9                	and	a5,a5,a4
    35a2:	eb81                	bnez	a5,35b2 <etharp_ip_input+0x54>
    35a4:	4681                	li	a3,0
    35a6:	00648613          	addi	a2,s1,6
    35aa:	05b1                	addi	a1,a1,12
    35ac:	8522                	mv	a0,s0
    35ae:	eb1ff0ef          	jal	ra,345e <update_arp_entry>
    35b2:	be3fc06f          	j	194 <__riscv_restore_0>
    35b6:	8082                	ret

000035b8 <etharp_arp_input>:
    35b8:	16050363          	beqz	a0,371e <etharp_arp_input+0x166>
    35bc:	b9bfc2ef          	jal	t0,156 <__riscv_save_4>
    35c0:	263a                	lhu	a4,10(a2)
    35c2:	02900793          	li	a5,41
    35c6:	1141                	addi	sp,sp,-16
    35c8:	89b2                	mv	s3,a2
    35ca:	8a2e                	mv	s4,a1
    35cc:	84aa                	mv	s1,a0
    35ce:	00e7e863          	bltu	a5,a4,35de <etharp_arp_input+0x26>
    35d2:	854e                	mv	a0,s3
    35d4:	22f010ef          	jal	ra,5002 <pbuf_free>
    35d8:	0141                	addi	sp,sp,16
    35da:	bb1fc06f          	j	18a <__riscv_restore_4>
    35de:	00462903          	lw	s2,4(a2)
    35e2:	00d94783          	lbu	a5,13(s2)
    35e6:	00c94503          	lbu	a0,12(s2)
    35ea:	01290413          	addi	s0,s2,18
    35ee:	07a2                	slli	a5,a5,0x8
    35f0:	8d5d                	or	a0,a0,a5
    35f2:	2d15                	jal	3c26 <htons>
    35f4:	67a1                	lui	a5,0x8
    35f6:	10078793          	addi	a5,a5,256 # 8100 <udp_input+0xc0>
    35fa:	00f50463          	beq	a0,a5,3602 <etharp_arp_input+0x4a>
    35fe:	00e90413          	addi	s0,s2,14
    3602:	00144a83          	lbu	s5,1(s0)
    3606:	201c                	lbu	a5,0(s0)
    3608:	4505                	li	a0,1
    360a:	0aa2                	slli	s5,s5,0x8
    360c:	00faeab3          	or	s5,s5,a5
    3610:	2d19                	jal	3c26 <htons>
    3612:	fcaa90e3          	bne	s5,a0,35d2 <etharp_arp_input+0x1a>
    3616:	00544a83          	lbu	s5,5(s0)
    361a:	205c                	lbu	a5,4(s0)
    361c:	60400513          	li	a0,1540
    3620:	0aa2                	slli	s5,s5,0x8
    3622:	00faeab3          	or	s5,s5,a5
    3626:	2501                	jal	3c26 <htons>
    3628:	faaa95e3          	bne	s5,a0,35d2 <etharp_arp_input+0x1a>
    362c:	00344a83          	lbu	s5,3(s0)
    3630:	203c                	lbu	a5,2(s0)
    3632:	6505                	lui	a0,0x1
    3634:	0aa2                	slli	s5,s5,0x8
    3636:	80050513          	addi	a0,a0,-2048 # 800 <__stack_size>
    363a:	00faeab3          	or	s5,s5,a5
    363e:	23e5                	jal	3c26 <htons>
    3640:	f8aa99e3          	bne	s5,a0,35d2 <etharp_arp_input+0x1a>
    3644:	00e40a93          	addi	s5,s0,14
    3648:	4611                	li	a2,4
    364a:	85d6                	mv	a1,s5
    364c:	0068                	addi	a0,sp,12
    364e:	3aa050ef          	jal	ra,89f8 <memcpy>
    3652:	40d4                	lw	a3,4(s1)
    3654:	00840613          	addi	a2,s0,8
    3658:	c2ad                	beqz	a3,36ba <etharp_arp_input+0x102>
    365a:	3c18                	lbu	a4,25(s0)
    365c:	2c1c                	lbu	a5,24(s0)
    365e:	0722                	slli	a4,a4,0x8
    3660:	8f5d                	or	a4,a4,a5
    3662:	2c3c                	lbu	a5,26(s0)
    3664:	07c2                	slli	a5,a5,0x10
    3666:	8f5d                	or	a4,a4,a5
    3668:	3c3c                	lbu	a5,27(s0)
    366a:	07e2                	slli	a5,a5,0x18
    366c:	8fd9                	or	a5,a5,a4
    366e:	04f69663          	bne	a3,a5,36ba <etharp_arp_input+0x102>
    3672:	4685                	li	a3,1
    3674:	006c                	addi	a1,sp,12
    3676:	8526                	mv	a0,s1
    3678:	de7ff0ef          	jal	ra,345e <update_arp_entry>
    367c:	4b05                	li	s6,1
    367e:	307c                	lbu	a5,7(s0)
    3680:	2068                	lbu	a0,6(s0)
    3682:	07a2                	slli	a5,a5,0x8
    3684:	8d5d                	or	a0,a0,a5
    3686:	2345                	jal	3c26 <htons>
    3688:	4785                	li	a5,1
    368a:	02f50f63          	beq	a0,a5,36c8 <etharp_arp_input+0x110>
    368e:	4789                	li	a5,2
    3690:	f4f511e3          	bne	a0,a5,35d2 <etharp_arp_input+0x1a>
    3694:	006c                	addi	a1,sp,12
    3696:	8526                	mv	a0,s1
    3698:	332010ef          	jal	ra,49ca <dhcp_arp_reply>
    369c:	200077b7          	lui	a5,0x20007
    36a0:	9907a703          	lw	a4,-1648(a5) # 20006990 <DHCPCtrl>
    36a4:	f20707e3          	beqz	a4,35d2 <etharp_arp_input+0x1a>
    36a8:	99078793          	addi	a5,a5,-1648
    36ac:	47dc                	lw	a5,12(a5)
    36ae:	f20782e3          	beqz	a5,35d2 <etharp_arp_input+0x1a>
    36b2:	006c                	addi	a1,sp,12
    36b4:	8526                	mv	a0,s1
    36b6:	9782                	jalr	a5
    36b8:	bf29                	j	35d2 <etharp_arp_input+0x1a>
    36ba:	4681                	li	a3,0
    36bc:	006c                	addi	a1,sp,12
    36be:	8526                	mv	a0,s1
    36c0:	d9fff0ef          	jal	ra,345e <update_arp_entry>
    36c4:	4b01                	li	s6,0
    36c6:	bf65                	j	367e <etharp_arp_input+0xc6>
    36c8:	f00b05e3          	beqz	s6,35d2 <etharp_arp_input+0x1a>
    36cc:	4509                	li	a0,2
    36ce:	2ba1                	jal	3c26 <htons>
    36d0:	a068                	sb	a0,6(s0)
    36d2:	8121                	srli	a0,a0,0x8
    36d4:	b068                	sb	a0,7(s0)
    36d6:	4611                	li	a2,4
    36d8:	85d6                	mv	a1,s5
    36da:	01840513          	addi	a0,s0,24
    36de:	31a050ef          	jal	ra,89f8 <memcpy>
    36e2:	4611                	li	a2,4
    36e4:	00448593          	addi	a1,s1,4
    36e8:	8556                	mv	a0,s5
    36ea:	30e050ef          	jal	ra,89f8 <memcpy>
    36ee:	0435                	addi	s0,s0,13
    36f0:	0915                	addi	s2,s2,5
    36f2:	4795                	li	a5,5
    36f4:	56fd                	li	a3,-1
    36f6:	2018                	lbu	a4,0(s0)
    36f8:	197d                	addi	s2,s2,-1
    36fa:	147d                	addi	s0,s0,-1
    36fc:	b438                	sb	a4,11(s0)
    36fe:	00e900a3          	sb	a4,1(s2)
    3702:	00fa0733          	add	a4,s4,a5
    3706:	2318                	lbu	a4,0(a4)
    3708:	17fd                	addi	a5,a5,-1
    370a:	b018                	sb	a4,1(s0)
    370c:	00e903a3          	sb	a4,7(s2)
    3710:	fed793e3          	bne	a5,a3,36f6 <etharp_arp_input+0x13e>
    3714:	4c9c                	lw	a5,24(s1)
    3716:	85ce                	mv	a1,s3
    3718:	8526                	mv	a0,s1
    371a:	9782                	jalr	a5
    371c:	bd5d                	j	35d2 <etharp_arp_input+0x1a>
    371e:	8082                	ret

00003720 <etharp_request>:
    3720:	a37fc2ef          	jal	t0,156 <__riscv_save_4>
    3724:	892a                	mv	s2,a0
    3726:	89ae                	mv	s3,a1
    3728:	4601                	li	a2,0
    372a:	02a00593          	li	a1,42
    372e:	450d                	li	a0,3
    3730:	121010ef          	jal	ra,5050 <pbuf_alloc>
    3734:	547d                	li	s0,-1
    3736:	c94d                	beqz	a0,37e8 <etharp_request+0xc8>
    3738:	4140                	lw	s0,4(a0)
    373a:	84aa                	mv	s1,a0
    373c:	4505                	li	a0,1
    373e:	21e5                	jal	3c26 <htons>
    3740:	a848                	sb	a0,20(s0)
    3742:	8121                	srli	a0,a0,0x8
    3744:	b848                	sb	a0,21(s0)
    3746:	02e90693          	addi	a3,s2,46
    374a:	00540793          	addi	a5,s0,5
    374e:	4715                	li	a4,5
    3750:	84c18593          	addi	a1,gp,-1972 # 2000022c <ethzero>
    3754:	84418613          	addi	a2,gp,-1980 # 20000224 <ethbroadcast>
    3758:	557d                	li	a0,-1
    375a:	0006c803          	lbu	a6,0(a3)
    375e:	17fd                	addi	a5,a5,-1
    3760:	16fd                	addi	a3,a3,-1
    3762:	01078ba3          	sb	a6,23(a5)
    3766:	00e58833          	add	a6,a1,a4
    376a:	00084803          	lbu	a6,0(a6)
    376e:	030780a3          	sb	a6,33(a5)
    3772:	00e60833          	add	a6,a2,a4
    3776:	00084803          	lbu	a6,0(a6)
    377a:	177d                	addi	a4,a4,-1
    377c:	010780a3          	sb	a6,1(a5)
    3780:	0016c803          	lbu	a6,1(a3)
    3784:	010783a3          	sb	a6,7(a5)
    3788:	fca719e3          	bne	a4,a0,375a <etharp_request+0x3a>
    378c:	4611                	li	a2,4
    378e:	00490593          	addi	a1,s2,4
    3792:	01c40513          	addi	a0,s0,28
    3796:	262050ef          	jal	ra,89f8 <memcpy>
    379a:	85ce                	mv	a1,s3
    379c:	4611                	li	a2,4
    379e:	02640513          	addi	a0,s0,38
    37a2:	256050ef          	jal	ra,89f8 <memcpy>
    37a6:	4505                	li	a0,1
    37a8:	29bd                	jal	3c26 <htons>
    37aa:	a468                	sb	a0,14(s0)
    37ac:	6985                	lui	s3,0x1
    37ae:	8121                	srli	a0,a0,0x8
    37b0:	b468                	sb	a0,15(s0)
    37b2:	80098513          	addi	a0,s3,-2048 # 800 <__stack_size>
    37b6:	2985                	jal	3c26 <htons>
    37b8:	a808                	sb	a0,16(s0)
    37ba:	8121                	srli	a0,a0,0x8
    37bc:	b808                	sb	a0,17(s0)
    37be:	60400513          	li	a0,1540
    37c2:	2195                	jal	3c26 <htons>
    37c4:	a828                	sb	a0,18(s0)
    37c6:	8121                	srli	a0,a0,0x8
    37c8:	b828                	sb	a0,19(s0)
    37ca:	80698513          	addi	a0,s3,-2042
    37ce:	29a1                	jal	3c26 <htons>
    37d0:	01892783          	lw	a5,24(s2)
    37d4:	a448                	sb	a0,12(s0)
    37d6:	8121                	srli	a0,a0,0x8
    37d8:	b448                	sb	a0,13(s0)
    37da:	85a6                	mv	a1,s1
    37dc:	854a                	mv	a0,s2
    37de:	9782                	jalr	a5
    37e0:	842a                	mv	s0,a0
    37e2:	8526                	mv	a0,s1
    37e4:	01f010ef          	jal	ra,5002 <pbuf_free>
    37e8:	8522                	mv	a0,s0
    37ea:	9a1fc06f          	j	18a <__riscv_restore_4>

000037ee <etharp_query>:
    37ee:	969fc2ef          	jal	t0,156 <__riscv_save_4>
    37f2:	842e                	mv	s0,a1
    37f4:	892a                	mv	s2,a0
    37f6:	85aa                	mv	a1,a0
    37f8:	8522                	mv	a0,s0
    37fa:	89b2                	mv	s3,a2
    37fc:	0ed000ef          	jal	ra,40e8 <ip_addr_isbroadcast>
    3800:	c501                	beqz	a0,3808 <etharp_query+0x1a>
    3802:	5559                	li	a0,-10
    3804:	987fc06f          	j	18a <__riscv_restore_4>
    3808:	301c                	lbu	a5,1(s0)
    380a:	2004                	lbu	s1,0(s0)
    380c:	f0000537          	lui	a0,0xf0000
    3810:	07a2                	slli	a5,a5,0x8
    3812:	8fc5                	or	a5,a5,s1
    3814:	2024                	lbu	s1,2(s0)
    3816:	04c2                	slli	s1,s1,0x10
    3818:	8fc5                	or	a5,a5,s1
    381a:	3024                	lbu	s1,3(s0)
    381c:	04e2                	slli	s1,s1,0x18
    381e:	8cdd                	or	s1,s1,a5
    3820:	2199                	jal	3c66 <ntohl>
    3822:	8ce9                	and	s1,s1,a0
    3824:	e0000537          	lui	a0,0xe0000
    3828:	293d                	jal	3c66 <ntohl>
    382a:	fca48ce3          	beq	s1,a0,3802 <etharp_query+0x14>
    382e:	3018                	lbu	a4,1(s0)
    3830:	201c                	lbu	a5,0(s0)
    3832:	0722                	slli	a4,a4,0x8
    3834:	8f5d                	or	a4,a4,a5
    3836:	203c                	lbu	a5,2(s0)
    3838:	07c2                	slli	a5,a5,0x10
    383a:	8f5d                	or	a4,a4,a5
    383c:	303c                	lbu	a5,3(s0)
    383e:	07e2                	slli	a5,a5,0x18
    3840:	8fd9                	or	a5,a5,a4
    3842:	d3e1                	beqz	a5,3802 <etharp_query+0x14>
    3844:	4585                	li	a1,1
    3846:	8522                	mv	a0,s0
    3848:	a99ff0ef          	jal	ra,32e0 <find_entry>
    384c:	fa054ce3          	bltz	a0,3804 <etharp_query+0x16>
    3850:	47e1                	li	a5,24
    3852:	02f504b3          	mul	s1,a0,a5
    3856:	8281a703          	lw	a4,-2008(gp) # 20000208 <arp_table>
    385a:	82818a13          	addi	s4,gp,-2008 # 20000208 <arp_table>
    385e:	4785                	li	a5,1
    3860:	9726                	add	a4,a4,s1
    3862:	4754                	lw	a3,12(a4)
    3864:	ea99                	bnez	a3,387a <etharp_query+0x8c>
    3866:	c75c                	sw	a5,12(a4)
    3868:	a6dff0ef          	jal	ra,32d4 <LwipArpCheck>
    386c:	85a2                	mv	a1,s0
    386e:	854a                	mv	a0,s2
    3870:	eb1ff0ef          	jal	ra,3720 <etharp_request>
    3874:	f80988e3          	beqz	s3,3804 <etharp_query+0x16>
    3878:	a031                	j	3884 <etharp_query+0x96>
    387a:	fef687e3          	beq	a3,a5,3868 <etharp_query+0x7a>
    387e:	557d                	li	a0,-1
    3880:	fe0984e3          	beqz	s3,3868 <etharp_query+0x7a>
    3884:	000a2783          	lw	a5,0(s4)
    3888:	4709                	li	a4,2
    388a:	97a6                	add	a5,a5,s1
    388c:	47d4                	lw	a3,12(a5)
    388e:	f6e69be3          	bne	a3,a4,3804 <etharp_query+0x16>
    3892:	0049a403          	lw	s0,4(s3)
    3896:	00978713          	addi	a4,a5,9
    389a:	02e90613          	addi	a2,s2,46
    389e:	00540693          	addi	a3,s0,5
    38a2:	078d                	addi	a5,a5,3
    38a4:	230c                	lbu	a1,0(a4)
    38a6:	177d                	addi	a4,a4,-1
    38a8:	16fd                	addi	a3,a3,-1
    38aa:	b28c                	sb	a1,1(a3)
    38ac:	220c                	lbu	a1,0(a2)
    38ae:	167d                	addi	a2,a2,-1
    38b0:	b2ec                	sb	a1,7(a3)
    38b2:	fef719e3          	bne	a4,a5,38a4 <etharp_query+0xb6>
    38b6:	6505                	lui	a0,0x1
    38b8:	80050513          	addi	a0,a0,-2048 # 800 <__stack_size>
    38bc:	26ad                	jal	3c26 <htons>
    38be:	01892783          	lw	a5,24(s2)
    38c2:	a448                	sb	a0,12(s0)
    38c4:	8121                	srli	a0,a0,0x8
    38c6:	b448                	sb	a0,13(s0)
    38c8:	85ce                	mv	a1,s3
    38ca:	854a                	mv	a0,s2
    38cc:	9782                	jalr	a5
    38ce:	bf1d                	j	3804 <etharp_query+0x16>

000038d0 <etharp_output>:
    38d0:	887fc2ef          	jal	t0,156 <__riscv_save_4>
    38d4:	84ae                	mv	s1,a1
    38d6:	1141                	addi	sp,sp,-16
    38d8:	892a                	mv	s2,a0
    38da:	45b9                	li	a1,14
    38dc:	8526                	mv	a0,s1
    38de:	8432                	mv	s0,a2
    38e0:	6b4010ef          	jal	ra,4f94 <pbuf_header>
    38e4:	10051e63          	bnez	a0,3a00 <etharp_output+0x130>
    38e8:	85ca                	mv	a1,s2
    38ea:	8522                	mv	a0,s0
    38ec:	7fc000ef          	jal	ra,40e8 <ip_addr_isbroadcast>
    38f0:	10051563          	bnez	a0,39fa <etharp_output+0x12a>
    38f4:	301c                	lbu	a5,1(s0)
    38f6:	00044983          	lbu	s3,0(s0)
    38fa:	f0000537          	lui	a0,0xf0000
    38fe:	07a2                	slli	a5,a5,0x8
    3900:	0137e7b3          	or	a5,a5,s3
    3904:	00244983          	lbu	s3,2(s0)
    3908:	09c2                	slli	s3,s3,0x10
    390a:	00f9e7b3          	or	a5,s3,a5
    390e:	00344983          	lbu	s3,3(s0)
    3912:	09e2                	slli	s3,s3,0x18
    3914:	00f9e9b3          	or	s3,s3,a5
    3918:	26b9                	jal	3c66 <ntohl>
    391a:	00a9f9b3          	and	s3,s3,a0
    391e:	e0000537          	lui	a0,0xe0000
    3922:	2691                	jal	3c66 <ntohl>
    3924:	2010                	lbu	a2,0(s0)
    3926:	3014                	lbu	a3,1(s0)
    3928:	2038                	lbu	a4,2(s0)
    392a:	303c                	lbu	a5,3(s0)
    392c:	08a99c63          	bne	s3,a0,39c4 <etharp_output+0xf4>
    3930:	00869513          	slli	a0,a3,0x8
    3934:	8d51                	or	a0,a0,a2
    3936:	0742                	slli	a4,a4,0x10
    3938:	8d59                	or	a0,a0,a4
    393a:	07e2                	slli	a5,a5,0x18
    393c:	4585                	li	a1,1
    393e:	846c                	sh	a1,8(sp)
    3940:	8d5d                	or	a0,a0,a5
    3942:	05e00593          	li	a1,94
    3946:	854c                	sb	a1,10(sp)
    3948:	2e39                	jal	3c66 <ntohl>
    394a:	8141                	srli	a0,a0,0x10
    394c:	07f57513          	andi	a0,a0,127
    3950:	85c8                	sb	a0,11(sp)
    3952:	3008                	lbu	a0,1(s0)
    3954:	201c                	lbu	a5,0(s0)
    3956:	0522                	slli	a0,a0,0x8
    3958:	8d5d                	or	a0,a0,a5
    395a:	203c                	lbu	a5,2(s0)
    395c:	07c2                	slli	a5,a5,0x10
    395e:	8fc9                	or	a5,a5,a0
    3960:	3028                	lbu	a0,3(s0)
    3962:	0562                	slli	a0,a0,0x18
    3964:	8d5d                	or	a0,a0,a5
    3966:	2601                	jal	3c66 <ntohl>
    3968:	8121                	srli	a0,a0,0x8
    396a:	8648                	sb	a0,12(sp)
    396c:	3008                	lbu	a0,1(s0)
    396e:	201c                	lbu	a5,0(s0)
    3970:	0522                	slli	a0,a0,0x8
    3972:	8d5d                	or	a0,a0,a5
    3974:	203c                	lbu	a5,2(s0)
    3976:	07c2                	slli	a5,a5,0x10
    3978:	8fc9                	or	a5,a5,a0
    397a:	3028                	lbu	a0,3(s0)
    397c:	0562                	slli	a0,a0,0x18
    397e:	8d5d                	or	a0,a0,a5
    3980:	24dd                	jal	3c66 <ntohl>
    3982:	86c8                	sb	a0,13(sp)
    3984:	0034                	addi	a3,sp,8
    3986:	40c0                	lw	s0,4(s1)
    3988:	4795                	li	a5,5
    398a:	567d                	li	a2,-1
    398c:	00540713          	addi	a4,s0,5
    3990:	00f685b3          	add	a1,a3,a5
    3994:	218c                	lbu	a1,0(a1)
    3996:	177d                	addi	a4,a4,-1
    3998:	b30c                	sb	a1,1(a4)
    399a:	00f905b3          	add	a1,s2,a5
    399e:	0295c583          	lbu	a1,41(a1)
    39a2:	17fd                	addi	a5,a5,-1
    39a4:	b36c                	sb	a1,7(a4)
    39a6:	fec795e3          	bne	a5,a2,3990 <etharp_output+0xc0>
    39aa:	6505                	lui	a0,0x1
    39ac:	80050513          	addi	a0,a0,-2048 # 800 <__stack_size>
    39b0:	2c9d                	jal	3c26 <htons>
    39b2:	01892783          	lw	a5,24(s2)
    39b6:	a448                	sb	a0,12(s0)
    39b8:	8121                	srli	a0,a0,0x8
    39ba:	b448                	sb	a0,13(s0)
    39bc:	85a6                	mv	a1,s1
    39be:	854a                	mv	a0,s2
    39c0:	9782                	jalr	a5
    39c2:	a80d                	j	39f4 <etharp_output+0x124>
    39c4:	06a2                	slli	a3,a3,0x8
    39c6:	8ed1                	or	a3,a3,a2
    39c8:	0742                	slli	a4,a4,0x10
    39ca:	8f55                	or	a4,a4,a3
    39cc:	07e2                	slli	a5,a5,0x18
    39ce:	8fd9                	or	a5,a5,a4
    39d0:	00492703          	lw	a4,4(s2)
    39d4:	8fb9                	xor	a5,a5,a4
    39d6:	00892703          	lw	a4,8(s2)
    39da:	8ff9                	and	a5,a5,a4
    39dc:	c799                	beqz	a5,39ea <etharp_output+0x11a>
    39de:	00c92783          	lw	a5,12(s2)
    39e2:	5571                	li	a0,-4
    39e4:	cb81                	beqz	a5,39f4 <etharp_output+0x124>
    39e6:	00c90413          	addi	s0,s2,12
    39ea:	8626                	mv	a2,s1
    39ec:	85a2                	mv	a1,s0
    39ee:	854a                	mv	a0,s2
    39f0:	dffff0ef          	jal	ra,37ee <etharp_query>
    39f4:	0141                	addi	sp,sp,16
    39f6:	f94fc06f          	j	18a <__riscv_restore_4>
    39fa:	84418693          	addi	a3,gp,-1980 # 20000224 <ethbroadcast>
    39fe:	b761                	j	3986 <etharp_output+0xb6>
    3a00:	5579                	li	a0,-2
    3a02:	bfcd                	j	39f4 <etharp_output+0x124>

00003a04 <ethernet_input>:
    3a04:	f6cfc2ef          	jal	t0,170 <__riscv_save_0>
    3a08:	4144                	lw	s1,4(a0)
    3a0a:	842a                	mv	s0,a0
    3a0c:	892e                	mv	s2,a1
    3a0e:	34dc                	lbu	a5,13(s1)
    3a10:	24c8                	lbu	a0,12(s1)
    3a12:	07a2                	slli	a5,a5,0x8
    3a14:	8d5d                	or	a0,a0,a5
    3a16:	2c01                	jal	3c26 <htons>
    3a18:	67a1                	lui	a5,0x8
    3a1a:	10078793          	addi	a5,a5,256 # 8100 <udp_input+0xc0>
    3a1e:	00f51763          	bne	a0,a5,3a2c <ethernet_input+0x28>
    3a22:	389c                	lbu	a5,17(s1)
    3a24:	2888                	lbu	a0,16(s1)
    3a26:	07a2                	slli	a5,a5,0x8
    3a28:	8d5d                	or	a0,a0,a5
    3a2a:	2af5                	jal	3c26 <htons>
    3a2c:	80050793          	addi	a5,a0,-2048
    3a30:	cb91                	beqz	a5,3a44 <ethernet_input+0x40>
    3a32:	6785                	lui	a5,0x1
    3a34:	80678793          	addi	a5,a5,-2042 # 806 <__stack_size+0x6>
    3a38:	04f50263          	beq	a0,a5,3a7c <ethernet_input+0x78>
    3a3c:	8522                	mv	a0,s0
    3a3e:	5c4010ef          	jal	ra,5002 <pbuf_free>
    3a42:	a815                	j	3a76 <ethernet_input+0x72>
    3a44:	85a2                	mv	a1,s0
    3a46:	854a                	mv	a0,s2
    3a48:	b17ff0ef          	jal	ra,355e <etharp_ip_input>
    3a4c:	34dc                	lbu	a5,13(s1)
    3a4e:	24c8                	lbu	a0,12(s1)
    3a50:	07a2                	slli	a5,a5,0x8
    3a52:	8d5d                	or	a0,a0,a5
    3a54:	2ac9                	jal	3c26 <htons>
    3a56:	67a1                	lui	a5,0x8
    3a58:	10078793          	addi	a5,a5,256 # 8100 <udp_input+0xc0>
    3a5c:	45b9                	li	a1,14
    3a5e:	00f51363          	bne	a0,a5,3a64 <ethernet_input+0x60>
    3a62:	45c9                	li	a1,18
    3a64:	40b005b3          	neg	a1,a1
    3a68:	8522                	mv	a0,s0
    3a6a:	52a010ef          	jal	ra,4f94 <pbuf_header>
    3a6e:	f579                	bnez	a0,3a3c <ethernet_input+0x38>
    3a70:	85ca                	mv	a1,s2
    3a72:	8522                	mv	a0,s0
    3a74:	24a9                	jal	3cbe <ip_input>
    3a76:	4501                	li	a0,0
    3a78:	f1cfc06f          	j	194 <__riscv_restore_0>
    3a7c:	8622                	mv	a2,s0
    3a7e:	02990593          	addi	a1,s2,41
    3a82:	854a                	mv	a0,s2
    3a84:	b35ff0ef          	jal	ra,35b8 <etharp_arp_input>
    3a88:	b7fd                	j	3a76 <ethernet_input+0x72>

00003a8a <ethernetif_init>:
    3a8a:	ee6fc2ef          	jal	t0,170 <__riscv_save_0>
    3a8e:	200077b7          	lui	a5,0x20007
    3a92:	9a878793          	addi	a5,a5,-1624 # 200069a8 <dhcp_host_name>
    3a96:	d15c                	sw	a5,36(a0)
    3a98:	06500793          	li	a5,101
    3a9c:	02f509a3          	sb	a5,51(a0)
    3aa0:	06e00793          	li	a5,110
    3aa4:	02f50a23          	sb	a5,52(a0)
    3aa8:	000047b7          	lui	a5,0x4
    3aac:	8d078793          	addi	a5,a5,-1840 # 38d0 <etharp_output>
    3ab0:	c95c                	sw	a5,20(a0)
    3ab2:	000047b7          	lui	a5,0x4
    3ab6:	aee78793          	addi	a5,a5,-1298 # 3aee <low_level_output>
    3aba:	cd1c                	sw	a5,24(a0)
    3abc:	200075b7          	lui	a1,0x20007
    3ac0:	4799                	li	a5,6
    3ac2:	842a                	mv	s0,a0
    3ac4:	02f50423          	sb	a5,40(a0)
    3ac8:	00052e23          	sw	zero,28(a0)
    3acc:	4619                	li	a2,6
    3ace:	aa158593          	addi	a1,a1,-1375 # 20006aa1 <WCHNetIf+0x29>
    3ad2:	02950513          	addi	a0,a0,41
    3ad6:	723040ef          	jal	ra,89f8 <memcpy>
    3ada:	5dc00793          	li	a5,1500
    3ade:	b81e                	sh	a5,48(s0)
    3ae0:	03300793          	li	a5,51
    3ae4:	02f40923          	sb	a5,50(s0)
    3ae8:	4501                	li	a0,0
    3aea:	eaafc06f          	j	194 <__riscv_restore_0>

00003aee <low_level_output>:
    3aee:	e82fc2ef          	jal	t0,170 <__riscv_save_0>
    3af2:	64b1                	lui	s1,0xc
    3af4:	842e                	mv	s0,a1
    3af6:	35148493          	addi	s1,s1,849 # c351 <_data_lma+0x1b01>
    3afa:	deeff0ef          	jal	ra,30e8 <WCHNET_GetPHYStatus>
    3afe:	8911                	andi	a0,a0,4
    3b00:	cd15                	beqz	a0,3b3c <low_level_output+0x4e>
    3b02:	14fd                	addi	s1,s1,-1
    3b04:	cc85                	beqz	s1,3b3c <low_level_output+0x4e>
    3b06:	fc4fe0ef          	jal	ra,22ca <getTxBuffAddr>
    3b0a:	892a                	mv	s2,a0
    3b0c:	d57d                	beqz	a0,3afa <low_level_output+0xc>
    3b0e:	87aa                	mv	a5,a0
    3b10:	4481                	li	s1,0
    3b12:	e801                	bnez	s0,3b22 <low_level_output+0x34>
    3b14:	85ca                	mv	a1,s2
    3b16:	8526                	mv	a0,s1
    3b18:	f72fe0ef          	jal	ra,228a <WCHNET_Tx>
    3b1c:	4501                	li	a0,0
    3b1e:	e76fc06f          	j	194 <__riscv_restore_0>
    3b22:	2432                	lhu	a2,10(s0)
    3b24:	404c                	lw	a1,4(s0)
    3b26:	853e                	mv	a0,a5
    3b28:	6d1040ef          	jal	ra,89f8 <memcpy>
    3b2c:	243a                	lhu	a4,10(s0)
    3b2e:	4000                	lw	s0,0(s0)
    3b30:	94ba                	add	s1,s1,a4
    3b32:	04c2                	slli	s1,s1,0x10
    3b34:	00e507b3          	add	a5,a0,a4
    3b38:	80c1                	srli	s1,s1,0x10
    3b3a:	bfe1                	j	3b12 <low_level_output+0x24>
    3b3c:	5551                	li	a0,-12
    3b3e:	b7c5                	j	3b1e <low_level_output+0x30>

00003b40 <ethernetif_input>:
    3b40:	e16fc2ef          	jal	t0,156 <__riscv_save_4>
    3b44:	200077b7          	lui	a5,0x20007
    3b48:	a707a783          	lw	a5,-1424(a5) # 20006a70 <WCHCfg+0x24>
    3b4c:	89aa                	mv	s3,a0
    3b4e:	8d818513          	addi	a0,gp,-1832 # 200002b8 <frame>
    3b52:	8d818493          	addi	s1,gp,-1832 # 200002b8 <frame>
    3b56:	9782                	jalr	a5
    3b58:	408c                	lw	a1,0(s1)
    3b5a:	c9a9                	beqz	a1,3bac <ethernetif_input+0x6c>
    3b5c:	8cd1c783          	lbu	a5,-1843(gp) # 200002ad <phydata>
    3b60:	8d818413          	addi	s0,gp,-1832 # 200002b8 <frame>
    3b64:	0ff7f793          	andi	a5,a5,255
    3b68:	e781                	bnez	a5,3b70 <ethernetif_input+0x30>
    3b6a:	4785                	li	a5,1
    3b6c:	8cf186a3          	sb	a5,-1843(gp) # 200002ad <phydata>
    3b70:	05c2                	slli	a1,a1,0x10
    3b72:	460d                	li	a2,3
    3b74:	81c1                	srli	a1,a1,0x10
    3b76:	450d                	li	a0,3
    3b78:	4044                	lw	s1,4(s0)
    3b7a:	4d6010ef          	jal	ra,5050 <pbuf_alloc>
    3b7e:	892a                	mv	s2,a0
    3b80:	c515                	beqz	a0,3bac <ethernetif_input+0x6c>
    3b82:	842a                	mv	s0,a0
    3b84:	2432                	lhu	a2,10(s0)
    3b86:	4048                	lw	a0,4(s0)
    3b88:	85a6                	mv	a1,s1
    3b8a:	66f040ef          	jal	ra,89f8 <memcpy>
    3b8e:	243e                	lhu	a5,10(s0)
    3b90:	4000                	lw	s0,0(s0)
    3b92:	94be                	add	s1,s1,a5
    3b94:	f865                	bnez	s0,3b84 <ethernetif_input+0x44>
    3b96:	ee2fe0ef          	jal	ra,2278 <setRxBuffAddr>
    3b9a:	0109a783          	lw	a5,16(s3)
    3b9e:	85ce                	mv	a1,s3
    3ba0:	854a                	mv	a0,s2
    3ba2:	9782                	jalr	a5
    3ba4:	c501                	beqz	a0,3bac <ethernetif_input+0x6c>
    3ba6:	854a                	mv	a0,s2
    3ba8:	45a010ef          	jal	ra,5002 <pbuf_free>
    3bac:	ddefc06f          	j	18a <__riscv_restore_4>

00003bb0 <wch_ethernetif_init>:
    3bb0:	dc0fc2ef          	jal	t0,170 <__riscv_save_0>
    3bb4:	1141                	addi	sp,sp,-16
    3bb6:	20007437          	lui	s0,0x20007
    3bba:	c202                	sw	zero,4(sp)
    3bbc:	c402                	sw	zero,8(sp)
    3bbe:	c602                	sw	zero,12(sp)
    3bc0:	78d000ef          	jal	ra,4b4c <lwip_init>
    3bc4:	a7840513          	addi	a0,s0,-1416 # 20006a78 <WCHNetIf>
    3bc8:	200075b7          	lui	a1,0x20007
    3bcc:	4619                	li	a2,6
    3bce:	a1458593          	addi	a1,a1,-1516 # 20006a14 <NetInf+0xc>
    3bd2:	02950513          	addi	a0,a0,41
    3bd6:	623040ef          	jal	ra,89f8 <memcpy>
    3bda:	200077b7          	lui	a5,0x20007
    3bde:	a087a703          	lw	a4,-1528(a5) # 20006a08 <NetInf>
    3be2:	a0878793          	addi	a5,a5,-1528
    3be6:	a7840513          	addi	a0,s0,-1416
    3bea:	c23a                	sw	a4,4(sp)
    3bec:	4798                	lw	a4,8(a5)
    3bee:	43dc                	lw	a5,4(a5)
    3bf0:	c43a                	sw	a4,8(sp)
    3bf2:	c63e                	sw	a5,12(sp)
    3bf4:	8e01ac23          	sw	zero,-1800(gp) # 200002d8 <netif_list>
    3bf8:	8e01aa23          	sw	zero,-1804(gp) # 200002d4 <netif_default>
    3bfc:	38a010ef          	jal	ra,4f86 <netif_set_default>
    3c00:	00004837          	lui	a6,0x4
    3c04:	000047b7          	lui	a5,0x4
    3c08:	0074                	addi	a3,sp,12
    3c0a:	0030                	addi	a2,sp,8
    3c0c:	004c                	addi	a1,sp,4
    3c0e:	a0480813          	addi	a6,a6,-1532 # 3a04 <ethernet_input>
    3c12:	a8a78793          	addi	a5,a5,-1398 # 3a8a <ethernetif_init>
    3c16:	4701                	li	a4,0
    3c18:	a7840513          	addi	a0,s0,-1416
    3c1c:	310010ef          	jal	ra,4f2c <netif_add>
    3c20:	0141                	addi	sp,sp,16
    3c22:	d72fc06f          	j	194 <__riscv_restore_0>

00003c26 <htons>:
    3c26:	00851793          	slli	a5,a0,0x8
    3c2a:	8121                	srli	a0,a0,0x8
    3c2c:	8d5d                	or	a0,a0,a5
    3c2e:	0542                	slli	a0,a0,0x10
    3c30:	8141                	srli	a0,a0,0x10
    3c32:	8082                	ret

00003c34 <ntohs>:
    3c34:	00851793          	slli	a5,a0,0x8
    3c38:	8121                	srli	a0,a0,0x8
    3c3a:	8d5d                	or	a0,a0,a5
    3c3c:	0542                	slli	a0,a0,0x10
    3c3e:	8141                	srli	a0,a0,0x10
    3c40:	8082                	ret

00003c42 <htonl>:
    3c42:	01855713          	srli	a4,a0,0x18
    3c46:	01851793          	slli	a5,a0,0x18
    3c4a:	8fd9                	or	a5,a5,a4
    3c4c:	00ff06b7          	lui	a3,0xff0
    3c50:	00851713          	slli	a4,a0,0x8
    3c54:	8f75                	and	a4,a4,a3
    3c56:	8fd9                	or	a5,a5,a4
    3c58:	6741                	lui	a4,0x10
    3c5a:	f0070713          	addi	a4,a4,-256 # ff00 <_data_lma+0x56b0>
    3c5e:	8121                	srli	a0,a0,0x8
    3c60:	8d79                	and	a0,a0,a4
    3c62:	8d5d                	or	a0,a0,a5
    3c64:	8082                	ret

00003c66 <ntohl>:
    3c66:	d0afc2ef          	jal	t0,170 <__riscv_save_0>
    3c6a:	fd9ff0ef          	jal	ra,3c42 <htonl>
    3c6e:	d26fc06f          	j	194 <__riscv_restore_0>

00003c72 <ip_route>:
    3c72:	cfefc2ef          	jal	t0,170 <__riscv_save_0>
    3c76:	8f81a403          	lw	s0,-1800(gp) # 200002d8 <netif_list>
    3c7a:	84aa                	mv	s1,a0
    3c7c:	ec01                	bnez	s0,3c94 <ip_route+0x22>
    3c7e:	8f41a503          	lw	a0,-1804(gp) # 200002d4 <netif_default>
    3c82:	c511                	beqz	a0,3c8e <ip_route+0x1c>
    3c84:	308010ef          	jal	ra,4f8c <netif_is_up>
    3c88:	c119                	beqz	a0,3c8e <ip_route+0x1c>
    3c8a:	8f41a403          	lw	s0,-1804(gp) # 200002d4 <netif_default>
    3c8e:	8522                	mv	a0,s0
    3c90:	d04fc06f          	j	194 <__riscv_restore_0>
    3c94:	8522                	mv	a0,s0
    3c96:	2f6010ef          	jal	ra,4f8c <netif_is_up>
    3c9a:	c105                	beqz	a0,3cba <ip_route+0x48>
    3c9c:	3098                	lbu	a4,1(s1)
    3c9e:	209c                	lbu	a5,0(s1)
    3ca0:	0722                	slli	a4,a4,0x8
    3ca2:	8f5d                	or	a4,a4,a5
    3ca4:	20bc                	lbu	a5,2(s1)
    3ca6:	07c2                	slli	a5,a5,0x10
    3ca8:	8f5d                	or	a4,a4,a5
    3caa:	30bc                	lbu	a5,3(s1)
    3cac:	07e2                	slli	a5,a5,0x18
    3cae:	8fd9                	or	a5,a5,a4
    3cb0:	4058                	lw	a4,4(s0)
    3cb2:	8fb9                	xor	a5,a5,a4
    3cb4:	4418                	lw	a4,8(s0)
    3cb6:	8ff9                	and	a5,a5,a4
    3cb8:	dbf9                	beqz	a5,3c8e <ip_route+0x1c>
    3cba:	4000                	lw	s0,0(s0)
    3cbc:	b7c1                	j	3c7c <ip_route+0xa>

00003cbe <ip_input>:
    3cbe:	c8afc2ef          	jal	t0,148 <__riscv_save_10>
    3cc2:	4140                	lw	s0,4(a0)
    3cc4:	84aa                	mv	s1,a0
    3cc6:	89ae                	mv	s3,a1
    3cc8:	301c                	lbu	a5,1(s0)
    3cca:	2008                	lbu	a0,0(s0)
    3ccc:	07a2                	slli	a5,a5,0x8
    3cce:	8d5d                	or	a0,a0,a5
    3cd0:	f65ff0ef          	jal	ra,3c34 <ntohs>
    3cd4:	8131                	srli	a0,a0,0xc
    3cd6:	0542                	slli	a0,a0,0x10
    3cd8:	8141                	srli	a0,a0,0x10
    3cda:	4791                	li	a5,4
    3cdc:	00f50663          	beq	a0,a5,3ce8 <ip_input+0x2a>
    3ce0:	8526                	mv	a0,s1
    3ce2:	320010ef          	jal	ra,5002 <pbuf_free>
    3ce6:	a431                	j	3ef2 <ip_input+0x234>
    3ce8:	301c                	lbu	a5,1(s0)
    3cea:	2008                	lbu	a0,0(s0)
    3cec:	07a2                	slli	a5,a5,0x8
    3cee:	8d5d                	or	a0,a0,a5
    3cf0:	f45ff0ef          	jal	ra,3c34 <ntohs>
    3cf4:	8119                	srli	a0,a0,0x6
    3cf6:	303c                	lbu	a5,3(s0)
    3cf8:	03c57a13          	andi	s4,a0,60
    3cfc:	2028                	lbu	a0,2(s0)
    3cfe:	07a2                	slli	a5,a5,0x8
    3d00:	8d5d                	or	a0,a0,a5
    3d02:	f33ff0ef          	jal	ra,3c34 <ntohs>
    3d06:	24be                	lhu	a5,10(s1)
    3d08:	892a                	mv	s2,a0
    3d0a:	fd47ebe3          	bltu	a5,s4,3ce0 <ip_input+0x22>
    3d0e:	249e                	lhu	a5,8(s1)
    3d10:	fca7e8e3          	bltu	a5,a0,3ce0 <ip_input+0x22>
    3d14:	85d2                	mv	a1,s4
    3d16:	8522                	mv	a0,s0
    3d18:	45d040ef          	jal	ra,8974 <inet_chksum>
    3d1c:	f171                	bnez	a0,3ce0 <ip_input+0x22>
    3d1e:	85ca                	mv	a1,s2
    3d20:	8526                	mv	a0,s1
    3d22:	46e010ef          	jal	ra,5190 <pbuf_realloc>
    3d26:	f0000537          	lui	a0,0xf0000
    3d2a:	f3dff0ef          	jal	ra,3c66 <ntohl>
    3d2e:	e0000537          	lui	a0,0xe0000
    3d32:	f35ff0ef          	jal	ra,3c66 <ntohl>
    3d36:	894e                	mv	s2,s3
    3d38:	4b05                	li	s6,1
    3d3a:	01040b93          	addi	s7,s0,16
    3d3e:	854a                	mv	a0,s2
    3d40:	24c010ef          	jal	ra,4f8c <netif_is_up>
    3d44:	e511                	bnez	a0,3d50 <ip_input+0x92>
    3d46:	120b1363          	bnez	s6,3e6c <ip_input+0x1ae>
    3d4a:	00092903          	lw	s2,0(s2)
    3d4e:	a20d                	j	3e70 <ip_input+0x1b2>
    3d50:	00490793          	addi	a5,s2,4
    3d54:	dbed                	beqz	a5,3d46 <ip_input+0x88>
    3d56:	00492683          	lw	a3,4(s2)
    3d5a:	d6f5                	beqz	a3,3d46 <ip_input+0x88>
    3d5c:	3818                	lbu	a4,17(s0)
    3d5e:	281c                	lbu	a5,16(s0)
    3d60:	0722                	slli	a4,a4,0x8
    3d62:	8f5d                	or	a4,a4,a5
    3d64:	283c                	lbu	a5,18(s0)
    3d66:	07c2                	slli	a5,a5,0x10
    3d68:	8f5d                	or	a4,a4,a5
    3d6a:	383c                	lbu	a5,19(s0)
    3d6c:	07e2                	slli	a5,a5,0x18
    3d6e:	8fd9                	or	a5,a5,a4
    3d70:	04f68263          	beq	a3,a5,3db4 <ip_input+0xf6>
    3d74:	85ca                	mv	a1,s2
    3d76:	855e                	mv	a0,s7
    3d78:	2e85                	jal	40e8 <ip_addr_isbroadcast>
    3d7a:	ed0d                	bnez	a0,3db4 <ip_input+0xf6>
    3d7c:	381c                	lbu	a5,17(s0)
    3d7e:	01044a83          	lbu	s5,16(s0)
    3d82:	f0000537          	lui	a0,0xf0000
    3d86:	07a2                	slli	a5,a5,0x8
    3d88:	0157e7b3          	or	a5,a5,s5
    3d8c:	01244a83          	lbu	s5,18(s0)
    3d90:	0ac2                	slli	s5,s5,0x10
    3d92:	00fae7b3          	or	a5,s5,a5
    3d96:	01344a83          	lbu	s5,19(s0)
    3d9a:	0ae2                	slli	s5,s5,0x18
    3d9c:	00faeab3          	or	s5,s5,a5
    3da0:	ec7ff0ef          	jal	ra,3c66 <ntohl>
    3da4:	00aafab3          	and	s5,s5,a0
    3da8:	e0000537          	lui	a0,0xe0000
    3dac:	ebbff0ef          	jal	ra,3c66 <ntohl>
    3db0:	f8aa9be3          	bne	s5,a0,3d46 <ip_input+0x88>
    3db4:	3458                	lbu	a4,13(s0)
    3db6:	245c                	lbu	a5,12(s0)
    3db8:	0722                	slli	a4,a4,0x8
    3dba:	8f5d                	or	a4,a4,a5
    3dbc:	247c                	lbu	a5,14(s0)
    3dbe:	07c2                	slli	a5,a5,0x10
    3dc0:	8f5d                	or	a4,a4,a5
    3dc2:	347c                	lbu	a5,15(s0)
    3dc4:	07e2                	slli	a5,a5,0x18
    3dc6:	8fd9                	or	a5,a5,a4
    3dc8:	c3b9                	beqz	a5,3e0e <ip_input+0x150>
    3dca:	85ce                	mv	a1,s3
    3dcc:	00c40513          	addi	a0,s0,12
    3dd0:	2e21                	jal	40e8 <ip_addr_isbroadcast>
    3dd2:	f00517e3          	bnez	a0,3ce0 <ip_input+0x22>
    3dd6:	345c                	lbu	a5,13(s0)
    3dd8:	00c44a03          	lbu	s4,12(s0)
    3ddc:	f0000537          	lui	a0,0xf0000
    3de0:	07a2                	slli	a5,a5,0x8
    3de2:	0147e7b3          	or	a5,a5,s4
    3de6:	00e44a03          	lbu	s4,14(s0)
    3dea:	0a42                	slli	s4,s4,0x10
    3dec:	00fa67b3          	or	a5,s4,a5
    3df0:	00f44a03          	lbu	s4,15(s0)
    3df4:	0a62                	slli	s4,s4,0x18
    3df6:	00fa6a33          	or	s4,s4,a5
    3dfa:	e6dff0ef          	jal	ra,3c66 <ntohl>
    3dfe:	00aa7a33          	and	s4,s4,a0
    3e02:	e0000537          	lui	a0,0xe0000
    3e06:	e61ff0ef          	jal	ra,3c66 <ntohl>
    3e0a:	ecaa0be3          	beq	s4,a0,3ce0 <ip_input+0x22>
    3e0e:	ec0909e3          	beqz	s2,3ce0 <ip_input+0x22>
    3e12:	00744903          	lbu	s2,7(s0)
    3e16:	2068                	lbu	a0,6(s0)
    3e18:	0922                	slli	s2,s2,0x8
    3e1a:	00a96933          	or	s2,s2,a0
    3e1e:	6511                	lui	a0,0x4
    3e20:	157d                	addi	a0,a0,-1
    3e22:	e05ff0ef          	jal	ra,3c26 <htons>
    3e26:	00a97533          	and	a0,s2,a0
    3e2a:	c511                	beqz	a0,3e36 <ip_input+0x178>
    3e2c:	8526                	mv	a0,s1
    3e2e:	26ed                	jal	4218 <ip_reass>
    3e30:	84aa                	mv	s1,a0
    3e32:	c161                	beqz	a0,3ef2 <ip_input+0x234>
    3e34:	4140                	lw	s0,4(a0)
    3e36:	85ce                	mv	a1,s3
    3e38:	8526                	mv	a0,s1
    3e3a:	496010ef          	jal	ra,52d0 <raw_input>
    3e3e:	e955                	bnez	a0,3ef2 <ip_input+0x234>
    3e40:	341c                	lbu	a5,9(s0)
    3e42:	2408                	lbu	a0,8(s0)
    3e44:	07a2                	slli	a5,a5,0x8
    3e46:	8d5d                	or	a0,a0,a5
    3e48:	dedff0ef          	jal	ra,3c34 <ntohs>
    3e4c:	0ff57513          	andi	a0,a0,255
    3e50:	4799                	li	a5,6
    3e52:	0af50363          	beq	a0,a5,3ef8 <ip_input+0x23a>
    3e56:	47c5                	li	a5,17
    3e58:	08f50963          	beq	a0,a5,3eea <ip_input+0x22c>
    3e5c:	4785                	li	a5,1
    3e5e:	0af51263          	bne	a0,a5,3f02 <ip_input+0x244>
    3e62:	85ce                	mv	a1,s3
    3e64:	8526                	mv	a0,s1
    3e66:	70e040ef          	jal	ra,8574 <icmp_input>
    3e6a:	a061                	j	3ef2 <ip_input+0x234>
    3e6c:	8f81a903          	lw	s2,-1800(gp) # 200002d8 <netif_list>
    3e70:	01391463          	bne	s2,s3,3e78 <ip_input+0x1ba>
    3e74:	00092903          	lw	s2,0(s2)
    3e78:	4b01                	li	s6,0
    3e7a:	ec0912e3          	bnez	s2,3d3e <ip_input+0x80>
    3e7e:	341c                	lbu	a5,9(s0)
    3e80:	2408                	lbu	a0,8(s0)
    3e82:	07a2                	slli	a5,a5,0x8
    3e84:	8d5d                	or	a0,a0,a5
    3e86:	dafff0ef          	jal	ra,3c34 <ntohs>
    3e8a:	0ff57513          	andi	a0,a0,255
    3e8e:	47c5                	li	a5,17
    3e90:	00f51e63          	bne	a0,a5,3eac <ip_input+0x1ee>
    3e94:	014407b3          	add	a5,s0,s4
    3e98:	23a8                	lbu	a0,2(a5)
    3e9a:	33bc                	lbu	a5,3(a5)
    3e9c:	07a2                	slli	a5,a5,0x8
    3e9e:	8d5d                	or	a0,a0,a5
    3ea0:	d95ff0ef          	jal	ra,3c34 <ntohs>
    3ea4:	04400793          	li	a5,68
    3ea8:	02f50d63          	beq	a0,a5,3ee2 <ip_input+0x224>
    3eac:	4a85                	li	s5,1
    3eae:	341c                	lbu	a5,9(s0)
    3eb0:	2408                	lbu	a0,8(s0)
    3eb2:	07a2                	slli	a5,a5,0x8
    3eb4:	8d5d                	or	a0,a0,a5
    3eb6:	d7fff0ef          	jal	ra,3c34 <ntohs>
    3eba:	0ff57513          	andi	a0,a0,255
    3ebe:	47c5                	li	a5,17
    3ec0:	08f51963          	bne	a0,a5,3f52 <ip_input+0x294>
    3ec4:	9a22                	add	s4,s4,s0
    3ec6:	003a4783          	lbu	a5,3(s4)
    3eca:	002a4503          	lbu	a0,2(s4)
    3ece:	07a2                	slli	a5,a5,0x8
    3ed0:	8d5d                	or	a0,a0,a5
    3ed2:	d63ff0ef          	jal	ra,3c34 <ntohs>
    3ed6:	76c00793          	li	a5,1900
    3eda:	06f51c63          	bne	a0,a5,3f52 <ip_input+0x294>
    3ede:	894e                	mv	s2,s3
    3ee0:	b73d                	j	3e0e <ip_input+0x150>
    3ee2:	f20998e3          	bnez	s3,3e12 <ip_input+0x154>
    3ee6:	4a81                	li	s5,0
    3ee8:	b7d9                	j	3eae <ip_input+0x1f0>
    3eea:	85ce                	mv	a1,s3
    3eec:	8526                	mv	a0,s1
    3eee:	152040ef          	jal	ra,8040 <udp_input>
    3ef2:	4501                	li	a0,0
    3ef4:	a8cfc06f          	j	180 <__riscv_restore_10>
    3ef8:	85ce                	mv	a1,s3
    3efa:	8526                	mv	a0,s1
    3efc:	2e9020ef          	jal	ra,69e4 <tcp_input>
    3f00:	bfcd                	j	3ef2 <ip_input+0x234>
    3f02:	85ce                	mv	a1,s3
    3f04:	01040513          	addi	a0,s0,16
    3f08:	22c5                	jal	40e8 <ip_addr_isbroadcast>
    3f0a:	dc051be3          	bnez	a0,3ce0 <ip_input+0x22>
    3f0e:	381c                	lbu	a5,17(s0)
    3f10:	01044903          	lbu	s2,16(s0)
    3f14:	f0000537          	lui	a0,0xf0000
    3f18:	07a2                	slli	a5,a5,0x8
    3f1a:	0127e7b3          	or	a5,a5,s2
    3f1e:	01244903          	lbu	s2,18(s0)
    3f22:	0942                	slli	s2,s2,0x10
    3f24:	00f967b3          	or	a5,s2,a5
    3f28:	01344903          	lbu	s2,19(s0)
    3f2c:	0962                	slli	s2,s2,0x18
    3f2e:	00f96933          	or	s2,s2,a5
    3f32:	d35ff0ef          	jal	ra,3c66 <ntohl>
    3f36:	00a97933          	and	s2,s2,a0
    3f3a:	e0000537          	lui	a0,0xe0000
    3f3e:	d29ff0ef          	jal	ra,3c66 <ntohl>
    3f42:	d8a90fe3          	beq	s2,a0,3ce0 <ip_input+0x22>
    3f46:	c0c0                	sw	s0,4(s1)
    3f48:	4589                	li	a1,2
    3f4a:	8526                	mv	a0,s1
    3f4c:	079040ef          	jal	ra,87c4 <icmp_dest_unreach>
    3f50:	bb41                	j	3ce0 <ip_input+0x22>
    3f52:	e60a91e3          	bnez	s5,3db4 <ip_input+0xf6>
    3f56:	b369                	j	3ce0 <ip_input+0x22>

00003f58 <ip_output_if>:
    3f58:	9f0fc2ef          	jal	t0,148 <__riscv_save_10>
    3f5c:	89aa                	mv	s3,a0
    3f5e:	8942                	mv	s2,a6
    3f60:	12060f63          	beqz	a2,409e <ip_output_if+0x146>
    3f64:	8aae                	mv	s5,a1
    3f66:	45d1                	li	a1,20
    3f68:	8a3a                	mv	s4,a4
    3f6a:	84b2                	mv	s1,a2
    3f6c:	8bb6                	mv	s7,a3
    3f6e:	8b3e                	mv	s6,a5
    3f70:	024010ef          	jal	ra,4f94 <pbuf_header>
    3f74:	5779                	li	a4,-2
    3f76:	12051163          	bnez	a0,4098 <ip_output_if+0x140>
    3f7a:	0049a403          	lw	s0,4(s3)
    3f7e:	0ba2                	slli	s7,s7,0x8
    3f80:	341c                	lbu	a5,9(s0)
    3f82:	2408                	lbu	a0,8(s0)
    3f84:	07a2                	slli	a5,a5,0x8
    3f86:	8d5d                	or	a0,a0,a5
    3f88:	cadff0ef          	jal	ra,3c34 <ntohs>
    3f8c:	0ff57513          	andi	a0,a0,255
    3f90:	01756533          	or	a0,a0,s7
    3f94:	c93ff0ef          	jal	ra,3c26 <htons>
    3f98:	00855713          	srli	a4,a0,0x8
    3f9c:	b418                	sb	a4,9(s0)
    3f9e:	a408                	sb	a0,8(s0)
    3fa0:	c95ff0ef          	jal	ra,3c34 <ntohs>
    3fa4:	8121                	srli	a0,a0,0x8
    3fa6:	0542                	slli	a0,a0,0x10
    3fa8:	8141                	srli	a0,a0,0x10
    3faa:	0522                	slli	a0,a0,0x8
    3fac:	01656533          	or	a0,a0,s6
    3fb0:	0542                	slli	a0,a0,0x10
    3fb2:	8141                	srli	a0,a0,0x10
    3fb4:	c73ff0ef          	jal	ra,3c26 <htons>
    3fb8:	3098                	lbu	a4,1(s1)
    3fba:	209c                	lbu	a5,0(s1)
    3fbc:	a408                	sb	a0,8(s0)
    3fbe:	0722                	slli	a4,a4,0x8
    3fc0:	8f5d                	or	a4,a4,a5
    3fc2:	20bc                	lbu	a5,2(s1)
    3fc4:	8121                	srli	a0,a0,0x8
    3fc6:	b408                	sb	a0,9(s0)
    3fc8:	07c2                	slli	a5,a5,0x10
    3fca:	8f5d                	or	a4,a4,a5
    3fcc:	30bc                	lbu	a5,3(s1)
    3fce:	6511                	lui	a0,0x4
    3fd0:	50050513          	addi	a0,a0,1280 # 4500 <ip_reass+0x2e8>
    3fd4:	07e2                	slli	a5,a5,0x18
    3fd6:	8fd9                	or	a5,a5,a4
    3fd8:	0087d713          	srli	a4,a5,0x8
    3fdc:	a81c                	sb	a5,16(s0)
    3fde:	b818                	sb	a4,17(s0)
    3fe0:	0107d713          	srli	a4,a5,0x10
    3fe4:	83e1                	srli	a5,a5,0x18
    3fe6:	b83c                	sb	a5,19(s0)
    3fe8:	a838                	sb	a4,18(s0)
    3fea:	00aa6533          	or	a0,s4,a0
    3fee:	c39ff0ef          	jal	ra,3c26 <htons>
    3ff2:	a008                	sb	a0,0(s0)
    3ff4:	8121                	srli	a0,a0,0x8
    3ff6:	b008                	sb	a0,1(s0)
    3ff8:	0089d503          	lhu	a0,8(s3)
    3ffc:	8e018a13          	addi	s4,gp,-1824 # 200002c0 <ip_id.2936>
    4000:	c27ff0ef          	jal	ra,3c26 <htons>
    4004:	a028                	sb	a0,2(s0)
    4006:	8121                	srli	a0,a0,0x8
    4008:	b028                	sb	a0,3(s0)
    400a:	000a5503          	lhu	a0,0(s4)
    400e:	00040323          	sb	zero,6(s0)
    4012:	000403a3          	sb	zero,7(s0)
    4016:	c11ff0ef          	jal	ra,3c26 <htons>
    401a:	000a5783          	lhu	a5,0(s4)
    401e:	a048                	sb	a0,4(s0)
    4020:	8121                	srli	a0,a0,0x8
    4022:	0785                	addi	a5,a5,1
    4024:	b048                	sb	a0,5(s0)
    4026:	00fa1023          	sh	a5,0(s4)
    402a:	020a8163          	beqz	s5,404c <ip_output_if+0xf4>
    402e:	001ac703          	lbu	a4,1(s5)
    4032:	000ac783          	lbu	a5,0(s5)
    4036:	0722                	slli	a4,a4,0x8
    4038:	8f5d                	or	a4,a4,a5
    403a:	002ac783          	lbu	a5,2(s5)
    403e:	07c2                	slli	a5,a5,0x10
    4040:	8f5d                	or	a4,a4,a5
    4042:	003ac783          	lbu	a5,3(s5)
    4046:	07e2                	slli	a5,a5,0x18
    4048:	8fd9                	or	a5,a5,a4
    404a:	e799                	bnez	a5,4058 <ip_output_if+0x100>
    404c:	00490713          	addi	a4,s2,4
    4050:	4781                	li	a5,0
    4052:	c319                	beqz	a4,4058 <ip_output_if+0x100>
    4054:	00492783          	lw	a5,4(s2)
    4058:	0087d713          	srli	a4,a5,0x8
    405c:	a45c                	sb	a5,12(s0)
    405e:	b458                	sb	a4,13(s0)
    4060:	0107d713          	srli	a4,a5,0x10
    4064:	83e1                	srli	a5,a5,0x18
    4066:	a478                	sb	a4,14(s0)
    4068:	b47c                	sb	a5,15(s0)
    406a:	00040523          	sb	zero,10(s0)
    406e:	000405a3          	sb	zero,11(s0)
    4072:	45d1                	li	a1,20
    4074:	8522                	mv	a0,s0
    4076:	0ff040ef          	jal	ra,8974 <inet_chksum>
    407a:	a428                	sb	a0,10(s0)
    407c:	8121                	srli	a0,a0,0x8
    407e:	b428                	sb	a0,11(s0)
    4080:	03095783          	lhu	a5,48(s2)
    4084:	c385                	beqz	a5,40a4 <ip_output_if+0x14c>
    4086:	0089d703          	lhu	a4,8(s3)
    408a:	00e7fd63          	bgeu	a5,a4,40a4 <ip_output_if+0x14c>
    408e:	8626                	mv	a2,s1
    4090:	85ca                	mv	a1,s2
    4092:	854e                	mv	a0,s3
    4094:	2385                	jal	45f4 <ip_frag>
    4096:	872a                	mv	a4,a0
    4098:	853a                	mv	a0,a4
    409a:	8e6fc06f          	j	180 <__riscv_restore_10>
    409e:	4144                	lw	s1,4(a0)
    40a0:	04c1                	addi	s1,s1,16
    40a2:	bff9                	j	4080 <ip_output_if+0x128>
    40a4:	01492783          	lw	a5,20(s2)
    40a8:	8626                	mv	a2,s1
    40aa:	85ce                	mv	a1,s3
    40ac:	854a                	mv	a0,s2
    40ae:	9782                	jalr	a5
    40b0:	b7dd                	j	4096 <ip_output_if+0x13e>

000040b2 <ip_output>:
    40b2:	8befc2ef          	jal	t0,170 <__riscv_save_0>
    40b6:	1101                	addi	sp,sp,-32
    40b8:	842a                	mv	s0,a0
    40ba:	8532                	mv	a0,a2
    40bc:	ce2e                	sw	a1,28(sp)
    40be:	cc36                	sw	a3,24(sp)
    40c0:	ca3a                	sw	a4,20(sp)
    40c2:	c83e                	sw	a5,16(sp)
    40c4:	c632                	sw	a2,12(sp)
    40c6:	badff0ef          	jal	ra,3c72 <ip_route>
    40ca:	cd09                	beqz	a0,40e4 <ip_output+0x32>
    40cc:	47c2                	lw	a5,16(sp)
    40ce:	4752                	lw	a4,20(sp)
    40d0:	46e2                	lw	a3,24(sp)
    40d2:	4632                	lw	a2,12(sp)
    40d4:	45f2                	lw	a1,28(sp)
    40d6:	882a                	mv	a6,a0
    40d8:	8522                	mv	a0,s0
    40da:	e7fff0ef          	jal	ra,3f58 <ip_output_if>
    40de:	6105                	addi	sp,sp,32
    40e0:	8b4fc06f          	j	194 <__riscv_restore_0>
    40e4:	5571                	li	a0,-4
    40e6:	bfe5                	j	40de <ip_output+0x2c>

000040e8 <ip_addr_isbroadcast>:
    40e8:	3118                	lbu	a4,1(a0)
    40ea:	211c                	lbu	a5,0(a0)
    40ec:	0722                	slli	a4,a4,0x8
    40ee:	8f5d                	or	a4,a4,a5
    40f0:	213c                	lbu	a5,2(a0)
    40f2:	07c2                	slli	a5,a5,0x10
    40f4:	8f5d                	or	a4,a4,a5
    40f6:	313c                	lbu	a5,3(a0)
    40f8:	07e2                	slli	a5,a5,0x18
    40fa:	8fd9                	or	a5,a5,a4
    40fc:	fff78693          	addi	a3,a5,-1
    4100:	5775                	li	a4,-3
    4102:	02d76663          	bltu	a4,a3,412e <ip_addr_isbroadcast+0x46>
    4106:	0325c703          	lbu	a4,50(a1)
    410a:	4501                	li	a0,0
    410c:	8b09                	andi	a4,a4,2
    410e:	c30d                	beqz	a4,4130 <ip_addr_isbroadcast+0x48>
    4110:	41d8                	lw	a4,4(a1)
    4112:	00f70f63          	beq	a4,a5,4130 <ip_addr_isbroadcast+0x48>
    4116:	4594                	lw	a3,8(a1)
    4118:	8f3d                	xor	a4,a4,a5
    411a:	8f75                	and	a4,a4,a3
    411c:	eb11                	bnez	a4,4130 <ip_addr_isbroadcast+0x48>
    411e:	fff6c513          	not	a0,a3
    4122:	8fe9                	and	a5,a5,a0
    4124:	40a78533          	sub	a0,a5,a0
    4128:	00153513          	seqz	a0,a0
    412c:	8082                	ret
    412e:	4505                	li	a0,1
    4130:	8082                	ret

00004132 <ip_reass_tmr>:
    4132:	816fc2ef          	jal	t0,148 <__riscv_save_10>
    4136:	8e41a403          	lw	s0,-1820(gp) # 200002c4 <reassdatagrams>
    413a:	44c5                	li	s1,17
    413c:	4b01                	li	s6,0
    413e:	8e418913          	addi	s2,gp,-1820 # 200002c4 <reassdatagrams>
    4142:	e019                	bnez	s0,4148 <ip_reass_tmr+0x16>
    4144:	83cfc06f          	j	180 <__riscv_restore_10>
    4148:	14fd                	addi	s1,s1,-1
    414a:	0ff4f493          	andi	s1,s1,255
    414e:	d8fd                	beqz	s1,4144 <ip_reass_tmr+0x12>
    4150:	3c7c                	lbu	a5,31(s0)
    4152:	00042c03          	lw	s8,0(s0)
    4156:	c791                	beqz	a5,4162 <ip_reass_tmr+0x30>
    4158:	17fd                	addi	a5,a5,-1
    415a:	bc7c                	sb	a5,31(s0)
    415c:	8b22                	mv	s6,s0
    415e:	8462                	mv	s0,s8
    4160:	b7cd                	j	4142 <ip_reass_tmr+0x10>
    4162:	00442983          	lw	s3,4(s0)
    4166:	4a81                	li	s5,0
    4168:	0049a503          	lw	a0,4(s3)
    416c:	315c                	lbu	a5,5(a0)
    416e:	2158                	lbu	a4,4(a0)
    4170:	07a2                	slli	a5,a5,0x8
    4172:	8fd9                	or	a5,a5,a4
    4174:	ef85                	bnez	a5,41ac <ip_reass_tmr+0x7a>
    4176:	3118                	lbu	a4,1(a0)
    4178:	211c                	lbu	a5,0(a0)
    417a:	4651                	li	a2,20
    417c:	0722                	slli	a4,a4,0x8
    417e:	8f5d                	or	a4,a4,a5
    4180:	213c                	lbu	a5,2(a0)
    4182:	00840593          	addi	a1,s0,8
    4186:	07c2                	slli	a5,a5,0x10
    4188:	8f5d                	or	a4,a4,a5
    418a:	313c                	lbu	a5,3(a0)
    418c:	07e2                	slli	a5,a5,0x18
    418e:	8fd9                	or	a5,a5,a4
    4190:	c05c                	sw	a5,4(s0)
    4192:	067040ef          	jal	ra,89f8 <memcpy>
    4196:	4585                	li	a1,1
    4198:	854e                	mv	a0,s3
    419a:	63e040ef          	jal	ra,87d8 <icmp_time_exceeded>
    419e:	854e                	mv	a0,s3
    41a0:	048010ef          	jal	ra,51e8 <pbuf_clen>
    41a4:	8aaa                	mv	s5,a0
    41a6:	854e                	mv	a0,s3
    41a8:	65b000ef          	jal	ra,5002 <pbuf_free>
    41ac:	00442983          	lw	s3,4(s0)
    41b0:	02099663          	bnez	s3,41dc <ip_reass_tmr+0xaa>
    41b4:	00092703          	lw	a4,0(s2)
    41b8:	401c                	lw	a5,0(s0)
    41ba:	04e41c63          	bne	s0,a4,4212 <ip_reass_tmr+0xe0>
    41be:	00f92023          	sw	a5,0(s2)
    41c2:	85a2                	mv	a1,s0
    41c4:	4515                	li	a0,5
    41c6:	46b000ef          	jal	ra,4e30 <memp_free>
    41ca:	8e218713          	addi	a4,gp,-1822 # 200002c2 <ip_reass_pbufcount>
    41ce:	231e                	lhu	a5,0(a4)
    41d0:	845a                	mv	s0,s6
    41d2:	41578ab3          	sub	s5,a5,s5
    41d6:	01571023          	sh	s5,0(a4)
    41da:	b749                	j	415c <ip_reass_tmr+0x2a>
    41dc:	0049a703          	lw	a4,4(s3)
    41e0:	854e                	mv	a0,s3
    41e2:	331c                	lbu	a5,1(a4)
    41e4:	00074a03          	lbu	s4,0(a4)
    41e8:	07a2                	slli	a5,a5,0x8
    41ea:	0147e7b3          	or	a5,a5,s4
    41ee:	00274a03          	lbu	s4,2(a4)
    41f2:	0a42                	slli	s4,s4,0x10
    41f4:	00fa67b3          	or	a5,s4,a5
    41f8:	00374a03          	lbu	s4,3(a4)
    41fc:	0a62                	slli	s4,s4,0x18
    41fe:	00fa6a33          	or	s4,s4,a5
    4202:	7e7000ef          	jal	ra,51e8 <pbuf_clen>
    4206:	9aaa                	add	s5,s5,a0
    4208:	854e                	mv	a0,s3
    420a:	5f9000ef          	jal	ra,5002 <pbuf_free>
    420e:	89d2                	mv	s3,s4
    4210:	b745                	j	41b0 <ip_reass_tmr+0x7e>
    4212:	00fb2023          	sw	a5,0(s6)
    4216:	b775                	j	41c2 <ip_reass_tmr+0x90>

00004218 <ip_reass>:
    4218:	f31fb2ef          	jal	t0,148 <__riscv_save_10>
    421c:	4144                	lw	s1,4(a0)
    421e:	892a                	mv	s2,a0
    4220:	309c                	lbu	a5,1(s1)
    4222:	2088                	lbu	a0,0(s1)
    4224:	07a2                	slli	a5,a5,0x8
    4226:	8d5d                	or	a0,a0,a5
    4228:	a0dff0ef          	jal	ra,3c34 <ntohs>
    422c:	8119                	srli	a0,a0,0x6
    422e:	03c57513          	andi	a0,a0,60
    4232:	47d1                	li	a5,20
    4234:	26f51263          	bne	a0,a5,4498 <ip_reass+0x280>
    4238:	30fc                	lbu	a5,7(s1)
    423a:	20e8                	lbu	a0,6(s1)
    423c:	07a2                	slli	a5,a5,0x8
    423e:	8d5d                	or	a0,a0,a5
    4240:	9f5ff0ef          	jal	ra,3c34 <ntohs>
    4244:	30bc                	lbu	a5,3(s1)
    4246:	8b2a                	mv	s6,a0
    4248:	20a8                	lbu	a0,2(s1)
    424a:	07a2                	slli	a5,a5,0x8
    424c:	8d5d                	or	a0,a0,a5
    424e:	9e7ff0ef          	jal	ra,3c34 <ntohs>
    4252:	309c                	lbu	a5,1(s1)
    4254:	8caa                	mv	s9,a0
    4256:	2088                	lbu	a0,0(s1)
    4258:	07a2                	slli	a5,a5,0x8
    425a:	8d5d                	or	a0,a0,a5
    425c:	9d9ff0ef          	jal	ra,3c34 <ntohs>
    4260:	8c2a                	mv	s8,a0
    4262:	854a                	mv	a0,s2
    4264:	785000ef          	jal	ra,51e8 <pbuf_clen>
    4268:	200077b7          	lui	a5,0x20007
    426c:	a5c7a783          	lw	a5,-1444(a5) # 20006a5c <WCHCfg+0x10>
    4270:	8e21d703          	lhu	a4,-1822(gp) # 200002c2 <ip_reass_pbufcount>
    4274:	8d2a                	mv	s10,a0
    4276:	838d                	srli	a5,a5,0x3
    4278:	972a                	add	a4,a4,a0
    427a:	8bfd                	andi	a5,a5,31
    427c:	8e218993          	addi	s3,gp,-1822 # 200002c2 <ip_reass_pbufcount>
    4280:	20e7ec63          	bltu	a5,a4,4498 <ip_reass+0x280>
    4284:	8e41a403          	lw	s0,-1820(gp) # 200002c4 <reassdatagrams>
    4288:	4a81                	li	s5,0
    428a:	8e418a13          	addi	s4,gp,-1820 # 200002c4 <reassdatagrams>
    428e:	e81d                	bnez	s0,42c4 <ip_reass+0xac>
    4290:	4515                	li	a0,5
    4292:	37f000ef          	jal	ra,4e10 <memp_malloc>
    4296:	842a                	mv	s0,a0
    4298:	20050063          	beqz	a0,4498 <ip_reass+0x280>
    429c:	4671                	li	a2,28
    429e:	4581                	li	a1,0
    42a0:	00440513          	addi	a0,s0,4
    42a4:	efdfb0ef          	jal	ra,1a0 <memset>
    42a8:	478d                	li	a5,3
    42aa:	bc7c                	sb	a5,31(s0)
    42ac:	000a2783          	lw	a5,0(s4)
    42b0:	008a2023          	sw	s0,0(s4)
    42b4:	c01c                	sw	a5,0(s0)
    42b6:	4651                	li	a2,20
    42b8:	85a6                	mv	a1,s1
    42ba:	00840513          	addi	a0,s0,8
    42be:	73a040ef          	jal	ra,89f8 <memcpy>
    42c2:	ac95                	j	4536 <ip_reass+0x31e>
    42c4:	34d8                	lbu	a4,13(s1)
    42c6:	24dc                	lbu	a5,12(s1)
    42c8:	0722                	slli	a4,a4,0x8
    42ca:	8f5d                	or	a4,a4,a5
    42cc:	24fc                	lbu	a5,14(s1)
    42ce:	07c2                	slli	a5,a5,0x10
    42d0:	8f5d                	or	a4,a4,a5
    42d2:	34fc                	lbu	a5,15(s1)
    42d4:	07e2                	slli	a5,a5,0x18
    42d6:	8fd9                	or	a5,a5,a4
    42d8:	4858                	lw	a4,20(s0)
    42da:	02f71663          	bne	a4,a5,4306 <ip_reass+0xee>
    42de:	3898                	lbu	a4,17(s1)
    42e0:	289c                	lbu	a5,16(s1)
    42e2:	0722                	slli	a4,a4,0x8
    42e4:	8f5d                	or	a4,a4,a5
    42e6:	28bc                	lbu	a5,18(s1)
    42e8:	07c2                	slli	a5,a5,0x10
    42ea:	8f5d                	or	a4,a4,a5
    42ec:	38bc                	lbu	a5,19(s1)
    42ee:	07e2                	slli	a5,a5,0x18
    42f0:	8fd9                	or	a5,a5,a4
    42f2:	4c18                	lw	a4,24(s0)
    42f4:	00f71963          	bne	a4,a5,4306 <ip_reass+0xee>
    42f8:	30dc                	lbu	a5,5(s1)
    42fa:	20d4                	lbu	a3,4(s1)
    42fc:	245a                	lhu	a4,12(s0)
    42fe:	07a2                	slli	a5,a5,0x8
    4300:	8fd5                	or	a5,a5,a3
    4302:	20f70663          	beq	a4,a5,450e <ip_reass+0x2f6>
    4306:	8aa2                	mv	s5,s0
    4308:	4000                	lw	s0,0(s0)
    430a:	b751                	j	428e <ip_reass+0x76>
    430c:	42cc                	lw	a1,4(a3)
    430e:	0055c803          	lbu	a6,5(a1)
    4312:	0045c303          	lbu	t1,4(a1)
    4316:	0822                	slli	a6,a6,0x8
    4318:	00686833          	or	a6,a6,t1
    431c:	0d067c63          	bgeu	a2,a6,43f4 <ip_reass+0x1dc>
    4320:	0086d593          	srli	a1,a3,0x8
    4324:	a394                	sb	a3,0(a5)
    4326:	b38c                	sb	a1,1(a5)
    4328:	0106d593          	srli	a1,a3,0x10
    432c:	82e1                	srli	a3,a3,0x18
    432e:	a3ac                	sb	a1,2(a5)
    4330:	b3b4                	sb	a3,3(a5)
    4332:	2a070e63          	beqz	a4,45ee <ip_reass+0x3d6>
    4336:	3374                	lbu	a3,7(a4)
    4338:	236c                	lbu	a1,6(a4)
    433a:	06a2                	slli	a3,a3,0x8
    433c:	8ecd                	or	a3,a3,a1
    433e:	14d66463          	bltu	a2,a3,4486 <ip_reass+0x26e>
    4342:	14a86263          	bltu	a6,a0,4486 <ip_reass+0x26e>
    4346:	00895693          	srli	a3,s2,0x8
    434a:	01270023          	sb	s2,0(a4)
    434e:	b314                	sb	a3,1(a4)
    4350:	01095693          	srli	a3,s2,0x10
    4354:	01895913          	srli	s2,s2,0x18
    4358:	a334                	sb	a3,2(a4)
    435a:	012701a3          	sb	s2,3(a4)
    435e:	2c78                	lbu	a4,30(s0)
    4360:	4b01                	li	s6,0
    4362:	8b05                	andi	a4,a4,1
    4364:	18070f63          	beqz	a4,4502 <ip_reass+0x2ea>
    4368:	18088d63          	beqz	a7,4502 <ip_reass+0x2ea>
    436c:	4058                	lw	a4,4(s0)
    436e:	4344                	lw	s1,4(a4)
    4370:	30d8                	lbu	a4,5(s1)
    4372:	20d4                	lbu	a3,4(s1)
    4374:	0722                	slli	a4,a4,0x8
    4376:	8f55                	or	a4,a4,a3
    4378:	18071563          	bnez	a4,4502 <ip_reass+0x2ea>
    437c:	3394                	lbu	a3,1(a5)
    437e:	2398                	lbu	a4,0(a5)
    4380:	06a2                	slli	a3,a3,0x8
    4382:	8ed9                	or	a3,a3,a4
    4384:	23b8                	lbu	a4,2(a5)
    4386:	0742                	slli	a4,a4,0x10
    4388:	8ed9                	or	a3,a3,a4
    438a:	33b8                	lbu	a4,3(a5)
    438c:	0762                	slli	a4,a4,0x18
    438e:	8f55                	or	a4,a4,a3
    4390:	e761                	bnez	a4,4458 <ip_reass+0x240>
    4392:	2c5e                	lhu	a5,28(s0)
    4394:	0004c903          	lbu	s2,0(s1)
    4398:	4651                	li	a2,20
    439a:	07d1                	addi	a5,a5,20
    439c:	ac5e                	sh	a5,28(s0)
    439e:	309c                	lbu	a5,1(s1)
    43a0:	00840593          	addi	a1,s0,8
    43a4:	8526                	mv	a0,s1
    43a6:	07a2                	slli	a5,a5,0x8
    43a8:	0127e7b3          	or	a5,a5,s2
    43ac:	0024c903          	lbu	s2,2(s1)
    43b0:	0942                	slli	s2,s2,0x10
    43b2:	00f967b3          	or	a5,s2,a5
    43b6:	0034c903          	lbu	s2,3(s1)
    43ba:	0962                	slli	s2,s2,0x18
    43bc:	00f96933          	or	s2,s2,a5
    43c0:	638040ef          	jal	ra,89f8 <memcpy>
    43c4:	2c4a                	lhu	a0,28(s0)
    43c6:	861ff0ef          	jal	ra,3c26 <htons>
    43ca:	a0a8                	sb	a0,2(s1)
    43cc:	8121                	srli	a0,a0,0x8
    43ce:	b0a8                	sb	a0,3(s1)
    43d0:	00048323          	sb	zero,6(s1)
    43d4:	000483a3          	sb	zero,7(s1)
    43d8:	00048523          	sb	zero,10(s1)
    43dc:	000485a3          	sb	zero,11(s1)
    43e0:	45d1                	li	a1,20
    43e2:	8526                	mv	a0,s1
    43e4:	590040ef          	jal	ra,8974 <inet_chksum>
    43e8:	a4a8                	sb	a0,10(s1)
    43ea:	8121                	srli	a0,a0,0x8
    43ec:	b4a8                	sb	a0,11(s1)
    43ee:	00442b03          	lw	s6,4(s0)
    43f2:	a0d5                	j	44d6 <ip_reass+0x2be>
    43f4:	09060963          	beq	a2,a6,4486 <ip_reass+0x26e>
    43f8:	31f4                	lbu	a3,7(a1)
    43fa:	0065c303          	lbu	t1,6(a1)
    43fe:	06a2                	slli	a3,a3,0x8
    4400:	0066e6b3          	or	a3,a3,t1
    4404:	08d66163          	bltu	a2,a3,4486 <ip_reass+0x26e>
    4408:	cb01                	beqz	a4,4418 <ip_reass+0x200>
    440a:	2374                	lbu	a3,6(a4)
    440c:	3378                	lbu	a4,7(a4)
    440e:	0722                	slli	a4,a4,0x8
    4410:	8f55                	or	a4,a4,a3
    4412:	00e80363          	beq	a6,a4,4418 <ip_reass+0x200>
    4416:	4881                	li	a7,0
    4418:	3198                	lbu	a4,1(a1)
    441a:	2194                	lbu	a3,0(a1)
    441c:	0722                	slli	a4,a4,0x8
    441e:	8f55                	or	a4,a4,a3
    4420:	21b4                	lbu	a3,2(a1)
    4422:	06c2                	slli	a3,a3,0x10
    4424:	8f55                	or	a4,a4,a3
    4426:	31b4                	lbu	a3,3(a1)
    4428:	06e2                	slli	a3,a3,0x18
    442a:	8ed9                	or	a3,a3,a4
    442c:	872e                	mv	a4,a1
    442e:	aa65                	j	45e6 <ip_reass+0x3ce>
    4430:	00895693          	srli	a3,s2,0x8
    4434:	01270023          	sb	s2,0(a4)
    4438:	b314                	sb	a3,1(a4)
    443a:	01095693          	srli	a3,s2,0x10
    443e:	01895913          	srli	s2,s2,0x18
    4442:	a334                	sb	a3,2(a4)
    4444:	012701a3          	sb	s2,3(a4)
    4448:	2374                	lbu	a3,6(a4)
    444a:	3378                	lbu	a4,7(a4)
    444c:	0722                	slli	a4,a4,0x8
    444e:	8f55                	or	a4,a4,a3
    4450:	f0e607e3          	beq	a2,a4,435e <ip_reass+0x146>
    4454:	4881                	li	a7,0
    4456:	b721                	j	435e <ip_reass+0x146>
    4458:	4354                	lw	a3,4(a4)
    445a:	23ec                	lbu	a1,6(a5)
    445c:	33f8                	lbu	a4,7(a5)
    445e:	32dc                	lbu	a5,5(a3)
    4460:	22d0                	lbu	a2,4(a3)
    4462:	0722                	slli	a4,a4,0x8
    4464:	07a2                	slli	a5,a5,0x8
    4466:	8f4d                	or	a4,a4,a1
    4468:	8fd1                	or	a5,a5,a2
    446a:	02f71a63          	bne	a4,a5,449e <ip_reass+0x286>
    446e:	329c                	lbu	a5,1(a3)
    4470:	2298                	lbu	a4,0(a3)
    4472:	07a2                	slli	a5,a5,0x8
    4474:	8fd9                	or	a5,a5,a4
    4476:	22b8                	lbu	a4,2(a3)
    4478:	0742                	slli	a4,a4,0x10
    447a:	8fd9                	or	a5,a5,a4
    447c:	32b8                	lbu	a4,3(a3)
    447e:	0762                	slli	a4,a4,0x18
    4480:	8f5d                	or	a4,a4,a5
    4482:	87b6                	mv	a5,a3
    4484:	b731                	j	4390 <ip_reass+0x178>
    4486:	854a                	mv	a0,s2
    4488:	561000ef          	jal	ra,51e8 <pbuf_clen>
    448c:	0009d783          	lhu	a5,0(s3)
    4490:	40a78533          	sub	a0,a5,a0
    4494:	00a99023          	sh	a0,0(s3)
    4498:	854a                	mv	a0,s2
    449a:	369000ef          	jal	ra,5002 <pbuf_free>
    449e:	4b01                	li	s6,0
    44a0:	a08d                	j	4502 <ip_reass+0x2ea>
    44a2:	55b1                	li	a1,-20
    44a4:	854a                	mv	a0,s2
    44a6:	00492483          	lw	s1,4(s2)
    44aa:	2eb000ef          	jal	ra,4f94 <pbuf_header>
    44ae:	85ca                	mv	a1,s2
    44b0:	855a                	mv	a0,s6
    44b2:	553000ef          	jal	ra,5204 <pbuf_cat>
    44b6:	309c                	lbu	a5,1(s1)
    44b8:	0004c903          	lbu	s2,0(s1)
    44bc:	07a2                	slli	a5,a5,0x8
    44be:	0127e7b3          	or	a5,a5,s2
    44c2:	0024c903          	lbu	s2,2(s1)
    44c6:	0942                	slli	s2,s2,0x10
    44c8:	00f967b3          	or	a5,s2,a5
    44cc:	0034c903          	lbu	s2,3(s1)
    44d0:	0962                	slli	s2,s2,0x18
    44d2:	00f96933          	or	s2,s2,a5
    44d6:	fc0916e3          	bnez	s2,44a2 <ip_reass+0x28a>
    44da:	000a2703          	lw	a4,0(s4)
    44de:	401c                	lw	a5,0(s0)
    44e0:	02e41463          	bne	s0,a4,4508 <ip_reass+0x2f0>
    44e4:	00fa2023          	sw	a5,0(s4)
    44e8:	85a2                	mv	a1,s0
    44ea:	4515                	li	a0,5
    44ec:	145000ef          	jal	ra,4e30 <memp_free>
    44f0:	855a                	mv	a0,s6
    44f2:	4f7000ef          	jal	ra,51e8 <pbuf_clen>
    44f6:	0009d783          	lhu	a5,0(s3)
    44fa:	40a78533          	sub	a0,a5,a0
    44fe:	00a99023          	sh	a0,0(s3)
    4502:	855a                	mv	a0,s6
    4504:	c7dfb06f          	j	180 <__riscv_restore_10>
    4508:	00faa023          	sw	a5,0(s5)
    450c:	bff1                	j	44e8 <ip_reass+0x2d0>
    450e:	30fc                	lbu	a5,7(s1)
    4510:	20e8                	lbu	a0,6(s1)
    4512:	6b89                	lui	s7,0x2
    4514:	07a2                	slli	a5,a5,0x8
    4516:	8d5d                	or	a0,a0,a5
    4518:	f1cff0ef          	jal	ra,3c34 <ntohs>
    451c:	1bfd                	addi	s7,s7,-1
    451e:	01757533          	and	a0,a0,s7
    4522:	0542                	slli	a0,a0,0x10
    4524:	8141                	srli	a0,a0,0x10
    4526:	e901                	bnez	a0,4536 <ip_reass+0x31e>
    4528:	246a                	lhu	a0,14(s0)
    452a:	f0aff0ef          	jal	ra,3c34 <ntohs>
    452e:	01757533          	and	a0,a0,s7
    4532:	d80512e3          	bnez	a0,42b6 <ip_reass+0x9e>
    4536:	0009d783          	lhu	a5,0(s3)
    453a:	9d3e                	add	s10,s10,a5
    453c:	01a99023          	sh	s10,0(s3)
    4540:	30fc                	lbu	a5,7(s1)
    4542:	20e8                	lbu	a0,6(s1)
    4544:	07a2                	slli	a5,a5,0x8
    4546:	8d5d                	or	a0,a0,a5
    4548:	eecff0ef          	jal	ra,3c34 <ntohs>
    454c:	01251793          	slli	a5,a0,0x12
    4550:	0207c263          	bltz	a5,4574 <ip_reass+0x35c>
    4554:	013b1513          	slli	a0,s6,0x13
    4558:	2c7c                	lbu	a5,30(s0)
    455a:	814d                	srli	a0,a0,0x13
    455c:	050e                	slli	a0,a0,0x3
    455e:	006c5c13          	srli	s8,s8,0x6
    4562:	9566                	add	a0,a0,s9
    4564:	03cc7c13          	andi	s8,s8,60
    4568:	0017e793          	ori	a5,a5,1
    456c:	41850533          	sub	a0,a0,s8
    4570:	ac7c                	sb	a5,30(s0)
    4572:	ac4a                	sh	a0,28(s0)
    4574:	00492483          	lw	s1,4(s2)
    4578:	30bc                	lbu	a5,3(s1)
    457a:	20a8                	lbu	a0,2(s1)
    457c:	07a2                	slli	a5,a5,0x8
    457e:	8d5d                	or	a0,a0,a5
    4580:	eb4ff0ef          	jal	ra,3c34 <ntohs>
    4584:	309c                	lbu	a5,1(s1)
    4586:	8b2a                	mv	s6,a0
    4588:	2088                	lbu	a0,0(s1)
    458a:	07a2                	slli	a5,a5,0x8
    458c:	8d5d                	or	a0,a0,a5
    458e:	ea6ff0ef          	jal	ra,3c34 <ntohs>
    4592:	30fc                	lbu	a5,7(s1)
    4594:	8baa                	mv	s7,a0
    4596:	20e8                	lbu	a0,6(s1)
    4598:	07a2                	slli	a5,a5,0x8
    459a:	006bdb93          	srli	s7,s7,0x6
    459e:	8d5d                	or	a0,a0,a5
    45a0:	e94ff0ef          	jal	ra,3c34 <ntohs>
    45a4:	054e                	slli	a0,a0,0x13
    45a6:	814d                	srli	a0,a0,0x13
    45a8:	00351613          	slli	a2,a0,0x3
    45ac:	00cb0533          	add	a0,s6,a2
    45b0:	03cbfb13          	andi	s6,s7,60
    45b4:	00492783          	lw	a5,4(s2)
    45b8:	41650533          	sub	a0,a0,s6
    45bc:	0542                	slli	a0,a0,0x10
    45be:	00865713          	srli	a4,a2,0x8
    45c2:	8141                	srli	a0,a0,0x10
    45c4:	4054                	lw	a3,4(s0)
    45c6:	b3d8                	sb	a4,5(a5)
    45c8:	00855713          	srli	a4,a0,0x8
    45cc:	b3f8                	sb	a4,7(a5)
    45ce:	00078023          	sb	zero,0(a5)
    45d2:	000780a3          	sb	zero,1(a5)
    45d6:	00078123          	sb	zero,2(a5)
    45da:	000781a3          	sb	zero,3(a5)
    45de:	a3d0                	sb	a2,4(a5)
    45e0:	a3e8                	sb	a0,6(a5)
    45e2:	4885                	li	a7,1
    45e4:	4701                	li	a4,0
    45e6:	d20693e3          	bnez	a3,430c <ip_reass+0xf4>
    45ea:	e40713e3          	bnez	a4,4430 <ip_reass+0x218>
    45ee:	01242223          	sw	s2,4(s0)
    45f2:	b3b5                	j	435e <ip_reass+0x146>

000045f4 <ip_frag>:
    45f4:	b4dfb2ef          	jal	t0,140 <__riscv_save_12>
    45f8:	00452c03          	lw	s8,4(a0)
    45fc:	1101                	addi	sp,sp,-32
    45fe:	ca32                	sw	a2,20(sp)
    4600:	007c4703          	lbu	a4,7(s8)
    4604:	8daa                	mv	s11,a0
    4606:	006c4503          	lbu	a0,6(s8)
    460a:	0722                	slli	a4,a4,0x8
    460c:	0305db83          	lhu	s7,48(a1)
    4610:	8d59                	or	a0,a0,a4
    4612:	8cae                	mv	s9,a1
    4614:	e20ff0ef          	jal	ra,3c34 <ntohs>
    4618:	6689                	lui	a3,0x2
    461a:	00d577b3          	and	a5,a0,a3
    461e:	fecb8a13          	addi	s4,s7,-20 # 1fec <WCHNET_PeriodicHandle+0x24>
    4622:	46a1                	li	a3,8
    4624:	02da4a33          	div	s4,s4,a3
    4628:	008dd483          	lhu	s1,8(s11)
    462c:	6709                	lui	a4,0x2
    462e:	177d                	addi	a4,a4,-1
    4630:	c63e                	sw	a5,12(sp)
    4632:	00e57933          	and	s2,a0,a4
    4636:	14b1                	addi	s1,s1,-20
    4638:	0942                	slli	s2,s2,0x10
    463a:	04c2                	slli	s1,s1,0x10
    463c:	01095913          	srli	s2,s2,0x10
    4640:	80c1                	srli	s1,s1,0x10
    4642:	4401                	li	s0,0
    4644:	4d51                	li	s10,20
    4646:	cc3a                	sw	a4,24(sp)
    4648:	0a42                	slli	s4,s4,0x10
    464a:	010a5a13          	srli	s4,s4,0x10
    464e:	003a1693          	slli	a3,s4,0x3
    4652:	01069793          	slli	a5,a3,0x10
    4656:	83c1                	srli	a5,a5,0x10
    4658:	c83e                	sw	a5,16(sp)
    465a:	fedb8793          	addi	a5,s7,-19
    465e:	ce3e                	sw	a5,28(sp)
    4660:	e489                	bnez	s1,466a <ip_frag+0x76>
    4662:	4501                	li	a0,0
    4664:	6105                	addi	sp,sp,32
    4666:	b17fb06f          	j	17c <__riscv_restore_12>
    466a:	47e2                	lw	a5,24(sp)
    466c:	8aa6                	mv	s5,s1
    466e:	00f97b33          	and	s6,s2,a5
    4672:	47b2                	lw	a5,12(sp)
    4674:	0167eb33          	or	s6,a5,s6
    4678:	47f2                	lw	a5,28(sp)
    467a:	00f4c663          	blt	s1,a5,4686 <ip_frag+0x92>
    467e:	4ac2                	lw	s5,16(sp)
    4680:	6789                	lui	a5,0x2
    4682:	00fb6b33          	or	s6,s6,a5
    4686:	4601                	li	a2,0
    4688:	45d1                	li	a1,20
    468a:	4509                	li	a0,2
    468c:	1c5000ef          	jal	ra,5050 <pbuf_alloc>
    4690:	89aa                	mv	s3,a0
    4692:	c939                	beqz	a0,46e8 <ip_frag+0xf4>
    4694:	4148                	lw	a0,4(a0)
    4696:	4651                	li	a2,20
    4698:	85e2                	mv	a1,s8
    469a:	35e040ef          	jal	ra,89f8 <memcpy>
    469e:	004da603          	lw	a2,4(s11)
    46a2:	0049ab83          	lw	s7,4(s3)
    46a6:	966a                	add	a2,a2,s10
    46a8:	00cda223          	sw	a2,4(s11)
    46ac:	00add603          	lhu	a2,10(s11)
    46b0:	41a606b3          	sub	a3,a2,s10
    46b4:	00dd9523          	sh	a3,10(s11)
    46b8:	8d56                	mv	s10,s5
    46ba:	040d0963          	beqz	s10,470c <ip_frag+0x118>
    46be:	00add403          	lhu	s0,10(s11)
    46c2:	008d7363          	bgeu	s10,s0,46c8 <ip_frag+0xd4>
    46c6:	846a                	mv	s0,s10
    46c8:	0442                	slli	s0,s0,0x10
    46ca:	8041                	srli	s0,s0,0x10
    46cc:	e401                	bnez	s0,46d4 <ip_frag+0xe0>
    46ce:	000dad83          	lw	s11,0(s11)
    46d2:	b7e5                	j	46ba <ip_frag+0xc6>
    46d4:	4581                	li	a1,0
    46d6:	4609                	li	a2,2
    46d8:	450d                	li	a0,3
    46da:	177000ef          	jal	ra,5050 <pbuf_alloc>
    46de:	85aa                	mv	a1,a0
    46e0:	e511                	bnez	a0,46ec <ip_frag+0xf8>
    46e2:	854e                	mv	a0,s3
    46e4:	11f000ef          	jal	ra,5002 <pbuf_free>
    46e8:	557d                	li	a0,-1
    46ea:	bfad                	j	4664 <ip_frag+0x70>
    46ec:	004da603          	lw	a2,4(s11)
    46f0:	a502                	sh	s0,8(a0)
    46f2:	a522                	sh	s0,10(a0)
    46f4:	c150                	sw	a2,4(a0)
    46f6:	854e                	mv	a0,s3
    46f8:	30d000ef          	jal	ra,5204 <pbuf_cat>
    46fc:	408d06b3          	sub	a3,s10,s0
    4700:	01069d13          	slli	s10,a3,0x10
    4704:	010d5d13          	srli	s10,s10,0x10
    4708:	fc0d13e3          	bnez	s10,46ce <ip_frag+0xda>
    470c:	855a                	mv	a0,s6
    470e:	d18ff0ef          	jal	ra,3c26 <htons>
    4712:	00ab8323          	sb	a0,6(s7)
    4716:	8121                	srli	a0,a0,0x8
    4718:	00ab83a3          	sb	a0,7(s7)
    471c:	014a8513          	addi	a0,s5,20
    4720:	0542                	slli	a0,a0,0x10
    4722:	8141                	srli	a0,a0,0x10
    4724:	d02ff0ef          	jal	ra,3c26 <htons>
    4728:	00ab8123          	sb	a0,2(s7)
    472c:	8121                	srli	a0,a0,0x8
    472e:	00ab81a3          	sb	a0,3(s7)
    4732:	45d1                	li	a1,20
    4734:	000b8523          	sb	zero,10(s7)
    4738:	000b85a3          	sb	zero,11(s7)
    473c:	855e                	mv	a0,s7
    473e:	236040ef          	jal	ra,8974 <inet_chksum>
    4742:	014ca703          	lw	a4,20(s9)
    4746:	4652                	lw	a2,20(sp)
    4748:	00ab8523          	sb	a0,10(s7)
    474c:	8121                	srli	a0,a0,0x8
    474e:	00ab85a3          	sb	a0,11(s7)
    4752:	85ce                	mv	a1,s3
    4754:	8566                	mv	a0,s9
    4756:	9702                	jalr	a4
    4758:	415484b3          	sub	s1,s1,s5
    475c:	9952                	add	s2,s2,s4
    475e:	854e                	mv	a0,s3
    4760:	04c2                	slli	s1,s1,0x10
    4762:	0942                	slli	s2,s2,0x10
    4764:	09f000ef          	jal	ra,5002 <pbuf_free>
    4768:	80c1                	srli	s1,s1,0x10
    476a:	01095913          	srli	s2,s2,0x10
    476e:	8d22                	mv	s10,s0
    4770:	bdc5                	j	4660 <ip_frag+0x6c>

00004772 <dhcp_set_state>:
    4772:	293c                	lbu	a5,18(a0)
    4774:	00b78563          	beq	a5,a1,477e <dhcp_set_state+0xc>
    4778:	a92c                	sb	a1,18(a0)
    477a:	000509a3          	sb	zero,19(a0)
    477e:	8082                	ret

00004780 <dhcp_option>:
    4780:	2d5e                	lhu	a5,28(a0)
    4782:	4d18                	lw	a4,24(a0)
    4784:	00f706b3          	add	a3,a4,a5
    4788:	0eb68823          	sb	a1,240(a3) # 20f0 <WCHNET_PeriodicHandle+0x128>
    478c:	00278693          	addi	a3,a5,2 # 2002 <WCHNET_PeriodicHandle+0x3a>
    4790:	0785                	addi	a5,a5,1
    4792:	07c2                	slli	a5,a5,0x10
    4794:	83c1                	srli	a5,a5,0x10
    4796:	ad56                	sh	a3,28(a0)
    4798:	97ba                	add	a5,a5,a4
    479a:	0ec78823          	sb	a2,240(a5)
    479e:	8082                	ret

000047a0 <dhcp_option_byte>:
    47a0:	2d5a                	lhu	a4,28(a0)
    47a2:	4d1c                	lw	a5,24(a0)
    47a4:	00170693          	addi	a3,a4,1 # 2001 <WCHNET_PeriodicHandle+0x39>
    47a8:	ad56                	sh	a3,28(a0)
    47aa:	97ba                	add	a5,a5,a4
    47ac:	0eb78823          	sb	a1,240(a5)
    47b0:	8082                	ret

000047b2 <dhcp_option_long>:
    47b2:	2d5e                	lhu	a5,28(a0)
    47b4:	4d18                	lw	a4,24(a0)
    47b6:	0185d613          	srli	a2,a1,0x18
    47ba:	00f706b3          	add	a3,a4,a5
    47be:	0ec68823          	sb	a2,240(a3)
    47c2:	00178693          	addi	a3,a5,1
    47c6:	06c2                	slli	a3,a3,0x10
    47c8:	82c1                	srli	a3,a3,0x10
    47ca:	96ba                	add	a3,a3,a4
    47cc:	0105d613          	srli	a2,a1,0x10
    47d0:	0ec68823          	sb	a2,240(a3)
    47d4:	00278693          	addi	a3,a5,2
    47d8:	06c2                	slli	a3,a3,0x10
    47da:	82c1                	srli	a3,a3,0x10
    47dc:	96ba                	add	a3,a3,a4
    47de:	0085d613          	srli	a2,a1,0x8
    47e2:	0ec68823          	sb	a2,240(a3)
    47e6:	00478693          	addi	a3,a5,4
    47ea:	078d                	addi	a5,a5,3
    47ec:	07c2                	slli	a5,a5,0x10
    47ee:	83c1                	srli	a5,a5,0x10
    47f0:	ad56                	sh	a3,28(a0)
    47f2:	97ba                	add	a5,a5,a4
    47f4:	0eb78823          	sb	a1,240(a5)
    47f8:	8082                	ret

000047fa <dhcp_option_trailer>:
    47fa:	c115                	beqz	a0,481e <dhcp_option_trailer+0x24>
    47fc:	2d5e                	lhu	a5,28(a0)
    47fe:	4d18                	lw	a4,24(a0)
    4800:	04300613          	li	a2,67
    4804:	00178693          	addi	a3,a5,1
    4808:	ad56                	sh	a3,28(a0)
    480a:	97ba                	add	a5,a5,a4
    480c:	56fd                	li	a3,-1
    480e:	0ed78823          	sb	a3,240(a5)
    4812:	2d5e                	lhu	a5,28(a0)
    4814:	00f67663          	bgeu	a2,a5,4820 <dhcp_option_trailer+0x26>
    4818:	0037f693          	andi	a3,a5,3
    481c:	e291                	bnez	a3,4820 <dhcp_option_trailer+0x26>
    481e:	8082                	ret
    4820:	00178693          	addi	a3,a5,1
    4824:	ad56                	sh	a3,28(a0)
    4826:	97ba                	add	a5,a5,a4
    4828:	0e078823          	sb	zero,240(a5)
    482c:	b7dd                	j	4812 <dhcp_option_trailer+0x18>

0000482e <dhcp_create_request>:
    482e:	16050c63          	beqz	a0,49a6 <dhcp_create_request+0x178>
    4832:	93ffb2ef          	jal	t0,170 <__riscv_save_0>
    4836:	02052903          	lw	s2,32(a0)
    483a:	57dd                	li	a5,-9
    483c:	16090263          	beqz	s2,49a0 <dhcp_create_request+0x172>
    4840:	84aa                	mv	s1,a0
    4842:	4601                	li	a2,0
    4844:	13400593          	li	a1,308
    4848:	4501                	li	a0,0
    484a:	007000ef          	jal	ra,5050 <pbuf_alloc>
    484e:	00a92a23          	sw	a0,20(s2)
    4852:	872a                	mv	a4,a0
    4854:	57fd                	li	a5,-1
    4856:	14050563          	beqz	a0,49a0 <dhcp_create_request+0x172>
    485a:	01394683          	lbu	a3,19(s2)
    485e:	82c18793          	addi	a5,gp,-2004 # 2000020c <xid.3256>
    4862:	e681                	bnez	a3,486a <dhcp_create_request+0x3c>
    4864:	4394                	lw	a3,0(a5)
    4866:	0685                	addi	a3,a3,1
    4868:	c394                	sw	a3,0(a5)
    486a:	4340                	lw	s0,4(a4)
    486c:	4388                	lw	a0,0(a5)
    486e:	4785                	li	a5,1
    4870:	00892c23          	sw	s0,24(s2)
    4874:	00a92023          	sw	a0,0(s2)
    4878:	a01c                	sb	a5,0(s0)
    487a:	b01c                	sb	a5,1(s0)
    487c:	4799                	li	a5,6
    487e:	a03c                	sb	a5,2(s0)
    4880:	000401a3          	sb	zero,3(s0)
    4884:	bbeff0ef          	jal	ra,3c42 <htonl>
    4888:	00855793          	srli	a5,a0,0x8
    488c:	a048                	sb	a0,4(s0)
    488e:	b05c                	sb	a5,5(s0)
    4890:	01055793          	srli	a5,a0,0x10
    4894:	8161                	srli	a0,a0,0x18
    4896:	a07c                	sb	a5,6(s0)
    4898:	b068                	sb	a0,7(s0)
    489a:	01892403          	lw	s0,24(s2)
    489e:	4729                	li	a4,10
    48a0:	00040423          	sb	zero,8(s0)
    48a4:	000404a3          	sb	zero,9(s0)
    48a8:	00040523          	sb	zero,10(s0)
    48ac:	000405a3          	sb	zero,11(s0)
    48b0:	00040623          	sb	zero,12(s0)
    48b4:	000406a3          	sb	zero,13(s0)
    48b8:	00040723          	sb	zero,14(s0)
    48bc:	000407a3          	sb	zero,15(s0)
    48c0:	01294783          	lbu	a5,18(s2)
    48c4:	00e78863          	beq	a5,a4,48d4 <dhcp_create_request+0xa6>
    48c8:	17f1                	addi	a5,a5,-4
    48ca:	0ff7f793          	andi	a5,a5,255
    48ce:	4705                	li	a4,1
    48d0:	00f76a63          	bltu	a4,a5,48e4 <dhcp_create_request+0xb6>
    48d4:	20dc                	lbu	a5,4(s1)
    48d6:	a45c                	sb	a5,12(s0)
    48d8:	30dc                	lbu	a5,5(s1)
    48da:	b45c                	sb	a5,13(s0)
    48dc:	20fc                	lbu	a5,6(s1)
    48de:	a47c                	sb	a5,14(s0)
    48e0:	30fc                	lbu	a5,7(s1)
    48e2:	b47c                	sb	a5,15(s0)
    48e4:	00040823          	sb	zero,16(s0)
    48e8:	000408a3          	sb	zero,17(s0)
    48ec:	00040923          	sb	zero,18(s0)
    48f0:	000409a3          	sb	zero,19(s0)
    48f4:	00040a23          	sb	zero,20(s0)
    48f8:	00040aa3          	sb	zero,21(s0)
    48fc:	00040b23          	sb	zero,22(s0)
    4900:	00040ba3          	sb	zero,23(s0)
    4904:	00040c23          	sb	zero,24(s0)
    4908:	00040ca3          	sb	zero,25(s0)
    490c:	00040d23          	sb	zero,26(s0)
    4910:	00040da3          	sb	zero,27(s0)
    4914:	0284c583          	lbu	a1,40(s1)
    4918:	4781                	li	a5,0
    491a:	4641                	li	a2,16
    491c:	01079713          	slli	a4,a5,0x10
    4920:	8341                	srli	a4,a4,0x10
    4922:	4681                	li	a3,0
    4924:	00b77663          	bgeu	a4,a1,4930 <dhcp_create_request+0x102>
    4928:	00f48733          	add	a4,s1,a5
    492c:	02974683          	lbu	a3,41(a4)
    4930:	00f40733          	add	a4,s0,a5
    4934:	af54                	sb	a3,28(a4)
    4936:	0785                	addi	a5,a5,1
    4938:	fec792e3          	bne	a5,a2,491c <dhcp_create_request+0xee>
    493c:	02c40713          	addi	a4,s0,44
    4940:	06c40793          	addi	a5,s0,108
    4944:	00070023          	sb	zero,0(a4)
    4948:	0705                	addi	a4,a4,1
    494a:	fee79de3          	bne	a5,a4,4944 <dhcp_create_request+0x116>
    494e:	0ec40713          	addi	a4,s0,236
    4952:	00078023          	sb	zero,0(a5)
    4956:	0785                	addi	a5,a5,1
    4958:	fee79de3          	bne	a5,a4,4952 <dhcp_create_request+0x124>
    495c:	63825537          	lui	a0,0x63825
    4960:	36350513          	addi	a0,a0,867 # 63825363 <_eusrstack+0x43815363>
    4964:	adeff0ef          	jal	ra,3c42 <htonl>
    4968:	00855793          	srli	a5,a0,0x8
    496c:	0ea40623          	sb	a0,236(s0)
    4970:	0ef406a3          	sb	a5,237(s0)
    4974:	01892603          	lw	a2,24(s2)
    4978:	01055793          	srli	a5,a0,0x10
    497c:	8161                	srli	a0,a0,0x18
    497e:	0ef40723          	sb	a5,238(s0)
    4982:	0ea407a3          	sb	a0,239(s0)
    4986:	00091e23          	sh	zero,28(s2)
    498a:	4781                	li	a5,0
    498c:	04400713          	li	a4,68
    4990:	00f606b3          	add	a3,a2,a5
    4994:	0ef68823          	sb	a5,240(a3)
    4998:	0785                	addi	a5,a5,1
    499a:	fee79be3          	bne	a5,a4,4990 <dhcp_create_request+0x162>
    499e:	4781                	li	a5,0
    49a0:	853e                	mv	a0,a5
    49a2:	ff2fb06f          	j	194 <__riscv_restore_0>
    49a6:	57d9                	li	a5,-10
    49a8:	853e                	mv	a0,a5
    49aa:	8082                	ret

000049ac <dhcp_delete_request>:
    49ac:	cd11                	beqz	a0,49c8 <dhcp_delete_request+0x1c>
    49ae:	fc2fb2ef          	jal	t0,170 <__riscv_save_0>
    49b2:	5100                	lw	s0,32(a0)
    49b4:	c801                	beqz	s0,49c4 <dhcp_delete_request+0x18>
    49b6:	4848                	lw	a0,20(s0)
    49b8:	c111                	beqz	a0,49bc <dhcp_delete_request+0x10>
    49ba:	25a1                	jal	5002 <pbuf_free>
    49bc:	00042a23          	sw	zero,20(s0)
    49c0:	00042c23          	sw	zero,24(s0)
    49c4:	fd0fb06f          	j	194 <__riscv_restore_0>
    49c8:	8082                	ret

000049ca <dhcp_arp_reply>:
    49ca:	18050063          	beqz	a0,4b4a <dhcp_arp_reply+0x180>
    49ce:	fa2fb2ef          	jal	t0,170 <__riscv_save_0>
    49d2:	5100                	lw	s0,32(a0)
    49d4:	16040963          	beqz	s0,4b46 <dhcp_arp_reply+0x17c>
    49d8:	2838                	lbu	a4,18(s0)
    49da:	47a1                	li	a5,8
    49dc:	16f71563          	bne	a4,a5,4b46 <dhcp_arp_reply+0x17c>
    49e0:	3198                	lbu	a4,1(a1)
    49e2:	219c                	lbu	a5,0(a1)
    49e4:	0722                	slli	a4,a4,0x8
    49e6:	8f5d                	or	a4,a4,a5
    49e8:	21bc                	lbu	a5,2(a1)
    49ea:	07c2                	slli	a5,a5,0x10
    49ec:	8f5d                	or	a4,a4,a5
    49ee:	31bc                	lbu	a5,3(a1)
    49f0:	07e2                	slli	a5,a5,0x18
    49f2:	8fd9                	or	a5,a5,a4
    49f4:	5418                	lw	a4,40(s0)
    49f6:	14e79863          	bne	a5,a4,4b46 <dhcp_arp_reply+0x17c>
    49fa:	84aa                	mv	s1,a0
    49fc:	45b1                	li	a1,12
    49fe:	8522                	mv	a0,s0
    4a00:	d73ff0ef          	jal	ra,4772 <dhcp_set_state>
    4a04:	8526                	mv	a0,s1
    4a06:	e29ff0ef          	jal	ra,482e <dhcp_create_request>
    4a0a:	12051963          	bnez	a0,4b3c <dhcp_arp_reply+0x172>
    4a0e:	4605                	li	a2,1
    4a10:	03500593          	li	a1,53
    4a14:	8522                	mv	a0,s0
    4a16:	d6bff0ef          	jal	ra,4780 <dhcp_option>
    4a1a:	4591                	li	a1,4
    4a1c:	8522                	mv	a0,s0
    4a1e:	d83ff0ef          	jal	ra,47a0 <dhcp_option_byte>
    4a22:	4611                	li	a2,4
    4a24:	03200593          	li	a1,50
    4a28:	8522                	mv	a0,s0
    4a2a:	d57ff0ef          	jal	ra,4780 <dhcp_option>
    4a2e:	5408                	lw	a0,40(s0)
    4a30:	a36ff0ef          	jal	ra,3c66 <ntohl>
    4a34:	85aa                	mv	a1,a0
    4a36:	8522                	mv	a0,s0
    4a38:	d7bff0ef          	jal	ra,47b2 <dhcp_option_long>
    4a3c:	4611                	li	a2,4
    4a3e:	03600593          	li	a1,54
    4a42:	8522                	mv	a0,s0
    4a44:	d3dff0ef          	jal	ra,4780 <dhcp_option>
    4a48:	5048                	lw	a0,36(s0)
    4a4a:	a1cff0ef          	jal	ra,3c66 <ntohl>
    4a4e:	85aa                	mv	a1,a0
    4a50:	8522                	mv	a0,s0
    4a52:	d61ff0ef          	jal	ra,47b2 <dhcp_option_long>
    4a56:	461d                	li	a2,7
    4a58:	03d00593          	li	a1,61
    4a5c:	8522                	mv	a0,s0
    4a5e:	d23ff0ef          	jal	ra,4780 <dhcp_option>
    4a62:	2c5e                	lhu	a5,28(s0)
    4a64:	4c18                	lw	a4,24(s0)
    4a66:	4605                	li	a2,1
    4a68:	8522                	mv	a0,s0
    4a6a:	00f706b3          	add	a3,a4,a5
    4a6e:	0ec68823          	sb	a2,240(a3)
    4a72:	00278613          	addi	a2,a5,2
    4a76:	0642                	slli	a2,a2,0x10
    4a78:	8241                	srli	a2,a2,0x10
    4a7a:	ac52                	sh	a2,28(s0)
    4a7c:	00178693          	addi	a3,a5,1
    4a80:	0294c583          	lbu	a1,41(s1)
    4a84:	06c2                	slli	a3,a3,0x10
    4a86:	82c1                	srli	a3,a3,0x10
    4a88:	96ba                	add	a3,a3,a4
    4a8a:	0eb68823          	sb	a1,240(a3)
    4a8e:	00378693          	addi	a3,a5,3
    4a92:	06c2                	slli	a3,a3,0x10
    4a94:	82c1                	srli	a3,a3,0x10
    4a96:	ac56                	sh	a3,28(s0)
    4a98:	02a4c583          	lbu	a1,42(s1)
    4a9c:	963a                	add	a2,a2,a4
    4a9e:	96ba                	add	a3,a3,a4
    4aa0:	0eb60823          	sb	a1,240(a2)
    4aa4:	00478613          	addi	a2,a5,4
    4aa8:	0642                	slli	a2,a2,0x10
    4aaa:	8241                	srli	a2,a2,0x10
    4aac:	ac52                	sh	a2,28(s0)
    4aae:	02b4c583          	lbu	a1,43(s1)
    4ab2:	963a                	add	a2,a2,a4
    4ab4:	0eb68823          	sb	a1,240(a3)
    4ab8:	00578693          	addi	a3,a5,5
    4abc:	06c2                	slli	a3,a3,0x10
    4abe:	82c1                	srli	a3,a3,0x10
    4ac0:	ac56                	sh	a3,28(s0)
    4ac2:	02c4c583          	lbu	a1,44(s1)
    4ac6:	96ba                	add	a3,a3,a4
    4ac8:	0eb60823          	sb	a1,240(a2)
    4acc:	00678613          	addi	a2,a5,6
    4ad0:	0642                	slli	a2,a2,0x10
    4ad2:	8241                	srli	a2,a2,0x10
    4ad4:	ac52                	sh	a2,28(s0)
    4ad6:	02d4c583          	lbu	a1,45(s1)
    4ada:	079d                	addi	a5,a5,7
    4adc:	9732                	add	a4,a4,a2
    4ade:	0eb68823          	sb	a1,240(a3)
    4ae2:	ac5e                	sh	a5,28(s0)
    4ae4:	02e4c783          	lbu	a5,46(s1)
    4ae8:	0ef70823          	sb	a5,240(a4)
    4aec:	d0fff0ef          	jal	ra,47fa <dhcp_option_trailer>
    4af0:	2c4e                	lhu	a1,28(s0)
    4af2:	4848                	lw	a0,20(s0)
    4af4:	0f058593          	addi	a1,a1,240
    4af8:	05c2                	slli	a1,a1,0x10
    4afa:	81c1                	srli	a1,a1,0x10
    4afc:	2d51                	jal	5190 <pbuf_realloc>
    4afe:	02844703          	lbu	a4,40(s0)
    4b02:	4c1c                	lw	a5,24(s0)
    4b04:	484c                	lw	a1,20(s0)
    4b06:	4048                	lw	a0,4(s0)
    4b08:	a7d8                	sb	a4,12(a5)
    4b0a:	02944703          	lbu	a4,41(s0)
    4b0e:	0044a903          	lw	s2,4(s1)
    4b12:	b7d8                	sb	a4,13(a5)
    4b14:	02a44703          	lbu	a4,42(s0)
    4b18:	04300693          	li	a3,67
    4b1c:	85818613          	addi	a2,gp,-1960 # 20000238 <ip_addr_broadcast>
    4b20:	a7f8                	sb	a4,14(a5)
    4b22:	02b44703          	lbu	a4,43(s0)
    4b26:	b7f8                	sb	a4,15(a5)
    4b28:	0004a223          	sw	zero,4(s1)
    4b2c:	8726                	mv	a4,s1
    4b2e:	7e4030ef          	jal	ra,8312 <udp_sendto_if>
    4b32:	8526                	mv	a0,s1
    4b34:	0124a223          	sw	s2,4(s1)
    4b38:	e75ff0ef          	jal	ra,49ac <dhcp_delete_request>
    4b3c:	383c                	lbu	a5,19(s0)
    4b3e:	0785                	addi	a5,a5,1
    4b40:	b83c                	sb	a5,19(s0)
    4b42:	4785                	li	a5,1
    4b44:	ac7e                	sh	a5,30(s0)
    4b46:	e4efb06f          	j	194 <__riscv_restore_0>
    4b4a:	8082                	ret

00004b4c <lwip_init>:
    4b4c:	e24fb2ef          	jal	t0,170 <__riscv_save_0>
    4b50:	2811                	jal	4b64 <mem_init>
    4b52:	24bd                	jal	4dc0 <memp_init>
    4b54:	200077b7          	lui	a5,0x20007
    4b58:	9f07a783          	lw	a5,-1552(a5) # 200069f0 <DNSInf+0x8>
    4b5c:	c391                	beqz	a5,4b60 <lwip_init+0x14>
    4b5e:	9782                	jalr	a5
    4b60:	e34fb06f          	j	194 <__riscv_restore_0>

00004b64 <mem_init>:
    4b64:	20004737          	lui	a4,0x20004
    4b68:	d6370713          	addi	a4,a4,-669 # 20003d63 <Mem_Heap_Memory+0x3>
    4b6c:	9b71                	andi	a4,a4,-4
    4b6e:	8ee1a623          	sw	a4,-1812(gp) # 200002cc <ram>
    4b72:	200077b7          	lui	a5,0x20007
    4b76:	a547a783          	lw	a5,-1452(a5) # 20006a54 <WCHCfg+0x8>
    4b7a:	00071123          	sh	zero,2(a4)
    4b7e:	078d                	addi	a5,a5,3
    4b80:	9bf1                	andi	a5,a5,-4
    4b82:	01079693          	slli	a3,a5,0x10
    4b86:	82c1                	srli	a3,a3,0x10
    4b88:	97ba                	add	a5,a5,a4
    4b8a:	a316                	sh	a3,0(a4)
    4b8c:	00070223          	sb	zero,4(a4)
    4b90:	8ef1a823          	sw	a5,-1808(gp) # 200002d0 <ram_end>
    4b94:	4605                	li	a2,1
    4b96:	a3d0                	sb	a2,4(a5)
    4b98:	a396                	sh	a3,0(a5)
    4b9a:	a3b6                	sh	a3,2(a5)
    4b9c:	8ee1a423          	sw	a4,-1816(gp) # 200002c8 <lfree>
    4ba0:	8082                	ret

00004ba2 <mem_free>:
    4ba2:	c149                	beqz	a0,4c24 <mem_free+0x82>
    4ba4:	8ec1a783          	lw	a5,-1812(gp) # 200002cc <ram>
    4ba8:	06f56e63          	bltu	a0,a5,4c24 <mem_free+0x82>
    4bac:	8f01a583          	lw	a1,-1808(gp) # 200002d0 <ram_end>
    4bb0:	06b57a63          	bgeu	a0,a1,4c24 <mem_free+0x82>
    4bb4:	8e81a683          	lw	a3,-1816(gp) # 200002c8 <lfree>
    4bb8:	ff850613          	addi	a2,a0,-8
    4bbc:	fe050e23          	sb	zero,-4(a0)
    4bc0:	8e818713          	addi	a4,gp,-1816 # 200002c8 <lfree>
    4bc4:	00d67363          	bgeu	a2,a3,4bca <mem_free+0x28>
    4bc8:	c310                	sw	a2,0(a4)
    4bca:	ff855683          	lhu	a3,-8(a0)
    4bce:	96be                	add	a3,a3,a5
    4bd0:	02d60463          	beq	a2,a3,4bf8 <mem_free+0x56>
    4bd4:	0046c803          	lbu	a6,4(a3)
    4bd8:	02081063          	bnez	a6,4bf8 <mem_free+0x56>
    4bdc:	00d58e63          	beq	a1,a3,4bf8 <mem_free+0x56>
    4be0:	430c                	lw	a1,0(a4)
    4be2:	00b69363          	bne	a3,a1,4be8 <mem_free+0x46>
    4be6:	c310                	sw	a2,0(a4)
    4be8:	228e                	lhu	a1,0(a3)
    4bea:	feb51c23          	sh	a1,-8(a0)
    4bee:	2296                	lhu	a3,0(a3)
    4bf0:	40f605b3          	sub	a1,a2,a5
    4bf4:	96be                	add	a3,a3,a5
    4bf6:	a2ae                	sh	a1,2(a3)
    4bf8:	ffa55583          	lhu	a1,-6(a0)
    4bfc:	00b786b3          	add	a3,a5,a1
    4c00:	02d60263          	beq	a2,a3,4c24 <mem_free+0x82>
    4c04:	0046c803          	lbu	a6,4(a3)
    4c08:	00081e63          	bnez	a6,4c24 <mem_free+0x82>
    4c0c:	00072803          	lw	a6,0(a4)
    4c10:	01061363          	bne	a2,a6,4c16 <mem_free+0x74>
    4c14:	c314                	sw	a3,0(a4)
    4c16:	ff855703          	lhu	a4,-8(a0)
    4c1a:	a29a                	sh	a4,0(a3)
    4c1c:	ff855703          	lhu	a4,-8(a0)
    4c20:	97ba                	add	a5,a5,a4
    4c22:	a3ae                	sh	a1,2(a5)
    4c24:	8082                	ret

00004c26 <mem_realloc>:
    4c26:	058d                	addi	a1,a1,3
    4c28:	05c2                	slli	a1,a1,0x10
    4c2a:	81c1                	srli	a1,a1,0x10
    4c2c:	99f1                	andi	a1,a1,-4
    4c2e:	05c2                	slli	a1,a1,0x10
    4c30:	81c1                	srli	a1,a1,0x10
    4c32:	4731                	li	a4,12
    4c34:	87ae                	mv	a5,a1
    4c36:	00e5f363          	bgeu	a1,a4,4c3c <mem_realloc+0x16>
    4c3a:	47b1                	li	a5,12
    4c3c:	20007737          	lui	a4,0x20007
    4c40:	a5472603          	lw	a2,-1452(a4) # 20006a54 <WCHCfg+0x8>
    4c44:	07c2                	slli	a5,a5,0x10
    4c46:	83c1                	srli	a5,a5,0x10
    4c48:	060d                	addi	a2,a2,3
    4c4a:	9a71                	andi	a2,a2,-4
    4c4c:	0af66063          	bltu	a2,a5,4cec <mem_realloc+0xc6>
    4c50:	8ec1a703          	lw	a4,-1812(gp) # 200002cc <ram>
    4c54:	08e56d63          	bltu	a0,a4,4cee <mem_realloc+0xc8>
    4c58:	8f01a683          	lw	a3,-1808(gp) # 200002d0 <ram_end>
    4c5c:	08d57963          	bgeu	a0,a3,4cee <mem_realloc+0xc8>
    4c60:	ff850693          	addi	a3,a0,-8
    4c64:	ff855883          	lhu	a7,-8(a0)
    4c68:	8e99                	sub	a3,a3,a4
    4c6a:	06c2                	slli	a3,a3,0x10
    4c6c:	82c1                	srli	a3,a3,0x10
    4c6e:	ff888593          	addi	a1,a7,-8
    4c72:	8d95                	sub	a1,a1,a3
    4c74:	05c2                	slli	a1,a1,0x10
    4c76:	81c1                	srli	a1,a1,0x10
    4c78:	06f5ea63          	bltu	a1,a5,4cec <mem_realloc+0xc6>
    4c7c:	06f58963          	beq	a1,a5,4cee <mem_realloc+0xc8>
    4c80:	01170333          	add	t1,a4,a7
    4c84:	00434803          	lbu	a6,4(t1)
    4c88:	02081463          	bnez	a6,4cb0 <mem_realloc+0x8a>
    4c8c:	00868593          	addi	a1,a3,8
    4c90:	8e818813          	addi	a6,gp,-1816 # 200002c8 <lfree>
    4c94:	97ae                	add	a5,a5,a1
    4c96:	00082e03          	lw	t3,0(a6)
    4c9a:	07c2                	slli	a5,a5,0x10
    4c9c:	83c1                	srli	a5,a5,0x10
    4c9e:	00035883          	lhu	a7,0(t1)
    4ca2:	00f705b3          	add	a1,a4,a5
    4ca6:	026e1663          	bne	t3,t1,4cd2 <mem_realloc+0xac>
    4caa:	00b82023          	sw	a1,0(a6)
    4cae:	a015                	j	4cd2 <mem_realloc+0xac>
    4cb0:	01478813          	addi	a6,a5,20
    4cb4:	0305ed63          	bltu	a1,a6,4cee <mem_realloc+0xc8>
    4cb8:	00868593          	addi	a1,a3,8
    4cbc:	97ae                	add	a5,a5,a1
    4cbe:	8e818813          	addi	a6,gp,-1816 # 200002c8 <lfree>
    4cc2:	07c2                	slli	a5,a5,0x10
    4cc4:	00082303          	lw	t1,0(a6)
    4cc8:	83c1                	srli	a5,a5,0x10
    4cca:	00f705b3          	add	a1,a4,a5
    4cce:	fc65eee3          	bltu	a1,t1,4caa <mem_realloc+0x84>
    4cd2:	01159023          	sh	a7,0(a1)
    4cd6:	a1b6                	sh	a3,2(a1)
    4cd8:	00058223          	sb	zero,4(a1)
    4cdc:	fef51c23          	sh	a5,-8(a0)
    4ce0:	2196                	lhu	a3,0(a1)
    4ce2:	00d60663          	beq	a2,a3,4cee <mem_realloc+0xc8>
    4ce6:	9736                	add	a4,a4,a3
    4ce8:	a33e                	sh	a5,2(a4)
    4cea:	8082                	ret
    4cec:	4501                	li	a0,0
    4cee:	8082                	ret

00004cf0 <mem_malloc>:
    4cf0:	c539                	beqz	a0,4d3e <mem_malloc+0x4e>
    4cf2:	00350713          	addi	a4,a0,3
    4cf6:	0742                	slli	a4,a4,0x10
    4cf8:	8341                	srli	a4,a4,0x10
    4cfa:	9b71                	andi	a4,a4,-4
    4cfc:	0742                	slli	a4,a4,0x10
    4cfe:	8341                	srli	a4,a4,0x10
    4d00:	46b1                	li	a3,12
    4d02:	87ba                	mv	a5,a4
    4d04:	00d77363          	bgeu	a4,a3,4d0a <mem_malloc+0x1a>
    4d08:	47b1                	li	a5,12
    4d0a:	20007737          	lui	a4,0x20007
    4d0e:	a5472603          	lw	a2,-1452(a4) # 20006a54 <WCHCfg+0x8>
    4d12:	07c2                	slli	a5,a5,0x10
    4d14:	83c1                	srli	a5,a5,0x10
    4d16:	060d                	addi	a2,a2,3
    4d18:	9a71                	andi	a2,a2,-4
    4d1a:	4501                	li	a0,0
    4d1c:	02f66263          	bltu	a2,a5,4d40 <mem_malloc+0x50>
    4d20:	8e81a703          	lw	a4,-1816(gp) # 200002c8 <lfree>
    4d24:	8ec1ae83          	lw	t4,-1812(gp) # 200002cc <ram>
    4d28:	8e818593          	addi	a1,gp,-1816 # 200002c8 <lfree>
    4d2c:	40f60333          	sub	t1,a2,a5
    4d30:	41d706b3          	sub	a3,a4,t4
    4d34:	06c2                	slli	a3,a3,0x10
    4d36:	82c1                	srli	a3,a3,0x10
    4d38:	5e61                	li	t3,-8
    4d3a:	0066e463          	bltu	a3,t1,4d42 <mem_malloc+0x52>
    4d3e:	4501                	li	a0,0
    4d40:	8082                	ret
    4d42:	00de8533          	add	a0,t4,a3
    4d46:	00454803          	lbu	a6,4(a0)
    4d4a:	00055883          	lhu	a7,0(a0)
    4d4e:	06081763          	bnez	a6,4dbc <mem_malloc+0xcc>
    4d52:	40de0833          	sub	a6,t3,a3
    4d56:	9846                	add	a6,a6,a7
    4d58:	06f86263          	bltu	a6,a5,4dbc <mem_malloc+0xcc>
    4d5c:	01478313          	addi	t1,a5,20
    4d60:	04686263          	bltu	a6,t1,4da4 <mem_malloc+0xb4>
    4d64:	07a1                	addi	a5,a5,8
    4d66:	97b6                	add	a5,a5,a3
    4d68:	07c2                	slli	a5,a5,0x10
    4d6a:	83c1                	srli	a5,a5,0x10
    4d6c:	00fe8833          	add	a6,t4,a5
    4d70:	01181023          	sh	a7,0(a6)
    4d74:	00d81123          	sh	a3,2(a6)
    4d78:	00080223          	sb	zero,4(a6)
    4d7c:	4685                	li	a3,1
    4d7e:	a11e                	sh	a5,0(a0)
    4d80:	a154                	sb	a3,4(a0)
    4d82:	00085683          	lhu	a3,0(a6)
    4d86:	00d60463          	beq	a2,a3,4d8e <mem_malloc+0x9e>
    4d8a:	96f6                	add	a3,a3,t4
    4d8c:	a2be                	sh	a5,2(a3)
    4d8e:	00a71963          	bne	a4,a0,4da0 <mem_malloc+0xb0>
    4d92:	8f01a683          	lw	a3,-1808(gp) # 200002d0 <ram_end>
    4d96:	4781                	li	a5,0
    4d98:	2350                	lbu	a2,4(a4)
    4d9a:	ee01                	bnez	a2,4db2 <mem_malloc+0xc2>
    4d9c:	c391                	beqz	a5,4da0 <mem_malloc+0xb0>
    4d9e:	c198                	sw	a4,0(a1)
    4da0:	0521                	addi	a0,a0,8
    4da2:	8082                	ret
    4da4:	4785                	li	a5,1
    4da6:	a15c                	sb	a5,4(a0)
    4da8:	b7dd                	j	4d8e <mem_malloc+0x9e>
    4daa:	231a                	lhu	a4,0(a4)
    4dac:	4785                	li	a5,1
    4dae:	9776                	add	a4,a4,t4
    4db0:	b7e5                	j	4d98 <mem_malloc+0xa8>
    4db2:	fee69ce3          	bne	a3,a4,4daa <mem_malloc+0xba>
    4db6:	d7ed                	beqz	a5,4da0 <mem_malloc+0xb0>
    4db8:	c194                	sw	a3,0(a1)
    4dba:	b7dd                	j	4da0 <mem_malloc+0xb0>
    4dbc:	86c6                	mv	a3,a7
    4dbe:	bfb5                	j	4d3a <mem_malloc+0x4a>

00004dc0 <memp_init>:
    4dc0:	8301a583          	lw	a1,-2000(gp) # 20000210 <memp_num>
    4dc4:	8341a683          	lw	a3,-1996(gp) # 20000214 <memp_sizes>
    4dc8:	200057b7          	lui	a5,0x20005
    4dcc:	fcf78793          	addi	a5,a5,-49 # 20004fcf <Memp_Memory+0x3>
    4dd0:	20007737          	lui	a4,0x20007
    4dd4:	9bf1                	andi	a5,a5,-4
    4dd6:	ab070713          	addi	a4,a4,-1360 # 20006ab0 <memp_tab>
    4dda:	01068513          	addi	a0,a3,16
    4dde:	0005d803          	lhu	a6,0(a1)
    4de2:	00072023          	sw	zero,0(a4)
    4de6:	4601                	li	a2,0
    4de8:	00c81863          	bne	a6,a2,4df8 <memp_init+0x38>
    4dec:	0689                	addi	a3,a3,2
    4dee:	0711                	addi	a4,a4,4
    4df0:	0589                	addi	a1,a1,2
    4df2:	fea696e3          	bne	a3,a0,4dde <memp_init+0x1e>
    4df6:	8082                	ret
    4df8:	00072883          	lw	a7,0(a4)
    4dfc:	0605                	addi	a2,a2,1
    4dfe:	0642                	slli	a2,a2,0x10
    4e00:	0117a023          	sw	a7,0(a5)
    4e04:	0006d883          	lhu	a7,0(a3)
    4e08:	c31c                	sw	a5,0(a4)
    4e0a:	8241                	srli	a2,a2,0x10
    4e0c:	97c6                	add	a5,a5,a7
    4e0e:	bfe9                	j	4de8 <memp_init+0x28>

00004e10 <memp_malloc>:
    4e10:	479d                	li	a5,7
    4e12:	00a7ed63          	bltu	a5,a0,4e2c <memp_malloc+0x1c>
    4e16:	200077b7          	lui	a5,0x20007
    4e1a:	050a                	slli	a0,a0,0x2
    4e1c:	ab078793          	addi	a5,a5,-1360 # 20006ab0 <memp_tab>
    4e20:	97aa                	add	a5,a5,a0
    4e22:	4388                	lw	a0,0(a5)
    4e24:	c509                	beqz	a0,4e2e <memp_malloc+0x1e>
    4e26:	4118                	lw	a4,0(a0)
    4e28:	c398                	sw	a4,0(a5)
    4e2a:	8082                	ret
    4e2c:	4501                	li	a0,0
    4e2e:	8082                	ret

00004e30 <memp_free>:
    4e30:	c999                	beqz	a1,4e46 <memp_free+0x16>
    4e32:	00251793          	slli	a5,a0,0x2
    4e36:	20007537          	lui	a0,0x20007
    4e3a:	ab050513          	addi	a0,a0,-1360 # 20006ab0 <memp_tab>
    4e3e:	953e                	add	a0,a0,a5
    4e40:	411c                	lw	a5,0(a0)
    4e42:	c19c                	sw	a5,0(a1)
    4e44:	c10c                	sw	a1,0(a0)
    4e46:	8082                	ret

00004e48 <netif_set_ipaddr>:
    4e48:	b0efb2ef          	jal	t0,156 <__riscv_save_4>
    4e4c:	3198                	lbu	a4,1(a1)
    4e4e:	219c                	lbu	a5,0(a1)
    4e50:	84aa                	mv	s1,a0
    4e52:	0722                	slli	a4,a4,0x8
    4e54:	8f5d                	or	a4,a4,a5
    4e56:	21bc                	lbu	a5,2(a1)
    4e58:	842e                	mv	s0,a1
    4e5a:	07c2                	slli	a5,a5,0x10
    4e5c:	8f5d                	or	a4,a4,a5
    4e5e:	31bc                	lbu	a5,3(a1)
    4e60:	07e2                	slli	a5,a5,0x18
    4e62:	8fd9                	or	a5,a5,a4
    4e64:	4158                	lw	a4,4(a0)
    4e66:	00e79f63          	bne	a5,a4,4e84 <netif_set_ipaddr+0x3c>
    4e6a:	3018                	lbu	a4,1(s0)
    4e6c:	201c                	lbu	a5,0(s0)
    4e6e:	0722                	slli	a4,a4,0x8
    4e70:	8f5d                	or	a4,a4,a5
    4e72:	203c                	lbu	a5,2(s0)
    4e74:	07c2                	slli	a5,a5,0x10
    4e76:	8f5d                	or	a4,a4,a5
    4e78:	303c                	lbu	a5,3(s0)
    4e7a:	07e2                	slli	a5,a5,0x18
    4e7c:	8fd9                	or	a5,a5,a4
    4e7e:	c0dc                	sw	a5,4(s1)
    4e80:	b0afb06f          	j	18a <__riscv_restore_4>
    4e84:	9041a503          	lw	a0,-1788(gp) # 200002e4 <tcp_active_pcbs>
    4e88:	4901                	li	s2,0
    4e8a:	06400993          	li	s3,100
    4e8e:	c105                	beqz	a0,4eae <netif_set_ipaddr+0x66>
    4e90:	4118                	lw	a4,0(a0)
    4e92:	40dc                	lw	a5,4(s1)
    4e94:	00c52a03          	lw	s4,12(a0)
    4e98:	04f71163          	bne	a4,a5,4eda <netif_set_ipaddr+0x92>
    4e9c:	4585                	li	a1,1
    4e9e:	5ad000ef          	jal	ra,5c4a <tcp_abandon>
    4ea2:	00190793          	addi	a5,s2,1
    4ea6:	0ff7f793          	andi	a5,a5,255
    4eaa:	0329f763          	bgeu	s3,s2,4ed8 <netif_set_ipaddr+0x90>
    4eae:	90c1a783          	lw	a5,-1780(gp) # 200002ec <tcp_listen_pcbs>
    4eb2:	dfc5                	beqz	a5,4e6a <netif_set_ipaddr+0x22>
    4eb4:	4398                	lw	a4,0(a5)
    4eb6:	cf19                	beqz	a4,4ed4 <netif_set_ipaddr+0x8c>
    4eb8:	40d4                	lw	a3,4(s1)
    4eba:	00d71d63          	bne	a4,a3,4ed4 <netif_set_ipaddr+0x8c>
    4ebe:	3014                	lbu	a3,1(s0)
    4ec0:	2018                	lbu	a4,0(s0)
    4ec2:	06a2                	slli	a3,a3,0x8
    4ec4:	8ed9                	or	a3,a3,a4
    4ec6:	2038                	lbu	a4,2(s0)
    4ec8:	0742                	slli	a4,a4,0x10
    4eca:	8ed9                	or	a3,a3,a4
    4ecc:	3038                	lbu	a4,3(s0)
    4ece:	0762                	slli	a4,a4,0x18
    4ed0:	8f55                	or	a4,a4,a3
    4ed2:	c398                	sw	a4,0(a5)
    4ed4:	47dc                	lw	a5,12(a5)
    4ed6:	bff1                	j	4eb2 <netif_set_ipaddr+0x6a>
    4ed8:	893e                	mv	s2,a5
    4eda:	8552                	mv	a0,s4
    4edc:	bf4d                	j	4e8e <netif_set_ipaddr+0x46>

00004ede <netif_set_addr>:
    4ede:	a92fb2ef          	jal	t0,170 <__riscv_save_0>
    4ee2:	1141                	addi	sp,sp,-16
    4ee4:	c632                	sw	a2,12(sp)
    4ee6:	c436                	sw	a3,8(sp)
    4ee8:	842a                	mv	s0,a0
    4eea:	f5fff0ef          	jal	ra,4e48 <netif_set_ipaddr>
    4eee:	4632                	lw	a2,12(sp)
    4ef0:	46a2                	lw	a3,8(sp)
    4ef2:	4781                	li	a5,0
    4ef4:	ca19                	beqz	a2,4f0a <netif_set_addr+0x2c>
    4ef6:	3218                	lbu	a4,1(a2)
    4ef8:	221c                	lbu	a5,0(a2)
    4efa:	0722                	slli	a4,a4,0x8
    4efc:	8f5d                	or	a4,a4,a5
    4efe:	223c                	lbu	a5,2(a2)
    4f00:	07c2                	slli	a5,a5,0x10
    4f02:	8f5d                	or	a4,a4,a5
    4f04:	323c                	lbu	a5,3(a2)
    4f06:	07e2                	slli	a5,a5,0x18
    4f08:	8fd9                	or	a5,a5,a4
    4f0a:	c41c                	sw	a5,8(s0)
    4f0c:	4781                	li	a5,0
    4f0e:	ca99                	beqz	a3,4f24 <netif_set_addr+0x46>
    4f10:	3298                	lbu	a4,1(a3)
    4f12:	229c                	lbu	a5,0(a3)
    4f14:	0722                	slli	a4,a4,0x8
    4f16:	8f5d                	or	a4,a4,a5
    4f18:	22bc                	lbu	a5,2(a3)
    4f1a:	07c2                	slli	a5,a5,0x10
    4f1c:	8f5d                	or	a4,a4,a5
    4f1e:	32bc                	lbu	a5,3(a3)
    4f20:	07e2                	slli	a5,a5,0x18
    4f22:	8fd9                	or	a5,a5,a4
    4f24:	c45c                	sw	a5,12(s0)
    4f26:	0141                	addi	sp,sp,16
    4f28:	a6cfb06f          	j	194 <__riscv_restore_0>

00004f2c <netif_add>:
    4f2c:	a44fb2ef          	jal	t0,170 <__riscv_save_0>
    4f30:	cd58                	sw	a4,28(a0)
    4f32:	8fc18713          	addi	a4,gp,-1796 # 200002dc <netifnum.2471>
    4f36:	00074883          	lbu	a7,0(a4)
    4f3a:	1141                	addi	sp,sp,-16
    4f3c:	00052223          	sw	zero,4(a0)
    4f40:	00052423          	sw	zero,8(a0)
    4f44:	00052623          	sw	zero,12(a0)
    4f48:	02050923          	sb	zero,50(a0)
    4f4c:	02052023          	sw	zero,32(a0)
    4f50:	00188313          	addi	t1,a7,1
    4f54:	03150aa3          	sb	a7,53(a0)
    4f58:	01052823          	sw	a6,16(a0)
    4f5c:	842a                	mv	s0,a0
    4f5e:	c63e                	sw	a5,12(sp)
    4f60:	00670023          	sb	t1,0(a4)
    4f64:	f7bff0ef          	jal	ra,4ede <netif_set_addr>
    4f68:	47b2                	lw	a5,12(sp)
    4f6a:	8522                	mv	a0,s0
    4f6c:	9782                	jalr	a5
    4f6e:	e911                	bnez	a0,4f82 <netif_add+0x56>
    4f70:	8f818793          	addi	a5,gp,-1800 # 200002d8 <netif_list>
    4f74:	4398                	lw	a4,0(a5)
    4f76:	c018                	sw	a4,0(s0)
    4f78:	c380                	sw	s0,0(a5)
    4f7a:	8522                	mv	a0,s0
    4f7c:	0141                	addi	sp,sp,16
    4f7e:	a16fb06f          	j	194 <__riscv_restore_0>
    4f82:	4401                	li	s0,0
    4f84:	bfdd                	j	4f7a <netif_add+0x4e>

00004f86 <netif_set_default>:
    4f86:	8ea1aa23          	sw	a0,-1804(gp) # 200002d4 <netif_default>
    4f8a:	8082                	ret

00004f8c <netif_is_up>:
    4f8c:	03254503          	lbu	a0,50(a0)
    4f90:	8905                	andi	a0,a0,1
    4f92:	8082                	ret

00004f94 <pbuf_header>:
    4f94:	87aa                	mv	a5,a0
    4f96:	4501                	li	a0,0
    4f98:	c5a5                	beqz	a1,5000 <pbuf_header+0x6c>
    4f9a:	c3bd                	beqz	a5,5000 <pbuf_header+0x6c>
    4f9c:	01059613          	slli	a2,a1,0x10
    4fa0:	8241                	srli	a2,a2,0x10
    4fa2:	8832                	mv	a6,a2
    4fa4:	0005db63          	bgez	a1,4fba <pbuf_header+0x26>
    4fa8:	40c00833          	neg	a6,a2
    4fac:	27ba                	lhu	a4,10(a5)
    4fae:	0842                	slli	a6,a6,0x10
    4fb0:	01085813          	srli	a6,a6,0x10
    4fb4:	4505                	li	a0,1
    4fb6:	05076563          	bltu	a4,a6,5000 <pbuf_header+0x6c>
    4fba:	27d4                	lbu	a3,12(a5)
    4fbc:	43d8                	lw	a4,4(a5)
    4fbe:	c681                	beqz	a3,4fc6 <pbuf_header+0x32>
    4fc0:	450d                	li	a0,3
    4fc2:	02a69163          	bne	a3,a0,4fe4 <pbuf_header+0x50>
    4fc6:	8f0d                	sub	a4,a4,a1
    4fc8:	01078693          	addi	a3,a5,16
    4fcc:	4505                	li	a0,1
    4fce:	02d76963          	bltu	a4,a3,5000 <pbuf_header+0x6c>
    4fd2:	c3d8                	sw	a4,4(a5)
    4fd4:	27ba                	lhu	a4,10(a5)
    4fd6:	4501                	li	a0,0
    4fd8:	9732                	add	a4,a4,a2
    4fda:	a7ba                	sh	a4,10(a5)
    4fdc:	279a                	lhu	a4,8(a5)
    4fde:	963a                	add	a2,a2,a4
    4fe0:	a792                	sh	a2,8(a5)
    4fe2:	8082                	ret
    4fe4:	16fd                	addi	a3,a3,-1
    4fe6:	06c2                	slli	a3,a3,0x10
    4fe8:	82c1                	srli	a3,a3,0x10
    4fea:	4885                	li	a7,1
    4fec:	4505                	li	a0,1
    4fee:	00d8e963          	bltu	a7,a3,5000 <pbuf_header+0x6c>
    4ff2:	0005d763          	bgez	a1,5000 <pbuf_header+0x6c>
    4ff6:	27b6                	lhu	a3,10(a5)
    4ff8:	0106e463          	bltu	a3,a6,5000 <pbuf_header+0x6c>
    4ffc:	8f0d                	sub	a4,a4,a1
    4ffe:	bfd1                	j	4fd2 <pbuf_header+0x3e>
    5000:	8082                	ret

00005002 <pbuf_free>:
    5002:	954fb2ef          	jal	t0,156 <__riscv_save_4>
    5006:	4401                	li	s0,0
    5008:	cd0d                	beqz	a0,5042 <pbuf_free+0x40>
    500a:	85aa                	mv	a1,a0
    500c:	4401                	li	s0,0
    500e:	490d                	li	s2,3
    5010:	4985                	li	s3,1
    5012:	25fe                	lhu	a5,14(a1)
    5014:	17fd                	addi	a5,a5,-1
    5016:	07c2                	slli	a5,a5,0x10
    5018:	83c1                	srli	a5,a5,0x10
    501a:	a5fe                	sh	a5,14(a1)
    501c:	e39d                	bnez	a5,5042 <pbuf_free+0x40>
    501e:	25dc                	lbu	a5,12(a1)
    5020:	4184                	lw	s1,0(a1)
    5022:	451d                	li	a0,7
    5024:	01278863          	beq	a5,s2,5034 <pbuf_free+0x32>
    5028:	17fd                	addi	a5,a5,-1
    502a:	07c2                	slli	a5,a5,0x10
    502c:	83c1                	srli	a5,a5,0x10
    502e:	00f9ed63          	bltu	s3,a5,5048 <pbuf_free+0x46>
    5032:	4519                	li	a0,6
    5034:	dfdff0ef          	jal	ra,4e30 <memp_free>
    5038:	0405                	addi	s0,s0,1
    503a:	0ff47413          	andi	s0,s0,255
    503e:	85a6                	mv	a1,s1
    5040:	f8e9                	bnez	s1,5012 <pbuf_free+0x10>
    5042:	8522                	mv	a0,s0
    5044:	946fb06f          	j	18a <__riscv_restore_4>
    5048:	852e                	mv	a0,a1
    504a:	b59ff0ef          	jal	ra,4ba2 <mem_free>
    504e:	b7ed                	j	5038 <pbuf_free+0x36>

00005050 <pbuf_alloc>:
    5050:	906fb2ef          	jal	t0,156 <__riscv_save_4>
    5054:	4785                	li	a5,1
    5056:	00f50d63          	beq	a0,a5,5070 <pbuf_alloc+0x20>
    505a:	c531                	beqz	a0,50a6 <pbuf_alloc+0x56>
    505c:	4789                	li	a5,2
    505e:	04f50663          	beq	a0,a5,50aa <pbuf_alloc+0x5a>
    5062:	478d                	li	a5,3
    5064:	04f50563          	beq	a0,a5,50ae <pbuf_alloc+0x5e>
    5068:	4401                	li	s0,0
    506a:	8522                	mv	a0,s0
    506c:	91efb06f          	j	18a <__riscv_restore_4>
    5070:	4481                	li	s1,0
    5072:	04d1                	addi	s1,s1,20
    5074:	04b9                	addi	s1,s1,14
    5076:	04c2                	slli	s1,s1,0x10
    5078:	80c1                	srli	s1,s1,0x10
    507a:	4789                	li	a5,2
    507c:	89b2                	mv	s3,a2
    507e:	892e                	mv	s2,a1
    5080:	02c7e963          	bltu	a5,a2,50b2 <pbuf_alloc+0x62>
    5084:	ca79                	beqz	a2,515a <pbuf_alloc+0x10a>
    5086:	4519                	li	a0,6
    5088:	d89ff0ef          	jal	ra,4e10 <memp_malloc>
    508c:	842a                	mv	s0,a0
    508e:	dd69                	beqz	a0,5068 <pbuf_alloc+0x18>
    5090:	00052223          	sw	zero,4(a0)
    5094:	01251423          	sh	s2,8(a0)
    5098:	01251523          	sh	s2,10(a0)
    509c:	00052023          	sw	zero,0(a0)
    50a0:	01350623          	sb	s3,12(a0)
    50a4:	a0b5                	j	5110 <pbuf_alloc+0xc0>
    50a6:	44d1                	li	s1,20
    50a8:	b7e9                	j	5072 <pbuf_alloc+0x22>
    50aa:	4481                	li	s1,0
    50ac:	b7e1                	j	5074 <pbuf_alloc+0x24>
    50ae:	4481                	li	s1,0
    50b0:	b7e9                	j	507a <pbuf_alloc+0x2a>
    50b2:	478d                	li	a5,3
    50b4:	4401                	li	s0,0
    50b6:	faf61ae3          	bne	a2,a5,506a <pbuf_alloc+0x1a>
    50ba:	451d                	li	a0,7
    50bc:	d55ff0ef          	jal	ra,4e10 <memp_malloc>
    50c0:	842a                	mv	s0,a0
    50c2:	d15d                	beqz	a0,5068 <pbuf_alloc+0x18>
    50c4:	009507b3          	add	a5,a0,s1
    50c8:	07cd                	addi	a5,a5,19
    50ca:	9bf1                	andi	a5,a5,-4
    50cc:	20007737          	lui	a4,0x20007
    50d0:	c15c                	sw	a5,4(a0)
    50d2:	a4c70793          	addi	a5,a4,-1460 # 20006a4c <WCHCfg>
    50d6:	43dc                	lw	a5,4(a5)
    50d8:	048d                	addi	s1,s1,3
    50da:	98f1                	andi	s1,s1,-4
    50dc:	03978793          	addi	a5,a5,57
    50e0:	9bf1                	andi	a5,a5,-4
    50e2:	01350623          	sb	s3,12(a0)
    50e6:	00052023          	sw	zero,0(a0)
    50ea:	01251423          	sh	s2,8(a0)
    50ee:	409784b3          	sub	s1,a5,s1
    50f2:	a4c70993          	addi	s3,a4,-1460
    50f6:	00997363          	bgeu	s2,s1,50fc <pbuf_alloc+0xac>
    50fa:	84ca                	mv	s1,s2
    50fc:	4785                	li	a5,1
    50fe:	a426                	sh	s1,10(s0)
    5100:	a47e                	sh	a5,14(s0)
    5102:	409904b3          	sub	s1,s2,s1
    5106:	4a0d                	li	s4,3
    5108:	8922                	mv	s2,s0
    510a:	4a85                	li	s5,1
    510c:	00904763          	bgtz	s1,511a <pbuf_alloc+0xca>
    5110:	4785                	li	a5,1
    5112:	a47e                	sh	a5,14(s0)
    5114:	000406a3          	sb	zero,13(s0)
    5118:	bf89                	j	506a <pbuf_alloc+0x1a>
    511a:	451d                	li	a0,7
    511c:	cf5ff0ef          	jal	ra,4e10 <memp_malloc>
    5120:	e509                	bnez	a0,512a <pbuf_alloc+0xda>
    5122:	8522                	mv	a0,s0
    5124:	edfff0ef          	jal	ra,5002 <pbuf_free>
    5128:	b781                	j	5068 <pbuf_alloc+0x18>
    512a:	0049a783          	lw	a5,4(s3)
    512e:	01451623          	sh	s4,12(a0)
    5132:	00052023          	sw	zero,0(a0)
    5136:	00a92023          	sw	a0,0(s2)
    513a:	03978793          	addi	a5,a5,57
    513e:	a506                	sh	s1,8(a0)
    5140:	9bf1                	andi	a5,a5,-4
    5142:	00f4f363          	bgeu	s1,a5,5148 <pbuf_alloc+0xf8>
    5146:	87a6                	mv	a5,s1
    5148:	01050713          	addi	a4,a0,16
    514c:	a53e                	sh	a5,10(a0)
    514e:	c158                	sw	a4,4(a0)
    5150:	01551723          	sh	s5,14(a0)
    5154:	8c9d                	sub	s1,s1,a5
    5156:	892a                	mv	s2,a0
    5158:	bf55                	j	510c <pbuf_alloc+0xbc>
    515a:	00358793          	addi	a5,a1,3
    515e:	01348513          	addi	a0,s1,19
    5162:	9bf1                	andi	a5,a5,-4
    5164:	9971                	andi	a0,a0,-4
    5166:	953e                	add	a0,a0,a5
    5168:	0542                	slli	a0,a0,0x10
    516a:	8141                	srli	a0,a0,0x10
    516c:	b85ff0ef          	jal	ra,4cf0 <mem_malloc>
    5170:	842a                	mv	s0,a0
    5172:	ee050be3          	beqz	a0,5068 <pbuf_alloc+0x18>
    5176:	94aa                	add	s1,s1,a0
    5178:	04cd                	addi	s1,s1,19
    517a:	98f1                	andi	s1,s1,-4
    517c:	c144                	sw	s1,4(a0)
    517e:	01251423          	sh	s2,8(a0)
    5182:	01251523          	sh	s2,10(a0)
    5186:	00052023          	sw	zero,0(a0)
    518a:	00050623          	sb	zero,12(a0)
    518e:	b749                	j	5110 <pbuf_alloc+0xc0>

00005190 <pbuf_realloc>:
    5190:	251e                	lhu	a5,8(a0)
    5192:	04f5fa63          	bgeu	a1,a5,51e6 <pbuf_realloc+0x56>
    5196:	fdbfa2ef          	jal	t0,170 <__riscv_save_0>
    519a:	842a                	mv	s0,a0
    519c:	84ae                	mv	s1,a1
    519e:	40f587b3          	sub	a5,a1,a5
    51a2:	242e                	lhu	a1,10(s0)
    51a4:	0295e963          	bltu	a1,s1,51d6 <pbuf_realloc+0x46>
    51a8:	245c                	lbu	a5,12(s0)
    51aa:	ef81                	bnez	a5,51c2 <pbuf_realloc+0x32>
    51ac:	00958b63          	beq	a1,s1,51c2 <pbuf_realloc+0x32>
    51b0:	404c                	lw	a1,4(s0)
    51b2:	8522                	mv	a0,s0
    51b4:	8d81                	sub	a1,a1,s0
    51b6:	95a6                	add	a1,a1,s1
    51b8:	05c2                	slli	a1,a1,0x10
    51ba:	81c1                	srli	a1,a1,0x10
    51bc:	a6bff0ef          	jal	ra,4c26 <mem_realloc>
    51c0:	842a                	mv	s0,a0
    51c2:	4008                	lw	a0,0(s0)
    51c4:	a426                	sh	s1,10(s0)
    51c6:	a406                	sh	s1,8(s0)
    51c8:	c119                	beqz	a0,51ce <pbuf_realloc+0x3e>
    51ca:	e39ff0ef          	jal	ra,5002 <pbuf_free>
    51ce:	00042023          	sw	zero,0(s0)
    51d2:	fc3fa06f          	j	194 <__riscv_restore_0>
    51d6:	241a                	lhu	a4,8(s0)
    51d8:	8c8d                	sub	s1,s1,a1
    51da:	04c2                	slli	s1,s1,0x10
    51dc:	973e                	add	a4,a4,a5
    51de:	a41a                	sh	a4,8(s0)
    51e0:	80c1                	srli	s1,s1,0x10
    51e2:	4000                	lw	s0,0(s0)
    51e4:	bf7d                	j	51a2 <pbuf_realloc+0x12>
    51e6:	8082                	ret

000051e8 <pbuf_clen>:
    51e8:	4781                	li	a5,0
    51ea:	e119                	bnez	a0,51f0 <pbuf_clen+0x8>
    51ec:	853e                	mv	a0,a5
    51ee:	8082                	ret
    51f0:	0785                	addi	a5,a5,1
    51f2:	0ff7f793          	andi	a5,a5,255
    51f6:	4108                	lw	a0,0(a0)
    51f8:	bfcd                	j	51ea <pbuf_clen+0x2>

000051fa <pbuf_ref>:
    51fa:	c501                	beqz	a0,5202 <pbuf_ref+0x8>
    51fc:	257e                	lhu	a5,14(a0)
    51fe:	0785                	addi	a5,a5,1
    5200:	a57e                	sh	a5,14(a0)
    5202:	8082                	ret

00005204 <pbuf_cat>:
    5204:	cd09                	beqz	a0,521e <pbuf_cat+0x1a>
    5206:	e199                	bnez	a1,520c <pbuf_cat+0x8>
    5208:	8082                	ret
    520a:	853a                	mv	a0,a4
    520c:	259e                	lhu	a5,8(a1)
    520e:	2516                	lhu	a3,8(a0)
    5210:	4118                	lw	a4,0(a0)
    5212:	97b6                	add	a5,a5,a3
    5214:	07c2                	slli	a5,a5,0x10
    5216:	83c1                	srli	a5,a5,0x10
    5218:	a51e                	sh	a5,8(a0)
    521a:	fb65                	bnez	a4,520a <pbuf_cat+0x6>
    521c:	c10c                	sw	a1,0(a0)
    521e:	8082                	ret

00005220 <pbuf_chain>:
    5220:	f51fa2ef          	jal	t0,170 <__riscv_save_0>
    5224:	842e                	mv	s0,a1
    5226:	fdfff0ef          	jal	ra,5204 <pbuf_cat>
    522a:	8522                	mv	a0,s0
    522c:	fcfff0ef          	jal	ra,51fa <pbuf_ref>
    5230:	f65fa06f          	j	194 <__riscv_restore_0>

00005234 <pbuf_copy>:
    5234:	cd3d                	beqz	a0,52b2 <pbuf_copy+0x7e>
    5236:	f21fa2ef          	jal	t0,156 <__riscv_save_4>
    523a:	842a                	mv	s0,a0
    523c:	84ae                	mv	s1,a1
    523e:	5559                	li	a0,-10
    5240:	c5ad                	beqz	a1,52aa <pbuf_copy+0x76>
    5242:	241a                	lhu	a4,8(s0)
    5244:	259e                	lhu	a5,8(a1)
    5246:	06f76263          	bltu	a4,a5,52aa <pbuf_copy+0x76>
    524a:	4901                	li	s2,0
    524c:	4a01                	li	s4,0
    524e:	00a45983          	lhu	s3,10(s0)
    5252:	24be                	lhu	a5,10(s1)
    5254:	414989b3          	sub	s3,s3,s4
    5258:	412787b3          	sub	a5,a5,s2
    525c:	04f9c963          	blt	s3,a5,52ae <pbuf_copy+0x7a>
    5260:	01079993          	slli	s3,a5,0x10
    5264:	4048                	lw	a0,4(s0)
    5266:	40cc                	lw	a1,4(s1)
    5268:	0109d993          	srli	s3,s3,0x10
    526c:	9552                	add	a0,a0,s4
    526e:	95ca                	add	a1,a1,s2
    5270:	864e                	mv	a2,s3
    5272:	786030ef          	jal	ra,89f8 <memcpy>
    5276:	9a4e                	add	s4,s4,s3
    5278:	243e                	lhu	a5,10(s0)
    527a:	0a42                	slli	s4,s4,0x10
    527c:	994e                	add	s2,s2,s3
    527e:	0942                	slli	s2,s2,0x10
    5280:	010a5a13          	srli	s4,s4,0x10
    5284:	01095913          	srli	s2,s2,0x10
    5288:	01479463          	bne	a5,s4,5290 <pbuf_copy+0x5c>
    528c:	4000                	lw	s0,0(s0)
    528e:	4a01                	li	s4,0
    5290:	24be                	lhu	a5,10(s1)
    5292:	00f96563          	bltu	s2,a5,529c <pbuf_copy+0x68>
    5296:	4084                	lw	s1,0(s1)
    5298:	cc99                	beqz	s1,52b6 <pbuf_copy+0x82>
    529a:	4901                	li	s2,0
    529c:	24ba                	lhu	a4,10(s1)
    529e:	249e                	lhu	a5,8(s1)
    52a0:	02f71663          	bne	a4,a5,52cc <pbuf_copy+0x98>
    52a4:	409c                	lw	a5,0(s1)
    52a6:	c39d                	beqz	a5,52cc <pbuf_copy+0x98>
    52a8:	555d                	li	a0,-9
    52aa:	ee1fa06f          	j	18a <__riscv_restore_4>
    52ae:	09c2                	slli	s3,s3,0x10
    52b0:	bf55                	j	5264 <pbuf_copy+0x30>
    52b2:	5559                	li	a0,-10
    52b4:	8082                	ret
    52b6:	c809                	beqz	s0,52c8 <pbuf_copy+0x94>
    52b8:	4901                	li	s2,0
    52ba:	243a                	lhu	a4,10(s0)
    52bc:	241e                	lhu	a5,8(s0)
    52be:	00f71463          	bne	a4,a5,52c6 <pbuf_copy+0x92>
    52c2:	401c                	lw	a5,0(s0)
    52c4:	f3f5                	bnez	a5,52a8 <pbuf_copy+0x74>
    52c6:	f4c1                	bnez	s1,524e <pbuf_copy+0x1a>
    52c8:	4501                	li	a0,0
    52ca:	b7c5                	j	52aa <pbuf_copy+0x76>
    52cc:	f47d                	bnez	s0,52ba <pbuf_copy+0x86>
    52ce:	b741                	j	524e <pbuf_copy+0x1a>

000052d0 <raw_input>:
    52d0:	e87fa2ef          	jal	t0,156 <__riscv_save_4>
    52d4:	00452903          	lw	s2,4(a0)
    52d8:	89aa                	mv	s3,a0
    52da:	00994783          	lbu	a5,9(s2)
    52de:	00894503          	lbu	a0,8(s2)
    52e2:	4a01                	li	s4,0
    52e4:	07a2                	slli	a5,a5,0x8
    52e6:	8d5d                	or	a0,a0,a5
    52e8:	94dfe0ef          	jal	ra,3c34 <ntohs>
    52ec:	0ff57a93          	andi	s5,a0,255
    52f0:	9001a403          	lw	s0,-1792(gp) # 200002e0 <raw_pcbs>
    52f4:	0931                	addi	s2,s2,12
    52f6:	90018493          	addi	s1,gp,-1792 # 200002e0 <raw_pcbs>
    52fa:	e401                	bnez	s0,5302 <raw_input+0x32>
    52fc:	4501                	li	a0,0
    52fe:	e8dfa06f          	j	18a <__riscv_restore_4>
    5302:	281c                	lbu	a5,16(s0)
    5304:	4501                	li	a0,0
    5306:	03579463          	bne	a5,s5,532e <raw_input+0x5e>
    530a:	485c                	lw	a5,20(s0)
    530c:	c38d                	beqz	a5,532e <raw_input+0x5e>
    530e:	4c08                	lw	a0,24(s0)
    5310:	86ca                	mv	a3,s2
    5312:	864e                	mv	a2,s3
    5314:	85a2                	mv	a1,s0
    5316:	9782                	jalr	a5
    5318:	c919                	beqz	a0,532e <raw_input+0x5e>
    531a:	000a0863          	beqz	s4,532a <raw_input+0x5a>
    531e:	445c                	lw	a5,12(s0)
    5320:	00fa2623          	sw	a5,12(s4)
    5324:	409c                	lw	a5,0(s1)
    5326:	c080                	sw	s0,0(s1)
    5328:	c45c                	sw	a5,12(s0)
    532a:	4505                	li	a0,1
    532c:	4981                	li	s3,0
    532e:	445c                	lw	a5,12(s0)
    5330:	8a22                	mv	s4,s0
    5332:	f571                	bnez	a0,52fe <raw_input+0x2e>
    5334:	843e                	mv	s0,a5
    5336:	b7d1                	j	52fa <raw_input+0x2a>

00005338 <raw_bind>:
    5338:	4781                	li	a5,0
    533a:	c999                	beqz	a1,5350 <raw_bind+0x18>
    533c:	3198                	lbu	a4,1(a1)
    533e:	219c                	lbu	a5,0(a1)
    5340:	0722                	slli	a4,a4,0x8
    5342:	8f5d                	or	a4,a4,a5
    5344:	21bc                	lbu	a5,2(a1)
    5346:	07c2                	slli	a5,a5,0x10
    5348:	8f5d                	or	a4,a4,a5
    534a:	31bc                	lbu	a5,3(a1)
    534c:	07e2                	slli	a5,a5,0x18
    534e:	8fd9                	or	a5,a5,a4
    5350:	c11c                	sw	a5,0(a0)
    5352:	4501                	li	a0,0
    5354:	8082                	ret

00005356 <raw_connect>:
    5356:	4781                	li	a5,0
    5358:	c999                	beqz	a1,536e <raw_connect+0x18>
    535a:	3198                	lbu	a4,1(a1)
    535c:	219c                	lbu	a5,0(a1)
    535e:	0722                	slli	a4,a4,0x8
    5360:	8f5d                	or	a4,a4,a5
    5362:	21bc                	lbu	a5,2(a1)
    5364:	07c2                	slli	a5,a5,0x10
    5366:	8f5d                	or	a4,a4,a5
    5368:	31bc                	lbu	a5,3(a1)
    536a:	07e2                	slli	a5,a5,0x18
    536c:	8fd9                	or	a5,a5,a4
    536e:	c15c                	sw	a5,4(a0)
    5370:	4501                	li	a0,0
    5372:	8082                	ret

00005374 <raw_recv>:
    5374:	c94c                	sw	a1,20(a0)
    5376:	cd10                	sw	a2,24(a0)
    5378:	8082                	ret

0000537a <raw_sendto>:
    537a:	dddfa2ef          	jal	t0,156 <__riscv_save_4>
    537e:	84ae                	mv	s1,a1
    5380:	892a                	mv	s2,a0
    5382:	45d1                	li	a1,20
    5384:	8526                	mv	a0,s1
    5386:	89b2                	mv	s3,a2
    5388:	c0dff0ef          	jal	ra,4f94 <pbuf_header>
    538c:	c915                	beqz	a0,53c0 <raw_sendto+0x46>
    538e:	4601                	li	a2,0
    5390:	4581                	li	a1,0
    5392:	4505                	li	a0,1
    5394:	cbdff0ef          	jal	ra,5050 <pbuf_alloc>
    5398:	842a                	mv	s0,a0
    539a:	e509                	bnez	a0,53a4 <raw_sendto+0x2a>
    539c:	597d                	li	s2,-1
    539e:	854a                	mv	a0,s2
    53a0:	debfa06f          	j	18a <__riscv_restore_4>
    53a4:	85a6                	mv	a1,s1
    53a6:	e7bff0ef          	jal	ra,5220 <pbuf_chain>
    53aa:	854e                	mv	a0,s3
    53ac:	8c7fe0ef          	jal	ra,3c72 <ip_route>
    53b0:	ed19                	bnez	a0,53ce <raw_sendto+0x54>
    53b2:	5971                	li	s2,-4
    53b4:	fe9405e3          	beq	s0,s1,539e <raw_sendto+0x24>
    53b8:	8522                	mv	a0,s0
    53ba:	c49ff0ef          	jal	ra,5002 <pbuf_free>
    53be:	b7c5                	j	539e <raw_sendto+0x24>
    53c0:	55b1                	li	a1,-20
    53c2:	8526                	mv	a0,s1
    53c4:	bd1ff0ef          	jal	ra,4f94 <pbuf_header>
    53c8:	f971                	bnez	a0,539c <raw_sendto+0x22>
    53ca:	8426                	mv	s0,s1
    53cc:	bff9                	j	53aa <raw_sendto+0x30>
    53ce:	85ca                	mv	a1,s2
    53d0:	00090563          	beqz	s2,53da <raw_sendto+0x60>
    53d4:	00092783          	lw	a5,0(s2)
    53d8:	e399                	bnez	a5,53de <raw_sendto+0x64>
    53da:	00450593          	addi	a1,a0,4
    53de:	01094783          	lbu	a5,16(s2)
    53e2:	00a94703          	lbu	a4,10(s2)
    53e6:	00b94683          	lbu	a3,11(s2)
    53ea:	882a                	mv	a6,a0
    53ec:	864e                	mv	a2,s3
    53ee:	8522                	mv	a0,s0
    53f0:	b69fe0ef          	jal	ra,3f58 <ip_output_if>
    53f4:	892a                	mv	s2,a0
    53f6:	bf7d                	j	53b4 <raw_sendto+0x3a>

000053f8 <raw_send>:
    53f8:	d79fa2ef          	jal	t0,170 <__riscv_save_0>
    53fc:	00450613          	addi	a2,a0,4
    5400:	f7bff0ef          	jal	ra,537a <raw_sendto>
    5404:	d91fa06f          	j	194 <__riscv_restore_0>

00005408 <raw_remove>:
    5408:	d69fa2ef          	jal	t0,170 <__riscv_save_0>
    540c:	90018713          	addi	a4,gp,-1792 # 200002e0 <raw_pcbs>
    5410:	431c                	lw	a5,0(a4)
    5412:	85aa                	mv	a1,a0
    5414:	02a79063          	bne	a5,a0,5434 <raw_remove+0x2c>
    5418:	455c                	lw	a5,12(a0)
    541a:	c31c                	sw	a5,0(a4)
    541c:	4501                	li	a0,0
    541e:	a13ff0ef          	jal	ra,4e30 <memp_free>
    5422:	d73fa06f          	j	194 <__riscv_restore_0>
    5426:	47d8                	lw	a4,12(a5)
    5428:	c709                	beqz	a4,5432 <raw_remove+0x2a>
    542a:	00b71463          	bne	a4,a1,5432 <raw_remove+0x2a>
    542e:	45d8                	lw	a4,12(a1)
    5430:	c7d8                	sw	a4,12(a5)
    5432:	47dc                	lw	a5,12(a5)
    5434:	fbed                	bnez	a5,5426 <raw_remove+0x1e>
    5436:	b7dd                	j	541c <raw_remove+0x14>

00005438 <raw_new>:
    5438:	d39fa2ef          	jal	t0,170 <__riscv_save_0>
    543c:	84aa                	mv	s1,a0
    543e:	4501                	li	a0,0
    5440:	9d1ff0ef          	jal	ra,4e10 <memp_malloc>
    5444:	842a                	mv	s0,a0
    5446:	cd11                	beqz	a0,5462 <raw_new+0x2a>
    5448:	4671                	li	a2,28
    544a:	4581                	li	a1,0
    544c:	d55fa0ef          	jal	ra,1a0 <memset>
    5450:	f8000793          	li	a5,-128
    5454:	b43c                	sb	a5,11(s0)
    5456:	90018793          	addi	a5,gp,-1792 # 200002e0 <raw_pcbs>
    545a:	4398                	lw	a4,0(a5)
    545c:	a804                	sb	s1,16(s0)
    545e:	c380                	sw	s0,0(a5)
    5460:	c458                	sw	a4,12(s0)
    5462:	8522                	mv	a0,s0
    5464:	d31fa06f          	j	194 <__riscv_restore_0>

00005468 <tcp_new_port>:
    5468:	9041a683          	lw	a3,-1788(gp) # 200002e4 <tcp_active_pcbs>
    546c:	91c1a603          	lw	a2,-1764(gp) # 200002fc <tcp_tw_pcbs>
    5470:	90c1a583          	lw	a1,-1780(gp) # 200002ec <tcp_listen_pcbs>
    5474:	83c1d503          	lhu	a0,-1988(gp) # 2000021c <port.3018>
    5478:	83c18793          	addi	a5,gp,-1988 # 2000021c <port.3018>
    547c:	00150713          	addi	a4,a0,1
    5480:	01071513          	slli	a0,a4,0x10
    5484:	01071813          	slli	a6,a4,0x10
    5488:	8141                	srli	a0,a0,0x10
    548a:	00085363          	bgez	a6,5490 <tcp_new_port+0x28>
    548e:	6505                	lui	a0,0x1
    5490:	8736                	mv	a4,a3
    5492:	e719                	bnez	a4,54a0 <tcp_new_port+0x38>
    5494:	8732                	mv	a4,a2
    5496:	eb19                	bnez	a4,54ac <tcp_new_port+0x44>
    5498:	872e                	mv	a4,a1
    549a:	ef19                	bnez	a4,54b8 <tcp_new_port+0x50>
    549c:	a38a                	sh	a0,0(a5)
    549e:	8082                	ret
    54a0:	01c75803          	lhu	a6,28(a4)
    54a4:	fca80ce3          	beq	a6,a0,547c <tcp_new_port+0x14>
    54a8:	4758                	lw	a4,12(a4)
    54aa:	b7e5                	j	5492 <tcp_new_port+0x2a>
    54ac:	01c75803          	lhu	a6,28(a4)
    54b0:	fca806e3          	beq	a6,a0,547c <tcp_new_port+0x14>
    54b4:	4758                	lw	a4,12(a4)
    54b6:	b7c5                	j	5496 <tcp_new_port+0x2e>
    54b8:	01c75803          	lhu	a6,28(a4)
    54bc:	fca800e3          	beq	a6,a0,547c <tcp_new_port+0x14>
    54c0:	4758                	lw	a4,12(a4)
    54c2:	bfe1                	j	549a <tcp_new_port+0x32>

000054c4 <tcp_bind>:
    54c4:	491c                	lw	a5,16(a0)
    54c6:	10079663          	bnez	a5,55d2 <tcp_bind+0x10e>
    54ca:	c8dfa2ef          	jal	t0,156 <__riscv_save_4>
    54ce:	1141                	addi	sp,sp,-16
    54d0:	84aa                	mv	s1,a0
    54d2:	8432                	mv	s0,a2
    54d4:	e611                	bnez	a2,54e0 <tcp_bind+0x1c>
    54d6:	c62e                	sw	a1,12(sp)
    54d8:	f91ff0ef          	jal	ra,5468 <tcp_new_port>
    54dc:	45b2                	lw	a1,12(sp)
    54de:	842a                	mv	s0,a0
    54e0:	90c1a703          	lw	a4,-1780(gp) # 200002ec <tcp_listen_pcbs>
    54e4:	e731                	bnez	a4,5530 <tcp_bind+0x6c>
    54e6:	9041a703          	lw	a4,-1788(gp) # 200002e4 <tcp_active_pcbs>
    54ea:	eb25                	bnez	a4,555a <tcp_bind+0x96>
    54ec:	9081a983          	lw	s3,-1784(gp) # 200002e8 <tcp_bound_pcbs>
    54f0:	90818913          	addi	s2,gp,-1784 # 200002e8 <tcp_bound_pcbs>
    54f4:	874e                	mv	a4,s3
    54f6:	e759                	bnez	a4,5584 <tcp_bind+0xc0>
    54f8:	91c1a783          	lw	a5,-1764(gp) # 200002fc <tcp_tw_pcbs>
    54fc:	ebcd                	bnez	a5,55ae <tcp_bind+0xea>
    54fe:	c185                	beqz	a1,551e <tcp_bind+0x5a>
    5500:	3198                	lbu	a4,1(a1)
    5502:	219c                	lbu	a5,0(a1)
    5504:	0722                	slli	a4,a4,0x8
    5506:	8f5d                	or	a4,a4,a5
    5508:	21bc                	lbu	a5,2(a1)
    550a:	07c2                	slli	a5,a5,0x10
    550c:	8f5d                	or	a4,a4,a5
    550e:	31bc                	lbu	a5,3(a1)
    5510:	07e2                	slli	a5,a5,0x18
    5512:	8fd9                	or	a5,a5,a4
    5514:	c789                	beqz	a5,551e <tcp_bind+0x5a>
    5516:	4611                	li	a2,4
    5518:	8526                	mv	a0,s1
    551a:	4de030ef          	jal	ra,89f8 <memcpy>
    551e:	acc2                	sh	s0,28(s1)
    5520:	0134a623          	sw	s3,12(s1)
    5524:	00992023          	sw	s1,0(s2)
    5528:	4501                	li	a0,0
    552a:	0141                	addi	sp,sp,16
    552c:	c5ffa06f          	j	18a <__riscv_restore_4>
    5530:	2f5e                	lhu	a5,28(a4)
    5532:	02879263          	bne	a5,s0,5556 <tcp_bind+0x92>
    5536:	4310                	lw	a2,0(a4)
    5538:	ce59                	beqz	a2,55d6 <tcp_bind+0x112>
    553a:	cdd1                	beqz	a1,55d6 <tcp_bind+0x112>
    553c:	3194                	lbu	a3,1(a1)
    553e:	219c                	lbu	a5,0(a1)
    5540:	06a2                	slli	a3,a3,0x8
    5542:	8edd                	or	a3,a3,a5
    5544:	21bc                	lbu	a5,2(a1)
    5546:	07c2                	slli	a5,a5,0x10
    5548:	8edd                	or	a3,a3,a5
    554a:	31bc                	lbu	a5,3(a1)
    554c:	07e2                	slli	a5,a5,0x18
    554e:	8fd5                	or	a5,a5,a3
    5550:	c3d9                	beqz	a5,55d6 <tcp_bind+0x112>
    5552:	08f60263          	beq	a2,a5,55d6 <tcp_bind+0x112>
    5556:	4758                	lw	a4,12(a4)
    5558:	b771                	j	54e4 <tcp_bind+0x20>
    555a:	2f5e                	lhu	a5,28(a4)
    555c:	02879263          	bne	a5,s0,5580 <tcp_bind+0xbc>
    5560:	4310                	lw	a2,0(a4)
    5562:	ca35                	beqz	a2,55d6 <tcp_bind+0x112>
    5564:	c9ad                	beqz	a1,55d6 <tcp_bind+0x112>
    5566:	3194                	lbu	a3,1(a1)
    5568:	219c                	lbu	a5,0(a1)
    556a:	06a2                	slli	a3,a3,0x8
    556c:	8edd                	or	a3,a3,a5
    556e:	21bc                	lbu	a5,2(a1)
    5570:	07c2                	slli	a5,a5,0x10
    5572:	8edd                	or	a3,a3,a5
    5574:	31bc                	lbu	a5,3(a1)
    5576:	07e2                	slli	a5,a5,0x18
    5578:	8fd5                	or	a5,a5,a3
    557a:	cfb1                	beqz	a5,55d6 <tcp_bind+0x112>
    557c:	04f60d63          	beq	a2,a5,55d6 <tcp_bind+0x112>
    5580:	4758                	lw	a4,12(a4)
    5582:	b7a5                	j	54ea <tcp_bind+0x26>
    5584:	2f5e                	lhu	a5,28(a4)
    5586:	02879263          	bne	a5,s0,55aa <tcp_bind+0xe6>
    558a:	4310                	lw	a2,0(a4)
    558c:	c629                	beqz	a2,55d6 <tcp_bind+0x112>
    558e:	c5a1                	beqz	a1,55d6 <tcp_bind+0x112>
    5590:	3194                	lbu	a3,1(a1)
    5592:	219c                	lbu	a5,0(a1)
    5594:	06a2                	slli	a3,a3,0x8
    5596:	8edd                	or	a3,a3,a5
    5598:	21bc                	lbu	a5,2(a1)
    559a:	07c2                	slli	a5,a5,0x10
    559c:	8edd                	or	a3,a3,a5
    559e:	31bc                	lbu	a5,3(a1)
    55a0:	07e2                	slli	a5,a5,0x18
    55a2:	8fd5                	or	a5,a5,a3
    55a4:	cb8d                	beqz	a5,55d6 <tcp_bind+0x112>
    55a6:	02f60863          	beq	a2,a5,55d6 <tcp_bind+0x112>
    55aa:	4758                	lw	a4,12(a4)
    55ac:	b7a9                	j	54f6 <tcp_bind+0x32>
    55ae:	2fda                	lhu	a4,28(a5)
    55b0:	00871f63          	bne	a4,s0,55ce <tcp_bind+0x10a>
    55b4:	3194                	lbu	a3,1(a1)
    55b6:	2198                	lbu	a4,0(a1)
    55b8:	06a2                	slli	a3,a3,0x8
    55ba:	8ed9                	or	a3,a3,a4
    55bc:	21b8                	lbu	a4,2(a1)
    55be:	0742                	slli	a4,a4,0x10
    55c0:	8ed9                	or	a3,a3,a4
    55c2:	31b8                	lbu	a4,3(a1)
    55c4:	0762                	slli	a4,a4,0x18
    55c6:	8f55                	or	a4,a4,a3
    55c8:	4394                	lw	a3,0(a5)
    55ca:	00e68663          	beq	a3,a4,55d6 <tcp_bind+0x112>
    55ce:	47dc                	lw	a5,12(a5)
    55d0:	b735                	j	54fc <tcp_bind+0x38>
    55d2:	554d                	li	a0,-13
    55d4:	8082                	ret
    55d6:	5555                	li	a0,-11
    55d8:	bf89                	j	552a <tcp_bind+0x66>

000055da <tcp_update_rcv_ann_wnd>:
    55da:	87aa                	mv	a5,a0
    55dc:	02c55803          	lhu	a6,44(a0) # 102c <SystemInit+0x26>
    55e0:	5914                	lw	a3,48(a0)
    55e2:	3bd2                	lhu	a2,52(a5)
    55e4:	550c                	lw	a1,40(a0)
    55e6:	0407d883          	lhu	a7,64(a5)
    55ea:	40d80533          	sub	a0,a6,a3
    55ee:	8205                	srli	a2,a2,0x1
    55f0:	952e                	add	a0,a0,a1
    55f2:	8732                	mv	a4,a2
    55f4:	00c8f363          	bgeu	a7,a2,55fa <tcp_update_rcv_ann_wnd+0x20>
    55f8:	8746                	mv	a4,a7
    55fa:	0742                	slli	a4,a4,0x10
    55fc:	8341                	srli	a4,a4,0x10
    55fe:	40e50733          	sub	a4,a0,a4
    5602:	00074563          	bltz	a4,560c <tcp_update_rcv_ann_wnd+0x32>
    5606:	03079723          	sh	a6,46(a5)
    560a:	8082                	ret
    560c:	40d58733          	sub	a4,a1,a3
    5610:	00e05663          	blez	a4,561c <tcp_update_rcv_ann_wnd+0x42>
    5614:	02079723          	sh	zero,46(a5)
    5618:	4501                	li	a0,0
    561a:	8082                	ret
    561c:	8e8d                	sub	a3,a3,a1
    561e:	b7f6                	sh	a3,46(a5)
    5620:	bfe5                	j	5618 <tcp_update_rcv_ann_wnd+0x3e>

00005622 <tcp_recved>:
    5622:	b4ffa2ef          	jal	t0,170 <__riscv_save_0>
    5626:	355e                	lhu	a5,44(a0)
    5628:	842a                	mv	s0,a0
    562a:	95be                	add	a1,a1,a5
    562c:	05c2                	slli	a1,a1,0x10
    562e:	395e                	lhu	a5,52(a0)
    5630:	81c1                	srli	a1,a1,0x10
    5632:	b54e                	sh	a1,44(a0)
    5634:	00b7f363          	bgeu	a5,a1,563a <tcp_recved+0x18>
    5638:	b55e                	sh	a5,44(a0)
    563a:	8522                	mv	a0,s0
    563c:	f9fff0ef          	jal	ra,55da <tcp_update_rcv_ann_wnd>
    5640:	385e                	lhu	a5,52(s0)
    5642:	8389                	srli	a5,a5,0x2
    5644:	00f54b63          	blt	a0,a5,565a <tcp_recved+0x38>
    5648:	02644783          	lbu	a5,38(s0)
    564c:	8522                	mv	a0,s0
    564e:	0027e793          	ori	a5,a5,2
    5652:	02f40323          	sb	a5,38(s0)
    5656:	336020ef          	jal	ra,798c <tcp_output>
    565a:	b3bfa06f          	j	194 <__riscv_restore_0>

0000565e <tcp_seg_free>:
    565e:	b13fa2ef          	jal	t0,170 <__riscv_save_0>
    5662:	1141                	addi	sp,sp,-16
    5664:	4401                	li	s0,0
    5666:	cd09                	beqz	a0,5680 <tcp_seg_free+0x22>
    5668:	85aa                	mv	a1,a0
    566a:	4148                	lw	a0,4(a0)
    566c:	4401                	li	s0,0
    566e:	c511                	beqz	a0,567a <tcp_seg_free+0x1c>
    5670:	c62e                	sw	a1,12(sp)
    5672:	991ff0ef          	jal	ra,5002 <pbuf_free>
    5676:	45b2                	lw	a1,12(sp)
    5678:	842a                	mv	s0,a0
    567a:	4511                	li	a0,4
    567c:	fb4ff0ef          	jal	ra,4e30 <memp_free>
    5680:	8522                	mv	a0,s0
    5682:	0141                	addi	sp,sp,16
    5684:	b11fa06f          	j	194 <__riscv_restore_0>

00005688 <tcp_segs_free>:
    5688:	ae9fa2ef          	jal	t0,170 <__riscv_save_0>
    568c:	4401                	li	s0,0
    568e:	e501                	bnez	a0,5696 <tcp_segs_free+0xe>
    5690:	8522                	mv	a0,s0
    5692:	b03fa06f          	j	194 <__riscv_restore_0>
    5696:	4104                	lw	s1,0(a0)
    5698:	fc7ff0ef          	jal	ra,565e <tcp_seg_free>
    569c:	942a                	add	s0,s0,a0
    569e:	0ff47413          	andi	s0,s0,255
    56a2:	8526                	mv	a0,s1
    56a4:	b7ed                	j	568e <tcp_segs_free+0x6>

000056a6 <tcp_seg_copy>:
    56a6:	acbfa2ef          	jal	t0,170 <__riscv_save_0>
    56aa:	1141                	addi	sp,sp,-16
    56ac:	c62a                	sw	a0,12(sp)
    56ae:	4511                	li	a0,4
    56b0:	f60ff0ef          	jal	ra,4e10 <memp_malloc>
    56b4:	842a                	mv	s0,a0
    56b6:	c901                	beqz	a0,56c6 <tcp_seg_copy+0x20>
    56b8:	45b2                	lw	a1,12(sp)
    56ba:	4651                	li	a2,20
    56bc:	33c030ef          	jal	ra,89f8 <memcpy>
    56c0:	4048                	lw	a0,4(s0)
    56c2:	b39ff0ef          	jal	ra,51fa <pbuf_ref>
    56c6:	8522                	mv	a0,s0
    56c8:	0141                	addi	sp,sp,16
    56ca:	acbfa06f          	j	194 <__riscv_restore_0>

000056ce <tcp_arg>:
    56ce:	cd0c                	sw	a1,24(a0)
    56d0:	8082                	ret

000056d2 <tcp_recv>:
    56d2:	08b52823          	sw	a1,144(a0)
    56d6:	8082                	ret

000056d8 <tcp_sent>:
    56d8:	08b52623          	sw	a1,140(a0)
    56dc:	8082                	ret

000056de <tcp_err>:
    56de:	08b52e23          	sw	a1,156(a0)
    56e2:	8082                	ret

000056e4 <tcp_poll>:
    56e4:	08b52c23          	sw	a1,152(a0)
    56e8:	02c50ea3          	sb	a2,61(a0)
    56ec:	8082                	ret

000056ee <tcp_pcb_purge>:
    56ee:	491c                	lw	a5,16(a0)
    56f0:	4705                	li	a4,1
    56f2:	04f77463          	bgeu	a4,a5,573a <tcp_pcb_purge+0x4c>
    56f6:	4729                	li	a4,10
    56f8:	04e78163          	beq	a5,a4,573a <tcp_pcb_purge+0x4c>
    56fc:	a75fa2ef          	jal	t0,170 <__riscv_save_0>
    5700:	842a                	mv	s0,a0
    5702:	08852503          	lw	a0,136(a0)
    5706:	c509                	beqz	a0,5710 <tcp_pcb_purge+0x22>
    5708:	8fbff0ef          	jal	ra,5002 <pbuf_free>
    570c:	08042423          	sw	zero,136(s0)
    5710:	08442503          	lw	a0,132(s0)
    5714:	57fd                	li	a5,-1
    5716:	bc7e                	sh	a5,62(s0)
    5718:	f71ff0ef          	jal	ra,5688 <tcp_segs_free>
    571c:	5c68                	lw	a0,124(s0)
    571e:	08042223          	sw	zero,132(s0)
    5722:	f67ff0ef          	jal	ra,5688 <tcp_segs_free>
    5726:	08042503          	lw	a0,128(s0)
    572a:	f5fff0ef          	jal	ra,5688 <tcp_segs_free>
    572e:	06042e23          	sw	zero,124(s0)
    5732:	08042023          	sw	zero,128(s0)
    5736:	a5ffa06f          	j	194 <__riscv_restore_0>
    573a:	8082                	ret

0000573c <tcp_slowtmr>:
    573c:	a05fa2ef          	jal	t0,140 <__riscv_save_12>
    5740:	200074b7          	lui	s1,0x20007
    5744:	a0848793          	addi	a5,s1,-1528 # 20006a08 <NetInf>
    5748:	91018713          	addi	a4,gp,-1776 # 200002f0 <tcp_ticks>
    574c:	0187cc03          	lbu	s8,24(a5)
    5750:	431c                	lw	a5,0(a4)
    5752:	6aa9                	lui	s5,0xa
    5754:	0785                	addi	a5,a5,1
    5756:	9041ad03          	lw	s10,-1788(gp) # 200002e4 <tcp_active_pcbs>
    575a:	c31c                	sw	a5,0(a4)
    575c:	06600913          	li	s2,102
    5760:	4a01                	li	s4,0
    5762:	a0848493          	addi	s1,s1,-1528
    5766:	91018413          	addi	s0,gp,-1776 # 200002f0 <tcp_ticks>
    576a:	90418993          	addi	s3,gp,-1788 # 200002e4 <tcp_active_pcbs>
    576e:	4c8d                	li	s9,3
    5770:	670a8a93          	addi	s5,s5,1648 # a670 <tcp_backoff>
    5774:	85c18b13          	addi	s6,gp,-1956 # 2000023c <tcp_persist_backoff>
    5778:	000d1a63          	bnez	s10,578c <tcp_slowtmr+0x50>
    577c:	91c1a403          	lw	s0,-1764(gp) # 200002fc <tcp_tw_pcbs>
    5780:	91c18493          	addi	s1,gp,-1764 # 200002fc <tcp_tw_pcbs>
    5784:	24041963          	bnez	s0,59d6 <tcp_slowtmr+0x29a>
    5788:	9f5fa06f          	j	17c <__riscv_restore_12>
    578c:	197d                	addi	s2,s2,-1
    578e:	0ff97913          	andi	s2,s2,255
    5792:	fe090be3          	beqz	s2,5788 <tcp_slowtmr+0x4c>
    5796:	052d4603          	lbu	a2,82(s10)
    579a:	010d2683          	lw	a3,16(s10)
    579e:	4d85                	li	s11,1
    57a0:	02cc0263          	beq	s8,a2,57c4 <tcp_slowtmr+0x88>
    57a4:	0b0d4d83          	lbu	s11,176(s10)
    57a8:	100d8463          	beqz	s11,58b0 <tcp_slowtmr+0x174>
    57ac:	0acd2703          	lw	a4,172(s10)
    57b0:	01bb06b3          	add	a3,s6,s11
    57b4:	fff6c683          	lbu	a3,-1(a3)
    57b8:	0705                	addi	a4,a4,1
    57ba:	0aed2623          	sw	a4,172(s10)
    57be:	0cd77c63          	bgeu	a4,a3,5896 <tcp_slowtmr+0x15a>
    57c2:	4d81                	li	s11,0
    57c4:	010d2703          	lw	a4,16(s10)
    57c8:	4699                	li	a3,6
    57ca:	00d71d63          	bne	a4,a3,57e4 <tcp_slowtmr+0xa8>
    57ce:	038d2603          	lw	a2,56(s10)
    57d2:	4014                	lw	a3,0(s0)
    57d4:	8e91                	sub	a3,a3,a2
    57d6:	4c90                	lw	a2,24(s1)
    57d8:	00d67663          	bgeu	a2,a3,57e4 <tcp_slowtmr+0xa8>
    57dc:	001d8793          	addi	a5,s11,1
    57e0:	0ff7fd93          	andi	s11,a5,255
    57e4:	008d5683          	lhu	a3,8(s10)
    57e8:	4b81                	li	s7,0
    57ea:	8aa1                	andi	a3,a3,8
    57ec:	ce95                	beqz	a3,5828 <tcp_slowtmr+0xec>
    57ee:	4691                	li	a3,4
    57f0:	00d70563          	beq	a4,a3,57fa <tcp_slowtmr+0xbe>
    57f4:	469d                	li	a3,7
    57f6:	02d71963          	bne	a4,a3,5828 <tcp_slowtmr+0xec>
    57fa:	0a4d2883          	lw	a7,164(s10)
    57fe:	0a8d2683          	lw	a3,168(s10)
    5802:	0a0d2503          	lw	a0,160(s10)
    5806:	4ccc                	lw	a1,28(s1)
    5808:	02d886b3          	mul	a3,a7,a3
    580c:	4010                	lw	a2,0(s0)
    580e:	038d2703          	lw	a4,56(s10)
    5812:	8e19                	sub	a2,a2,a4
    5814:	96aa                	add	a3,a3,a0
    5816:	02b6d6b3          	divu	a3,a3,a1
    581a:	10c6fc63          	bgeu	a3,a2,5932 <tcp_slowtmr+0x1f6>
    581e:	001d8793          	addi	a5,s11,1
    5822:	0ff7fd93          	andi	s11,a5,255
    5826:	4b85                	li	s7,1
    5828:	084d2503          	lw	a0,132(s10)
    582c:	c105                	beqz	a0,584c <tcp_slowtmr+0x110>
    582e:	038d2703          	lw	a4,56(s10)
    5832:	4014                	lw	a3,0(s0)
    5834:	4619                	li	a2,6
    5836:	8e99                	sub	a3,a3,a4
    5838:	050d1703          	lh	a4,80(s10)
    583c:	02c70733          	mul	a4,a4,a2
    5840:	00e6e663          	bltu	a3,a4,584c <tcp_slowtmr+0x110>
    5844:	e45ff0ef          	jal	ra,5688 <tcp_segs_free>
    5848:	080d2223          	sw	zero,132(s10)
    584c:	010d2703          	lw	a4,16(s10)
    5850:	11971463          	bne	a4,s9,5958 <tcp_slowtmr+0x21c>
    5854:	038d2683          	lw	a3,56(s10)
    5858:	4018                	lw	a4,0(s0)
    585a:	8f15                	sub	a4,a4,a3
    585c:	4c94                	lw	a3,24(s1)
    585e:	10e6e863          	bltu	a3,a4,596e <tcp_slowtmr+0x232>
    5862:	100d9663          	bnez	s11,596e <tcp_slowtmr+0x232>
    5866:	03cd4783          	lbu	a5,60(s10)
    586a:	03dd4703          	lbu	a4,61(s10)
    586e:	0785                	addi	a5,a5,1
    5870:	0ff7f793          	andi	a5,a5,255
    5874:	02fd0e23          	sb	a5,60(s10)
    5878:	00e7eb63          	bltu	a5,a4,588e <tcp_slowtmr+0x152>
    587c:	098d2783          	lw	a5,152(s10)
    5880:	020d0e23          	sb	zero,60(s10)
    5884:	14079263          	bnez	a5,59c8 <tcp_slowtmr+0x28c>
    5888:	856a                	mv	a0,s10
    588a:	102020ef          	jal	ra,798c <tcp_output>
    588e:	8a6a                	mv	s4,s10
    5890:	00cd2d03          	lw	s10,12(s10)
    5894:	b5d5                	j	5778 <tcp_slowtmr+0x3c>
    5896:	0a0d2623          	sw	zero,172(s10)
    589a:	4719                	li	a4,6
    589c:	01b76663          	bltu	a4,s11,58a8 <tcp_slowtmr+0x16c>
    58a0:	001d8793          	addi	a5,s11,1
    58a4:	0afd0823          	sb	a5,176(s10)
    58a8:	856a                	mv	a0,s10
    58aa:	6c4020ef          	jal	ra,7f6e <tcp_zero_window_probe>
    58ae:	bf11                	j	57c2 <tcp_slowtmr+0x86>
    58b0:	03ed1703          	lh	a4,62(s10)
    58b4:	00074563          	bltz	a4,58be <tcp_slowtmr+0x182>
    58b8:	0705                	addi	a4,a4,1
    58ba:	02ed1f23          	sh	a4,62(s10)
    58be:	080d2703          	lw	a4,128(s10)
    58c2:	f00700e3          	beqz	a4,57c2 <tcp_slowtmr+0x86>
    58c6:	03ed1583          	lh	a1,62(s10)
    58ca:	050d1703          	lh	a4,80(s10)
    58ce:	eeb75ae3          	bge	a4,a1,57c2 <tcp_slowtmr+0x86>
    58d2:	02dcf463          	bgeu	s9,a3,58fa <tcp_slowtmr+0x1be>
    58d6:	04cd1703          	lh	a4,76(s10)
    58da:	04ed1683          	lh	a3,78(s10)
    58de:	47b1                	li	a5,12
    58e0:	870d                	srai	a4,a4,0x3
    58e2:	9736                	add	a4,a4,a3
    58e4:	0ff67693          	andi	a3,a2,255
    58e8:	00c7f363          	bgeu	a5,a2,58ee <tcp_slowtmr+0x1b2>
    58ec:	46b1                	li	a3,12
    58ee:	96d6                	add	a3,a3,s5
    58f0:	2294                	lbu	a3,0(a3)
    58f2:	00d71733          	sll	a4,a4,a3
    58f6:	04ed1823          	sh	a4,80(s10)
    58fa:	05ad5683          	lhu	a3,90(s10)
    58fe:	064d5703          	lhu	a4,100(s10)
    5902:	020d1f23          	sh	zero,62(s10)
    5906:	00e6f363          	bgeu	a3,a4,590c <tcp_slowtmr+0x1d0>
    590a:	8736                	mv	a4,a3
    590c:	0742                	slli	a4,a4,0x10
    590e:	8341                	srli	a4,a4,0x10
    5910:	040d5683          	lhu	a3,64(s10)
    5914:	8305                	srli	a4,a4,0x1
    5916:	04ed1e23          	sh	a4,92(s10)
    591a:	00d77663          	bgeu	a4,a3,5926 <tcp_slowtmr+0x1ea>
    591e:	00169713          	slli	a4,a3,0x1
    5922:	04ed1e23          	sh	a4,92(s10)
    5926:	04dd1d23          	sh	a3,90(s10)
    592a:	856a                	mv	a0,s10
    592c:	4d0020ef          	jal	ra,7dfc <tcp_rexmit_rto>
    5930:	bd51                	j	57c4 <tcp_slowtmr+0x88>
    5932:	0b1d4703          	lbu	a4,177(s10)
    5936:	4b81                	li	s7,0
    5938:	03170733          	mul	a4,a4,a7
    593c:	972a                	add	a4,a4,a0
    593e:	02b75733          	divu	a4,a4,a1
    5942:	eec773e3          	bgeu	a4,a2,5828 <tcp_slowtmr+0xec>
    5946:	856a                	mv	a0,s10
    5948:	5c8020ef          	jal	ra,7f10 <tcp_keepalive>
    594c:	0b1d4703          	lbu	a4,177(s10)
    5950:	0705                	addi	a4,a4,1
    5952:	0aed08a3          	sb	a4,177(s10)
    5956:	bdc9                	j	5828 <tcp_slowtmr+0xec>
    5958:	46a5                	li	a3,9
    595a:	f0d714e3          	bne	a4,a3,5862 <tcp_slowtmr+0x126>
    595e:	038d2703          	lw	a4,56(s10)
    5962:	4014                	lw	a3,0(s0)
    5964:	8e99                	sub	a3,a3,a4
    5966:	4c98                	lw	a4,24(s1)
    5968:	0706                	slli	a4,a4,0x1
    596a:	eed77ce3          	bgeu	a4,a3,5862 <tcp_slowtmr+0x126>
    596e:	856a                	mv	a0,s10
    5970:	e60fd0ef          	jal	ra,2fd0 <LwipRemoveTcpPcb>
    5974:	856a                	mv	a0,s10
    5976:	d79ff0ef          	jal	ra,56ee <tcp_pcb_purge>
    597a:	00cd2783          	lw	a5,12(s10)
    597e:	040a0263          	beqz	s4,59c2 <tcp_slowtmr+0x286>
    5982:	00fa2623          	sw	a5,12(s4)
    5986:	09cd2783          	lw	a5,156(s10)
    598a:	c789                	beqz	a5,5994 <tcp_slowtmr+0x258>
    598c:	018d2503          	lw	a0,24(s10)
    5990:	55ed                	li	a1,-5
    5992:	9782                	jalr	a5
    5994:	000b8f63          	beqz	s7,59b2 <tcp_slowtmr+0x276>
    5998:	024d5783          	lhu	a5,36(s10)
    599c:	01cd5703          	lhu	a4,28(s10)
    59a0:	028d2583          	lw	a1,40(s10)
    59a4:	060d2503          	lw	a0,96(s10)
    59a8:	004d0693          	addi	a3,s10,4
    59ac:	866a                	mv	a2,s10
    59ae:	346020ef          	jal	ra,7cf4 <tcp_rst>
    59b2:	00cd2b83          	lw	s7,12(s10)
    59b6:	85ea                	mv	a1,s10
    59b8:	4509                	li	a0,2
    59ba:	c76ff0ef          	jal	ra,4e30 <memp_free>
    59be:	8d5e                	mv	s10,s7
    59c0:	bb65                	j	5778 <tcp_slowtmr+0x3c>
    59c2:	00f9a023          	sw	a5,0(s3)
    59c6:	b7c1                	j	5986 <tcp_slowtmr+0x24a>
    59c8:	018d2503          	lw	a0,24(s10)
    59cc:	85ea                	mv	a1,s10
    59ce:	9782                	jalr	a5
    59d0:	ea050ce3          	beqz	a0,5888 <tcp_slowtmr+0x14c>
    59d4:	bd6d                	j	588e <tcp_slowtmr+0x152>
    59d6:	8522                	mv	a0,s0
    59d8:	df8fd0ef          	jal	ra,2fd0 <LwipRemoveTcpPcb>
    59dc:	8522                	mv	a0,s0
    59de:	d11ff0ef          	jal	ra,56ee <tcp_pcb_purge>
    59e2:	00c42903          	lw	s2,12(s0)
    59e6:	85a2                	mv	a1,s0
    59e8:	4509                	li	a0,2
    59ea:	0124a023          	sw	s2,0(s1)
    59ee:	844a                	mv	s0,s2
    59f0:	c40ff0ef          	jal	ra,4e30 <memp_free>
    59f4:	bb41                	j	5784 <tcp_slowtmr+0x48>

000059f6 <tcp_pcb_remove>:
    59f6:	f7afa2ef          	jal	t0,170 <__riscv_save_0>
    59fa:	411c                	lw	a5,0(a0)
    59fc:	842e                	mv	s0,a1
    59fe:	04b79063          	bne	a5,a1,5a3e <tcp_pcb_remove+0x48>
    5a02:	45dc                	lw	a5,12(a1)
    5a04:	c11c                	sw	a5,0(a0)
    5a06:	00042623          	sw	zero,12(s0)
    5a0a:	8522                	mv	a0,s0
    5a0c:	ce3ff0ef          	jal	ra,56ee <tcp_pcb_purge>
    5a10:	481c                	lw	a5,16(s0)
    5a12:	4729                	li	a4,10
    5a14:	02e78163          	beq	a5,a4,5a36 <tcp_pcb_remove+0x40>
    5a18:	4705                	li	a4,1
    5a1a:	00e78e63          	beq	a5,a4,5a36 <tcp_pcb_remove+0x40>
    5a1e:	02644783          	lbu	a5,38(s0)
    5a22:	0017f713          	andi	a4,a5,1
    5a26:	cb01                	beqz	a4,5a36 <tcp_pcb_remove+0x40>
    5a28:	0027e793          	ori	a5,a5,2
    5a2c:	02f40323          	sb	a5,38(s0)
    5a30:	8522                	mv	a0,s0
    5a32:	75b010ef          	jal	ra,798c <tcp_output>
    5a36:	00042823          	sw	zero,16(s0)
    5a3a:	f5afa06f          	j	194 <__riscv_restore_0>
    5a3e:	90f1ac23          	sw	a5,-1768(gp) # 200002f8 <tcp_tmp_pcb>
    5a42:	4681                	li	a3,0
    5a44:	91818713          	addi	a4,gp,-1768 # 200002f8 <tcp_tmp_pcb>
    5a48:	e789                	bnez	a5,5a52 <tcp_pcb_remove+0x5c>
    5a4a:	ded5                	beqz	a3,5a06 <tcp_pcb_remove+0x10>
    5a4c:	00072023          	sw	zero,0(a4)
    5a50:	bf5d                	j	5a06 <tcp_pcb_remove+0x10>
    5a52:	47d0                	lw	a2,12(a5)
    5a54:	00861763          	bne	a2,s0,5a62 <tcp_pcb_remove+0x6c>
    5a58:	c291                	beqz	a3,5a5c <tcp_pcb_remove+0x66>
    5a5a:	c31c                	sw	a5,0(a4)
    5a5c:	4458                	lw	a4,12(s0)
    5a5e:	c7d8                	sw	a4,12(a5)
    5a60:	b75d                	j	5a06 <tcp_pcb_remove+0x10>
    5a62:	4685                	li	a3,1
    5a64:	87b2                	mv	a5,a2
    5a66:	b7cd                	j	5a48 <tcp_pcb_remove+0x52>

00005a68 <tcp_close>:
    5a68:	491c                	lw	a5,16(a0)
    5a6a:	471d                	li	a4,7
    5a6c:	0af76563          	bltu	a4,a5,5b16 <tcp_close+0xae>
    5a70:	f00fa2ef          	jal	t0,170 <__riscv_save_0>
    5a74:	6729                	lui	a4,0xa
    5a76:	078a                	slli	a5,a5,0x2
    5a78:	65070713          	addi	a4,a4,1616 # a650 <ErrTable+0x10>
    5a7c:	97ba                	add	a5,a5,a4
    5a7e:	439c                	lw	a5,0(a5)
    5a80:	842a                	mv	s0,a0
    5a82:	8782                	jr	a5
    5a84:	d4cfd0ef          	jal	ra,2fd0 <LwipRemoveTcpPcb>
    5a88:	90818713          	addi	a4,gp,-1784 # 200002e8 <tcp_bound_pcbs>
    5a8c:	431c                	lw	a5,0(a4)
    5a8e:	00879963          	bne	a5,s0,5aa0 <tcp_close+0x38>
    5a92:	445c                	lw	a5,12(s0)
    5a94:	c31c                	sw	a5,0(a4)
    5a96:	00042623          	sw	zero,12(s0)
    5a9a:	85a2                	mv	a1,s0
    5a9c:	4509                	li	a0,2
    5a9e:	a83d                	j	5adc <tcp_close+0x74>
    5aa0:	90f1ac23          	sw	a5,-1768(gp) # 200002f8 <tcp_tmp_pcb>
    5aa4:	4681                	li	a3,0
    5aa6:	91818713          	addi	a4,gp,-1768 # 200002f8 <tcp_tmp_pcb>
    5aaa:	e789                	bnez	a5,5ab4 <tcp_close+0x4c>
    5aac:	d6ed                	beqz	a3,5a96 <tcp_close+0x2e>
    5aae:	00072023          	sw	zero,0(a4)
    5ab2:	b7d5                	j	5a96 <tcp_close+0x2e>
    5ab4:	47d0                	lw	a2,12(a5)
    5ab6:	00861763          	bne	a2,s0,5ac4 <tcp_close+0x5c>
    5aba:	c291                	beqz	a3,5abe <tcp_close+0x56>
    5abc:	c31c                	sw	a5,0(a4)
    5abe:	4458                	lw	a4,12(s0)
    5ac0:	c7d8                	sw	a4,12(a5)
    5ac2:	bfd1                	j	5a96 <tcp_close+0x2e>
    5ac4:	4685                	li	a3,1
    5ac6:	87b2                	mv	a5,a2
    5ac8:	b7cd                	j	5aaa <tcp_close+0x42>
    5aca:	d06fd0ef          	jal	ra,2fd0 <LwipRemoveTcpPcb>
    5ace:	85a2                	mv	a1,s0
    5ad0:	90c18513          	addi	a0,gp,-1780 # 200002ec <tcp_listen_pcbs>
    5ad4:	f23ff0ef          	jal	ra,59f6 <tcp_pcb_remove>
    5ad8:	85a2                	mv	a1,s0
    5ada:	450d                	li	a0,3
    5adc:	b54ff0ef          	jal	ra,4e30 <memp_free>
    5ae0:	4501                	li	a0,0
    5ae2:	a831                	j	5afe <tcp_close+0x96>
    5ae4:	cecfd0ef          	jal	ra,2fd0 <LwipRemoveTcpPcb>
    5ae8:	85a2                	mv	a1,s0
    5aea:	90418513          	addi	a0,gp,-1788 # 200002e4 <tcp_active_pcbs>
    5aee:	f09ff0ef          	jal	ra,59f6 <tcp_pcb_remove>
    5af2:	b765                	j	5a9a <tcp_close+0x32>
    5af4:	4585                	li	a1,1
    5af6:	5e1010ef          	jal	ra,78d6 <tcp_send_ctrl>
    5afa:	4795                	li	a5,5
    5afc:	c901                	beqz	a0,5b0c <tcp_close+0xa4>
    5afe:	e96fa06f          	j	194 <__riscv_restore_0>
    5b02:	4585                	li	a1,1
    5b04:	5d3010ef          	jal	ra,78d6 <tcp_send_ctrl>
    5b08:	f97d                	bnez	a0,5afe <tcp_close+0x96>
    5b0a:	47a5                	li	a5,9
    5b0c:	c81c                	sw	a5,16(s0)
    5b0e:	8522                	mv	a0,s0
    5b10:	67d010ef          	jal	ra,798c <tcp_output>
    5b14:	b7f1                	j	5ae0 <tcp_close+0x78>
    5b16:	4501                	li	a0,0
    5b18:	8082                	ret

00005b1a <tcp_recv_null>:
    5b1a:	e56fa2ef          	jal	t0,170 <__riscv_save_0>
    5b1e:	1141                	addi	sp,sp,-16
    5b20:	852e                	mv	a0,a1
    5b22:	ce11                	beqz	a2,5b3e <tcp_recv_null+0x24>
    5b24:	260e                	lhu	a1,8(a2)
    5b26:	c632                	sw	a2,12(sp)
    5b28:	afbff0ef          	jal	ra,5622 <tcp_recved>
    5b2c:	4632                	lw	a2,12(sp)
    5b2e:	8532                	mv	a0,a2
    5b30:	cd2ff0ef          	jal	ra,5002 <pbuf_free>
    5b34:	4781                	li	a5,0
    5b36:	853e                	mv	a0,a5
    5b38:	0141                	addi	sp,sp,16
    5b3a:	e5afa06f          	j	194 <__riscv_restore_0>
    5b3e:	4781                	li	a5,0
    5b40:	fafd                	bnez	a3,5b36 <tcp_recv_null+0x1c>
    5b42:	f27ff0ef          	jal	ra,5a68 <tcp_close>
    5b46:	87aa                	mv	a5,a0
    5b48:	b7fd                	j	5b36 <tcp_recv_null+0x1c>

00005b4a <tcp_fasttmr>:
    5b4a:	e26fa2ef          	jal	t0,170 <__riscv_save_0>
    5b4e:	9041a403          	lw	s0,-1788(gp) # 200002e4 <tcp_active_pcbs>
    5b52:	06500493          	li	s1,101
    5b56:	e019                	bnez	s0,5b5c <tcp_fasttmr+0x12>
    5b58:	e3cfa06f          	j	194 <__riscv_restore_0>
    5b5c:	08842603          	lw	a2,136(s0)
    5b60:	ca19                	beqz	a2,5b76 <tcp_fasttmr+0x2c>
    5b62:	09042783          	lw	a5,144(s0)
    5b66:	4681                	li	a3,0
    5b68:	85a2                	mv	a1,s0
    5b6a:	cf8d                	beqz	a5,5ba4 <tcp_fasttmr+0x5a>
    5b6c:	4c08                	lw	a0,24(s0)
    5b6e:	9782                	jalr	a5
    5b70:	e119                	bnez	a0,5b76 <tcp_fasttmr+0x2c>
    5b72:	08042423          	sw	zero,136(s0)
    5b76:	14fd                	addi	s1,s1,-1
    5b78:	0ff4f493          	andi	s1,s1,255
    5b7c:	dcf1                	beqz	s1,5b58 <tcp_fasttmr+0xe>
    5b7e:	02644783          	lbu	a5,38(s0)
    5b82:	0017f713          	andi	a4,a5,1
    5b86:	cf09                	beqz	a4,5ba0 <tcp_fasttmr+0x56>
    5b88:	0027e793          	ori	a5,a5,2
    5b8c:	02f40323          	sb	a5,38(s0)
    5b90:	8522                	mv	a0,s0
    5b92:	5fb010ef          	jal	ra,798c <tcp_output>
    5b96:	02644783          	lbu	a5,38(s0)
    5b9a:	9bf1                	andi	a5,a5,-4
    5b9c:	02f40323          	sb	a5,38(s0)
    5ba0:	4440                	lw	s0,12(s0)
    5ba2:	bf55                	j	5b56 <tcp_fasttmr+0xc>
    5ba4:	4501                	li	a0,0
    5ba6:	f75ff0ef          	jal	ra,5b1a <tcp_recv_null>
    5baa:	b7d9                	j	5b70 <tcp_fasttmr+0x26>

00005bac <tcp_tmr>:
    5bac:	dc4fa2ef          	jal	t0,170 <__riscv_save_0>
    5bb0:	f9bff0ef          	jal	ra,5b4a <tcp_fasttmr>
    5bb4:	91418713          	addi	a4,gp,-1772 # 200002f4 <tcp_timer>
    5bb8:	231c                	lbu	a5,0(a4)
    5bba:	0785                	addi	a5,a5,1
    5bbc:	0ff7f793          	andi	a5,a5,255
    5bc0:	a31c                	sb	a5,0(a4)
    5bc2:	8b85                	andi	a5,a5,1
    5bc4:	c399                	beqz	a5,5bca <tcp_tmr+0x1e>
    5bc6:	b77ff0ef          	jal	ra,573c <tcp_slowtmr>
    5bca:	dcafa06f          	j	194 <__riscv_restore_0>

00005bce <tcp_fastsendack>:
    5bce:	da2fa2ef          	jal	t0,170 <__riscv_save_0>
    5bd2:	9041a403          	lw	s0,-1788(gp) # 200002e4 <tcp_active_pcbs>
    5bd6:	06500493          	li	s1,101
    5bda:	4901                	li	s2,0
    5bdc:	e401                	bnez	s0,5be4 <tcp_fastsendack+0x16>
    5bde:	854a                	mv	a0,s2
    5be0:	db4fa06f          	j	194 <__riscv_restore_0>
    5be4:	08842603          	lw	a2,136(s0)
    5be8:	ca19                	beqz	a2,5bfe <tcp_fastsendack+0x30>
    5bea:	09042783          	lw	a5,144(s0)
    5bee:	4681                	li	a3,0
    5bf0:	85a2                	mv	a1,s0
    5bf2:	c7b1                	beqz	a5,5c3e <tcp_fastsendack+0x70>
    5bf4:	4c08                	lw	a0,24(s0)
    5bf6:	9782                	jalr	a5
    5bf8:	e119                	bnez	a0,5bfe <tcp_fastsendack+0x30>
    5bfa:	08042423          	sw	zero,136(s0)
    5bfe:	14fd                	addi	s1,s1,-1
    5c00:	0ff4f493          	andi	s1,s1,255
    5c04:	dce9                	beqz	s1,5bde <tcp_fastsendack+0x10>
    5c06:	02744783          	lbu	a5,39(s0)
    5c0a:	cb85                	beqz	a5,5c3a <tcp_fastsendack+0x6c>
    5c0c:	02644703          	lbu	a4,38(s0)
    5c10:	00177693          	andi	a3,a4,1
    5c14:	c29d                	beqz	a3,5c3a <tcp_fastsendack+0x6c>
    5c16:	17fd                	addi	a5,a5,-1
    5c18:	0ff7f793          	andi	a5,a5,255
    5c1c:	02f403a3          	sb	a5,39(s0)
    5c20:	e39d                	bnez	a5,5c46 <tcp_fastsendack+0x78>
    5c22:	00276713          	ori	a4,a4,2
    5c26:	02e40323          	sb	a4,38(s0)
    5c2a:	8522                	mv	a0,s0
    5c2c:	561010ef          	jal	ra,798c <tcp_output>
    5c30:	02644783          	lbu	a5,38(s0)
    5c34:	9bf1                	andi	a5,a5,-4
    5c36:	02f40323          	sb	a5,38(s0)
    5c3a:	4440                	lw	s0,12(s0)
    5c3c:	b745                	j	5bdc <tcp_fastsendack+0xe>
    5c3e:	4501                	li	a0,0
    5c40:	edbff0ef          	jal	ra,5b1a <tcp_recv_null>
    5c44:	bf55                	j	5bf8 <tcp_fastsendack+0x2a>
    5c46:	0905                	addi	s2,s2,1
    5c48:	bfcd                	j	5c3a <tcp_fastsendack+0x6c>

00005c4a <tcp_abandon>:
    5c4a:	cfefa2ef          	jal	t0,148 <__riscv_save_10>
    5c4e:	4918                	lw	a4,16(a0)
    5c50:	47a9                	li	a5,10
    5c52:	1141                	addi	sp,sp,-16
    5c54:	842a                	mv	s0,a0
    5c56:	00f71e63          	bne	a4,a5,5c72 <tcp_abandon+0x28>
    5c5a:	85aa                	mv	a1,a0
    5c5c:	91c18513          	addi	a0,gp,-1764 # 200002fc <tcp_tw_pcbs>
    5c60:	d97ff0ef          	jal	ra,59f6 <tcp_pcb_remove>
    5c64:	85a2                	mv	a1,s0
    5c66:	4509                	li	a0,2
    5c68:	9c8ff0ef          	jal	ra,4e30 <memp_free>
    5c6c:	0141                	addi	sp,sp,16
    5c6e:	d12fa06f          	j	180 <__riscv_restore_10>
    5c72:	411c                	lw	a5,0(a0)
    5c74:	8b2e                	mv	s6,a1
    5c76:	06052903          	lw	s2,96(a0)
    5c7a:	c63e                	sw	a5,12(sp)
    5c7c:	415c                	lw	a5,4(a0)
    5c7e:	02852983          	lw	s3,40(a0)
    5c82:	01c55a03          	lhu	s4,28(a0)
    5c86:	c43e                	sw	a5,8(sp)
    5c88:	02455a83          	lhu	s5,36(a0)
    5c8c:	09c52483          	lw	s1,156(a0)
    5c90:	01852b83          	lw	s7,24(a0)
    5c94:	b3cfd0ef          	jal	ra,2fd0 <LwipRemoveTcpPcb>
    5c98:	90418513          	addi	a0,gp,-1788 # 200002e4 <tcp_active_pcbs>
    5c9c:	85a2                	mv	a1,s0
    5c9e:	d59ff0ef          	jal	ra,59f6 <tcp_pcb_remove>
    5ca2:	08042503          	lw	a0,128(s0)
    5ca6:	c119                	beqz	a0,5cac <tcp_abandon+0x62>
    5ca8:	9e1ff0ef          	jal	ra,5688 <tcp_segs_free>
    5cac:	5c68                	lw	a0,124(s0)
    5cae:	c119                	beqz	a0,5cb4 <tcp_abandon+0x6a>
    5cb0:	9d9ff0ef          	jal	ra,5688 <tcp_segs_free>
    5cb4:	08442503          	lw	a0,132(s0)
    5cb8:	c119                	beqz	a0,5cbe <tcp_abandon+0x74>
    5cba:	9cfff0ef          	jal	ra,5688 <tcp_segs_free>
    5cbe:	85a2                	mv	a1,s0
    5cc0:	4509                	li	a0,2
    5cc2:	96eff0ef          	jal	ra,4e30 <memp_free>
    5cc6:	c481                	beqz	s1,5cce <tcp_abandon+0x84>
    5cc8:	55ed                	li	a1,-5
    5cca:	855e                	mv	a0,s7
    5ccc:	9482                	jalr	s1
    5cce:	f80b0fe3          	beqz	s6,5c6c <tcp_abandon+0x22>
    5cd2:	87d6                	mv	a5,s5
    5cd4:	8752                	mv	a4,s4
    5cd6:	0034                	addi	a3,sp,8
    5cd8:	0070                	addi	a2,sp,12
    5cda:	85ce                	mv	a1,s3
    5cdc:	854a                	mv	a0,s2
    5cde:	016020ef          	jal	ra,7cf4 <tcp_rst>
    5ce2:	b769                	j	5c6c <tcp_abandon+0x22>

00005ce4 <tcp_next_iss>:
    5ce4:	83818793          	addi	a5,gp,-1992 # 20000218 <iss.3186>
    5ce8:	4388                	lw	a0,0(a5)
    5cea:	9101a703          	lw	a4,-1776(gp) # 200002f0 <tcp_ticks>
    5cee:	953a                	add	a0,a0,a4
    5cf0:	c388                	sw	a0,0(a5)
    5cf2:	8082                	ret

00005cf4 <tcp_alloc>:
    5cf4:	c62fa2ef          	jal	t0,156 <__riscv_save_4>
    5cf8:	892a                	mv	s2,a0
    5cfa:	4509                	li	a0,2
    5cfc:	914ff0ef          	jal	ra,4e10 <memp_malloc>
    5d00:	200074b7          	lui	s1,0x20007
    5d04:	a4c48493          	addi	s1,s1,-1460 # 20006a4c <WCHCfg>
    5d08:	842a                	mv	s0,a0
    5d0a:	e125                	bnez	a0,5d6a <tcp_alloc+0x76>
    5d0c:	489c                	lw	a5,16(s1)
    5d0e:	8389                	srli	a5,a5,0x2
    5d10:	8b85                	andi	a5,a5,1
    5d12:	e789                	bnez	a5,5d1c <tcp_alloc+0x28>
    5d14:	4401                	li	s0,0
    5d16:	8522                	mv	a0,s0
    5d18:	c72fa06f          	j	18a <__riscv_restore_4>
    5d1c:	91c1a783          	lw	a5,-1764(gp) # 200002fc <tcp_tw_pcbs>
    5d20:	9101a603          	lw	a2,-1776(gp) # 200002f0 <tcp_ticks>
    5d24:	4501                	li	a0,0
    5d26:	4681                	li	a3,0
    5d28:	91018993          	addi	s3,gp,-1776 # 200002f0 <tcp_ticks>
    5d2c:	e7f1                	bnez	a5,5df8 <tcp_alloc+0x104>
    5d2e:	c501                	beqz	a0,5d36 <tcp_alloc+0x42>
    5d30:	4585                	li	a1,1
    5d32:	f19ff0ef          	jal	ra,5c4a <tcp_abandon>
    5d36:	4509                	li	a0,2
    5d38:	8d8ff0ef          	jal	ra,4e10 <memp_malloc>
    5d3c:	842a                	mv	s0,a0
    5d3e:	e515                	bnez	a0,5d6a <tcp_alloc+0x76>
    5d40:	9041a783          	lw	a5,-1788(gp) # 200002e4 <tcp_active_pcbs>
    5d44:	0009a503          	lw	a0,0(s3)
    5d48:	197d                	addi	s2,s2,-1
    5d4a:	0ff97913          	andi	s2,s2,255
    5d4e:	07f00613          	li	a2,127
    5d52:	4581                	li	a1,0
    5d54:	ebdd                	bnez	a5,5e0a <tcp_alloc+0x116>
    5d56:	c409                	beqz	s0,5d60 <tcp_alloc+0x6c>
    5d58:	4585                	li	a1,1
    5d5a:	8522                	mv	a0,s0
    5d5c:	eefff0ef          	jal	ra,5c4a <tcp_abandon>
    5d60:	4509                	li	a0,2
    5d62:	8aeff0ef          	jal	ra,4e10 <memp_malloc>
    5d66:	842a                	mv	s0,a0
    5d68:	d555                	beqz	a0,5d14 <tcp_alloc+0x20>
    5d6a:	0b400613          	li	a2,180
    5d6e:	4581                	li	a1,0
    5d70:	8522                	mv	a0,s0
    5d72:	c2efa0ef          	jal	ra,1a0 <memset>
    5d76:	04000793          	li	a5,64
    5d7a:	a85c                	sb	a5,20(s0)
    5d7c:	449c                	lw	a5,8(s1)
    5d7e:	06041c23          	sh	zero,120(s0)
    5d82:	21800713          	li	a4,536
    5d86:	06f41b23          	sh	a5,118(s0)
    5d8a:	385e                	lhu	a5,52(s0)
    5d8c:	b45e                	sh	a5,44(s0)
    5d8e:	b47e                	sh	a5,46(s0)
    5d90:	77e1                	lui	a5,0xffff8
    5d92:	a43e                	sh	a5,10(s0)
    5d94:	40dc                	lw	a5,4(s1)
    5d96:	00f77463          	bgeu	a4,a5,5d9e <tcp_alloc+0xaa>
    5d9a:	21800793          	li	a5,536
    5d9e:	04f41023          	sh	a5,64(s0)
    5da2:	67c1                	lui	a5,0x10
    5da4:	577d                	li	a4,-1
    5da6:	c47c                	sw	a5,76(s0)
    5da8:	4785                	li	a5,1
    5daa:	04f41823          	sh	a5,80(s0)
    5dae:	bc7a                	sh	a4,62(s0)
    5db0:	04f41d23          	sh	a5,90(s0)
    5db4:	f31ff0ef          	jal	ra,5ce4 <tcp_next_iss>
    5db8:	9101a783          	lw	a5,-1776(gp) # 200002f0 <tcp_ticks>
    5dbc:	d468                	sw	a0,108(s0)
    5dbe:	d028                	sw	a0,96(s0)
    5dc0:	dc1c                	sw	a5,56(s0)
    5dc2:	000067b7          	lui	a5,0x6
    5dc6:	b1a78793          	addi	a5,a5,-1254 # 5b1a <tcp_recv_null>
    5dca:	08f42823          	sw	a5,144(s0)
    5dce:	200077b7          	lui	a5,0x20007
    5dd2:	9fc7a703          	lw	a4,-1540(a5) # 200069fc <KeepLiveCfg>
    5dd6:	9fc78793          	addi	a5,a5,-1540
    5dda:	c868                	sw	a0,84(s0)
    5ddc:	0ae42023          	sw	a4,160(s0)
    5de0:	43d8                	lw	a4,4(a5)
    5de2:	479c                	lw	a5,8(a5)
    5de4:	d828                	sw	a0,112(s0)
    5de6:	02040e23          	sb	zero,60(s0)
    5dea:	0ae42223          	sw	a4,164(s0)
    5dee:	0af42423          	sw	a5,168(s0)
    5df2:	0a0408a3          	sb	zero,177(s0)
    5df6:	b705                	j	5d16 <tcp_alloc+0x22>
    5df8:	5f98                	lw	a4,56(a5)
    5dfa:	40e60733          	sub	a4,a2,a4
    5dfe:	00d76463          	bltu	a4,a3,5e06 <tcp_alloc+0x112>
    5e02:	86ba                	mv	a3,a4
    5e04:	853e                	mv	a0,a5
    5e06:	47dc                	lw	a5,12(a5)
    5e08:	b715                	j	5d2c <tcp_alloc+0x38>
    5e0a:	2bd4                	lbu	a3,20(a5)
    5e0c:	00d96c63          	bltu	s2,a3,5e24 <tcp_alloc+0x130>
    5e10:	00d66a63          	bltu	a2,a3,5e24 <tcp_alloc+0x130>
    5e14:	5f98                	lw	a4,56(a5)
    5e16:	40e50733          	sub	a4,a0,a4
    5e1a:	00b76563          	bltu	a4,a1,5e24 <tcp_alloc+0x130>
    5e1e:	8636                	mv	a2,a3
    5e20:	85ba                	mv	a1,a4
    5e22:	843e                	mv	s0,a5
    5e24:	47dc                	lw	a5,12(a5)
    5e26:	b73d                	j	5d54 <tcp_alloc+0x60>

00005e28 <tcp_new>:
    5e28:	b48fa2ef          	jal	t0,170 <__riscv_save_0>
    5e2c:	04000513          	li	a0,64
    5e30:	ec5ff0ef          	jal	ra,5cf4 <tcp_alloc>
    5e34:	b60fa06f          	j	194 <__riscv_restore_0>

00005e38 <tcp_eff_send_mss>:
    5e38:	b38fa2ef          	jal	t0,170 <__riscv_save_0>
    5e3c:	842a                	mv	s0,a0
    5e3e:	852e                	mv	a0,a1
    5e40:	e33fd0ef          	jal	ra,3c72 <ip_route>
    5e44:	cd11                	beqz	a0,5e60 <tcp_eff_send_mss+0x28>
    5e46:	391e                	lhu	a5,48(a0)
    5e48:	cf81                	beqz	a5,5e60 <tcp_eff_send_mss+0x28>
    5e4a:	fd878793          	addi	a5,a5,-40
    5e4e:	873e                	mv	a4,a5
    5e50:	07c2                	slli	a5,a5,0x10
    5e52:	83c1                	srli	a5,a5,0x10
    5e54:	00f47363          	bgeu	s0,a5,5e5a <tcp_eff_send_mss+0x22>
    5e58:	8722                	mv	a4,s0
    5e5a:	01071413          	slli	s0,a4,0x10
    5e5e:	8041                	srli	s0,s0,0x10
    5e60:	8522                	mv	a0,s0
    5e62:	b32fa06f          	j	194 <__riscv_restore_0>

00005e66 <tcp_connect>:
    5e66:	af0fa2ef          	jal	t0,156 <__riscv_save_4>
    5e6a:	4918                	lw	a4,16(a0)
    5e6c:	54cd                	li	s1,-13
    5e6e:	eb45                	bnez	a4,5f1e <tcp_connect+0xb8>
    5e70:	89ae                	mv	s3,a1
    5e72:	54dd                	li	s1,-9
    5e74:	c5cd                	beqz	a1,5f1e <tcp_connect+0xb8>
    5e76:	842a                	mv	s0,a0
    5e78:	84b2                	mv	s1,a2
    5e7a:	0511                	addi	a0,a0,4
    5e7c:	4611                	li	a2,4
    5e7e:	8936                	mv	s2,a3
    5e80:	379020ef          	jal	ra,89f8 <memcpy>
    5e84:	2c5e                	lhu	a5,28(s0)
    5e86:	b046                	sh	s1,36(s0)
    5e88:	e781                	bnez	a5,5e90 <tcp_connect+0x2a>
    5e8a:	ddeff0ef          	jal	ra,5468 <tcp_new_port>
    5e8e:	ac4a                	sh	a0,28(s0)
    5e90:	e55ff0ef          	jal	ra,5ce4 <tcp_next_iss>
    5e94:	385e                	lhu	a5,52(s0)
    5e96:	d028                	sw	a0,96(s0)
    5e98:	157d                	addi	a0,a0,-1
    5e9a:	b45e                	sh	a5,44(s0)
    5e9c:	b47e                	sh	a5,46(s0)
    5e9e:	06f41223          	sh	a5,100(s0)
    5ea2:	200077b7          	lui	a5,0x20007
    5ea6:	c868                	sw	a0,84(s0)
    5ea8:	d828                	sw	a0,112(s0)
    5eaa:	a507a503          	lw	a0,-1456(a5) # 20006a50 <WCHCfg+0x4>
    5eae:	02042423          	sw	zero,40(s0)
    5eb2:	02042823          	sw	zero,48(s0)
    5eb6:	21800793          	li	a5,536
    5eba:	00a7f463          	bgeu	a5,a0,5ec2 <tcp_connect+0x5c>
    5ebe:	21800513          	li	a0,536
    5ec2:	0542                	slli	a0,a0,0x10
    5ec4:	8141                	srli	a0,a0,0x10
    5ec6:	04a41023          	sh	a0,64(s0)
    5eca:	85ce                	mv	a1,s3
    5ecc:	f6dff0ef          	jal	ra,5e38 <tcp_eff_send_mss>
    5ed0:	4785                	li	a5,1
    5ed2:	04f41d23          	sh	a5,90(s0)
    5ed6:	47a9                	li	a5,10
    5ed8:	04a41023          	sh	a0,64(s0)
    5edc:	02f50533          	mul	a0,a0,a5
    5ee0:	4789                	li	a5,2
    5ee2:	90818713          	addi	a4,gp,-1784 # 200002e8 <tcp_bound_pcbs>
    5ee6:	c81c                	sw	a5,16(s0)
    5ee8:	431c                	lw	a5,0(a4)
    5eea:	09242a23          	sw	s2,148(s0)
    5eee:	04a41e23          	sh	a0,92(s0)
    5ef2:	02879963          	bne	a5,s0,5f24 <tcp_connect+0xbe>
    5ef6:	445c                	lw	a5,12(s0)
    5ef8:	c31c                	sw	a5,0(a4)
    5efa:	90418793          	addi	a5,gp,-1788 # 200002e4 <tcp_active_pcbs>
    5efe:	4398                	lw	a4,0(a5)
    5f00:	4689                	li	a3,2
    5f02:	c380                	sw	s0,0(a5)
    5f04:	c458                	sw	a4,12(s0)
    5f06:	4785                	li	a5,1
    5f08:	4701                	li	a4,0
    5f0a:	4601                	li	a2,0
    5f0c:	4581                	li	a1,0
    5f0e:	8522                	mv	a0,s0
    5f10:	57e010ef          	jal	ra,748e <tcp_enqueue>
    5f14:	84aa                	mv	s1,a0
    5f16:	e501                	bnez	a0,5f1e <tcp_connect+0xb8>
    5f18:	8522                	mv	a0,s0
    5f1a:	273010ef          	jal	ra,798c <tcp_output>
    5f1e:	8526                	mv	a0,s1
    5f20:	a6afa06f          	j	18a <__riscv_restore_4>
    5f24:	90f1ac23          	sw	a5,-1768(gp) # 200002f8 <tcp_tmp_pcb>
    5f28:	4681                	li	a3,0
    5f2a:	91818713          	addi	a4,gp,-1768 # 200002f8 <tcp_tmp_pcb>
    5f2e:	e789                	bnez	a5,5f38 <tcp_connect+0xd2>
    5f30:	d6e9                	beqz	a3,5efa <tcp_connect+0x94>
    5f32:	00072023          	sw	zero,0(a4)
    5f36:	b7d1                	j	5efa <tcp_connect+0x94>
    5f38:	47d0                	lw	a2,12(a5)
    5f3a:	00861763          	bne	a2,s0,5f48 <tcp_connect+0xe2>
    5f3e:	c291                	beqz	a3,5f42 <tcp_connect+0xdc>
    5f40:	c31c                	sw	a5,0(a4)
    5f42:	4458                	lw	a4,12(s0)
    5f44:	c7d8                	sw	a4,12(a5)
    5f46:	bf55                	j	5efa <tcp_connect+0x94>
    5f48:	4685                	li	a3,1
    5f4a:	87b2                	mv	a5,a2
    5f4c:	b7cd                	j	5f2e <tcp_connect+0xc8>

00005f4e <RemoveTimeWaiTCP>:
    5f4e:	a22fa2ef          	jal	t0,170 <__riscv_save_0>
    5f52:	91c1a403          	lw	s0,-1764(gp) # 200002fc <tcp_tw_pcbs>
    5f56:	91c18493          	addi	s1,gp,-1764 # 200002fc <tcp_tw_pcbs>
    5f5a:	e019                	bnez	s0,5f60 <RemoveTimeWaiTCP+0x12>
    5f5c:	a38fa06f          	j	194 <__riscv_restore_0>
    5f60:	8522                	mv	a0,s0
    5f62:	86efd0ef          	jal	ra,2fd0 <LwipRemoveTcpPcb>
    5f66:	8522                	mv	a0,s0
    5f68:	f86ff0ef          	jal	ra,56ee <tcp_pcb_purge>
    5f6c:	00c42903          	lw	s2,12(s0)
    5f70:	85a2                	mv	a1,s0
    5f72:	4509                	li	a0,2
    5f74:	0124a023          	sw	s2,0(s1)
    5f78:	844a                	mv	s0,s2
    5f7a:	eb7fe0ef          	jal	ra,4e30 <memp_free>
    5f7e:	bff1                	j	5f5a <RemoveTimeWaiTCP+0xc>

00005f80 <tcp_oos_insert_segment>:
    5f80:	9d6fa2ef          	jal	t0,156 <__riscv_save_4>
    5f84:	491c                	lw	a5,16(a0)
    5f86:	84aa                	mv	s1,a0
    5f88:	8a2e                	mv	s4,a1
    5f8a:	27c8                	lbu	a0,12(a5)
    5f8c:	37dc                	lbu	a5,13(a5)
    5f8e:	07a2                	slli	a5,a5,0x8
    5f90:	8d5d                	or	a0,a0,a5
    5f92:	ca3fd0ef          	jal	ra,3c34 <ntohs>
    5f96:	8905                	andi	a0,a0,1
    5f98:	e929                	bnez	a0,5fea <tcp_oos_insert_segment+0x6a>
    5f9a:	6941                	lui	s2,0x10
    5f9c:	fc090913          	addi	s2,s2,-64 # ffc0 <_data_lma+0x5770>
    5fa0:	010a2703          	lw	a4,16(s4)
    5fa4:	9341a603          	lw	a2,-1740(gp) # 20000314 <seqno>
    5fa8:	24de                	lhu	a5,12(s1)
    5faa:	3354                	lbu	a3,5(a4)
    5fac:	234c                	lbu	a1,4(a4)
    5fae:	97b2                	add	a5,a5,a2
    5fb0:	06a2                	slli	a3,a3,0x8
    5fb2:	8dd5                	or	a1,a1,a3
    5fb4:	2374                	lbu	a3,6(a4)
    5fb6:	06c2                	slli	a3,a3,0x10
    5fb8:	8ecd                	or	a3,a3,a1
    5fba:	336c                	lbu	a1,7(a4)
    5fbc:	05e2                	slli	a1,a1,0x18
    5fbe:	8dd5                	or	a1,a1,a3
    5fc0:	00ca5683          	lhu	a3,12(s4)
    5fc4:	96ae                	add	a3,a3,a1
    5fc6:	40d786b3          	sub	a3,a5,a3
    5fca:	0206d563          	bgez	a3,5ff4 <tcp_oos_insert_segment+0x74>
    5fce:	8f8d                	sub	a5,a5,a1
    5fd0:	00f05963          	blez	a5,5fe2 <tcp_oos_insert_segment+0x62>
    5fd4:	8d91                	sub	a1,a1,a2
    5fd6:	05c2                	slli	a1,a1,0x10
    5fd8:	40c8                	lw	a0,4(s1)
    5fda:	81c1                	srli	a1,a1,0x10
    5fdc:	a4ce                	sh	a1,12(s1)
    5fde:	9b2ff0ef          	jal	ra,5190 <pbuf_realloc>
    5fe2:	0144a023          	sw	s4,0(s1)
    5fe6:	9a4fa06f          	j	18a <__riscv_restore_4>
    5fea:	8552                	mv	a0,s4
    5fec:	e9cff0ef          	jal	ra,5688 <tcp_segs_free>
    5ff0:	4a01                	li	s4,0
    5ff2:	bfc5                	j	5fe2 <tcp_oos_insert_segment+0x62>
    5ff4:	375c                	lbu	a5,13(a4)
    5ff6:	2748                	lbu	a0,12(a4)
    5ff8:	07a2                	slli	a5,a5,0x8
    5ffa:	8d5d                	or	a0,a0,a5
    5ffc:	c39fd0ef          	jal	ra,3c34 <ntohs>
    6000:	8905                	andi	a0,a0,1
    6002:	cd15                	beqz	a0,603e <tcp_oos_insert_segment+0xbe>
    6004:	489c                	lw	a5,16(s1)
    6006:	37c0                	lbu	s0,13(a5)
    6008:	27c8                	lbu	a0,12(a5)
    600a:	0422                	slli	s0,s0,0x8
    600c:	8c49                	or	s0,s0,a0
    600e:	854a                	mv	a0,s2
    6010:	c17fd0ef          	jal	ra,3c26 <htons>
    6014:	489c                	lw	a5,16(s1)
    6016:	8c69                	and	s0,s0,a0
    6018:	27c8                	lbu	a0,12(a5)
    601a:	37dc                	lbu	a5,13(a5)
    601c:	07a2                	slli	a5,a5,0x8
    601e:	8d5d                	or	a0,a0,a5
    6020:	c15fd0ef          	jal	ra,3c34 <ntohs>
    6024:	03e57513          	andi	a0,a0,62
    6028:	00156513          	ori	a0,a0,1
    602c:	bfbfd0ef          	jal	ra,3c26 <htons>
    6030:	489c                	lw	a5,16(s1)
    6032:	8d41                	or	a0,a0,s0
    6034:	0542                	slli	a0,a0,0x10
    6036:	8141                	srli	a0,a0,0x10
    6038:	a7c8                	sb	a0,12(a5)
    603a:	8121                	srli	a0,a0,0x8
    603c:	b7c8                	sb	a0,13(a5)
    603e:	000a2403          	lw	s0,0(s4)
    6042:	8552                	mv	a0,s4
    6044:	e1aff0ef          	jal	ra,565e <tcp_seg_free>
    6048:	d445                	beqz	s0,5ff0 <tcp_oos_insert_segment+0x70>
    604a:	8a22                	mv	s4,s0
    604c:	bf91                	j	5fa0 <tcp_oos_insert_segment+0x20>

0000604e <tcp_receive>:
    604e:	8fafa2ef          	jal	t0,148 <__riscv_save_10>
    6052:	9241c783          	lbu	a5,-1756(gp) # 20000304 <flags>
    6056:	842a                	mv	s0,a0
    6058:	8bc1                	andi	a5,a5,16
    605a:	93418913          	addi	s2,gp,-1740 # 20000314 <seqno>
    605e:	c7f1                	beqz	a5,612a <tcp_receive+0xdc>
    6060:	00092583          	lw	a1,0(s2)
    6064:	5538                	lw	a4,104(a0)
    6066:	06455683          	lhu	a3,100(a0)
    606a:	5570                	lw	a2,108(a0)
    606c:	40b70533          	sub	a0,a4,a1
    6070:	9201a783          	lw	a5,-1760(gp) # 20000300 <ackno>
    6074:	92018493          	addi	s1,gp,-1760 # 20000300 <ackno>
    6078:	02054463          	bltz	a0,60a0 <tcp_receive+0x52>
    607c:	00b71663          	bne	a4,a1,6088 <tcp_receive+0x3a>
    6080:	40f60733          	sub	a4,a2,a5
    6084:	00074e63          	bltz	a4,60a0 <tcp_receive+0x52>
    6088:	02f61e63          	bne	a2,a5,60c4 <tcp_receive+0x76>
    608c:	93c1a503          	lw	a0,-1732(gp) # 2000031c <tcphdr>
    6090:	3578                	lbu	a4,15(a0)
    6092:	00e54803          	lbu	a6,14(a0)
    6096:	0722                	slli	a4,a4,0x8
    6098:	01076733          	or	a4,a4,a6
    609c:	02e6f463          	bgeu	a3,a4,60c4 <tcp_receive+0x76>
    60a0:	93c1a503          	lw	a0,-1732(gp) # 2000031c <tcphdr>
    60a4:	3578                	lbu	a4,15(a0)
    60a6:	00e54803          	lbu	a6,14(a0)
    60aa:	d42c                	sw	a1,104(s0)
    60ac:	0722                	slli	a4,a4,0x8
    60ae:	01076733          	or	a4,a4,a6
    60b2:	06e41223          	sh	a4,100(s0)
    60b6:	d47c                	sw	a5,108(s0)
    60b8:	c711                	beqz	a4,60c4 <tcp_receive+0x76>
    60ba:	0b044703          	lbu	a4,176(s0)
    60be:	c319                	beqz	a4,60c4 <tcp_receive+0x76>
    60c0:	0a040823          	sb	zero,176(s0)
    60c4:	486c                	lw	a1,84(s0)
    60c6:	40b78733          	sub	a4,a5,a1
    60ca:	2ae04263          	bgtz	a4,636e <tcp_receive+0x320>
    60ce:	9401d703          	lhu	a4,-1728(gp) # 20000320 <tcplen>
    60d2:	06041a23          	sh	zero,116(s0)
    60d6:	28071963          	bnez	a4,6368 <tcp_receive+0x31a>
    60da:	06445703          	lhu	a4,100(s0)
    60de:	5468                	lw	a0,108(s0)
    60e0:	96b2                	add	a3,a3,a2
    60e2:	972a                	add	a4,a4,a0
    60e4:	28d71263          	bne	a4,a3,6368 <tcp_receive+0x31a>
    60e8:	03e41703          	lh	a4,62(s0)
    60ec:	26074e63          	bltz	a4,6368 <tcp_receive+0x31a>
    60f0:	26f59c63          	bne	a1,a5,6368 <tcp_receive+0x31a>
    60f4:	05844783          	lbu	a5,88(s0)
    60f8:	470d                	li	a4,3
    60fa:	0785                	addi	a5,a5,1
    60fc:	0ff7f793          	andi	a5,a5,255
    6100:	04f40c23          	sb	a5,88(s0)
    6104:	24f77c63          	bgeu	a4,a5,635c <tcp_receive+0x30e>
    6108:	05a45703          	lhu	a4,90(s0)
    610c:	04045783          	lhu	a5,64(s0)
    6110:	97ba                	add	a5,a5,a4
    6112:	07c2                	slli	a5,a5,0x10
    6114:	83c1                	srli	a5,a5,0x10
    6116:	00f77463          	bgeu	a4,a5,611e <tcp_receive+0xd0>
    611a:	04f41d23          	sh	a5,90(s0)
    611e:	5c7c                	lw	a5,124(s0)
    6120:	36079f63          	bnez	a5,649e <tcp_receive+0x450>
    6124:	4070                	lw	a2,68(s0)
    6126:	40061a63          	bnez	a2,653a <tcp_receive+0x4ec>
    612a:	9401d603          	lhu	a2,-1728(gp) # 20000320 <tcplen>
    612e:	00092783          	lw	a5,0(s2)
    6132:	5414                	lw	a3,40(s0)
    6134:	94018a13          	addi	s4,gp,-1728 # 20000320 <tcplen>
    6138:	7e060663          	beqz	a2,6924 <tcp_receive+0x8d6>
    613c:	40f685b3          	sub	a1,a3,a5
    6140:	fff58713          	addi	a4,a1,-1
    6144:	46074b63          	bltz	a4,65ba <tcp_receive+0x56c>
    6148:	4705                	li	a4,1
    614a:	8f1d                	sub	a4,a4,a5
    614c:	8f11                	sub	a4,a4,a2
    614e:	9736                	add	a4,a4,a3
    6150:	46e04563          	bgtz	a4,65ba <tcp_receive+0x56c>
    6154:	200079b7          	lui	s3,0x20007
    6158:	ad098793          	addi	a5,s3,-1328 # 20006ad0 <inseg>
    615c:	43c4                	lw	s1,4(a5)
    615e:	01059713          	slli	a4,a1,0x10
    6162:	8341                	srli	a4,a4,0x10
    6164:	24be                	lhu	a5,10(s1)
    6166:	ad098993          	addi	s3,s3,-1328
    616a:	44b7d363          	bge	a5,a1,65b0 <tcp_receive+0x562>
    616e:	249e                	lhu	a5,8(s1)
    6170:	8f99                	sub	a5,a5,a4
    6172:	07c2                	slli	a5,a5,0x10
    6174:	83c1                	srli	a5,a5,0x10
    6176:	24ba                	lhu	a4,10(s1)
    6178:	42b74663          	blt	a4,a1,65a4 <tcp_receive+0x556>
    617c:	40b005b3          	neg	a1,a1
    6180:	05c2                	slli	a1,a1,0x10
    6182:	85c1                	srai	a1,a1,0x10
    6184:	8526                	mv	a0,s1
    6186:	e0ffe0ef          	jal	ra,4f94 <pbuf_header>
    618a:	40dc                	lw	a5,4(s1)
    618c:	00c9d683          	lhu	a3,12(s3)
    6190:	00092703          	lw	a4,0(s2)
    6194:	00f9a423          	sw	a5,8(s3)
    6198:	541c                	lw	a5,40(s0)
    619a:	9736                	add	a4,a4,a3
    619c:	8f1d                	sub	a4,a4,a5
    619e:	00e99623          	sh	a4,12(s3)
    61a2:	0109a703          	lw	a4,16(s3)
    61a6:	0087d693          	srli	a3,a5,0x8
    61aa:	00f92023          	sw	a5,0(s2)
    61ae:	a35c                	sb	a5,4(a4)
    61b0:	b354                	sb	a3,5(a4)
    61b2:	0107d693          	srli	a3,a5,0x10
    61b6:	83e1                	srli	a5,a5,0x18
    61b8:	a374                	sb	a3,6(a4)
    61ba:	b37c                	sb	a5,7(a4)
    61bc:	00092683          	lw	a3,0(s2)
    61c0:	5418                	lw	a4,40(s0)
    61c2:	40e687b3          	sub	a5,a3,a4
    61c6:	7407cb63          	bltz	a5,691c <tcp_receive+0x8ce>
    61ca:	3452                	lhu	a2,44(s0)
    61cc:	00168793          	addi	a5,a3,1
    61d0:	8f99                	sub	a5,a5,a4
    61d2:	8f91                	sub	a5,a5,a2
    61d4:	74f04463          	bgtz	a5,691c <tcp_receive+0x8ce>
    61d8:	5ce69063          	bne	a3,a4,6798 <tcp_receive+0x74a>
    61dc:	200074b7          	lui	s1,0x20007
    61e0:	ad048793          	addi	a5,s1,-1328 # 20006ad0 <inseg>
    61e4:	00c7d983          	lhu	s3,12(a5)
    61e8:	4b9c                	lw	a5,16(a5)
    61ea:	ad048493          	addi	s1,s1,-1328
    61ee:	27c8                	lbu	a0,12(a5)
    61f0:	37dc                	lbu	a5,13(a5)
    61f2:	07a2                	slli	a5,a5,0x8
    61f4:	8d5d                	or	a0,a0,a5
    61f6:	a3ffd0ef          	jal	ra,3c34 <ntohs>
    61fa:	890d                	andi	a0,a0,3
    61fc:	00a03533          	snez	a0,a0
    6200:	954e                	add	a0,a0,s3
    6202:	0542                	slli	a0,a0,0x10
    6204:	345e                	lhu	a5,44(s0)
    6206:	8141                	srli	a0,a0,0x10
    6208:	00aa1023          	sh	a0,0(s4)
    620c:	08a7fd63          	bgeu	a5,a0,62a6 <tcp_receive+0x258>
    6210:	489c                	lw	a5,16(s1)
    6212:	27c8                	lbu	a0,12(a5)
    6214:	37dc                	lbu	a5,13(a5)
    6216:	07a2                	slli	a5,a5,0x8
    6218:	8d5d                	or	a0,a0,a5
    621a:	a1bfd0ef          	jal	ra,3c34 <ntohs>
    621e:	8905                	andi	a0,a0,1
    6220:	c131                	beqz	a0,6264 <tcp_receive+0x216>
    6222:	489c                	lw	a5,16(s1)
    6224:	00d7c983          	lbu	s3,13(a5)
    6228:	27c8                	lbu	a0,12(a5)
    622a:	09a2                	slli	s3,s3,0x8
    622c:	00a9e9b3          	or	s3,s3,a0
    6230:	6541                	lui	a0,0x10
    6232:	fc050513          	addi	a0,a0,-64 # ffc0 <_data_lma+0x5770>
    6236:	9f1fd0ef          	jal	ra,3c26 <htons>
    623a:	489c                	lw	a5,16(s1)
    623c:	00a9f9b3          	and	s3,s3,a0
    6240:	27c8                	lbu	a0,12(a5)
    6242:	37dc                	lbu	a5,13(a5)
    6244:	07a2                	slli	a5,a5,0x8
    6246:	8d5d                	or	a0,a0,a5
    6248:	9edfd0ef          	jal	ra,3c34 <ntohs>
    624c:	03e57513          	andi	a0,a0,62
    6250:	9d7fd0ef          	jal	ra,3c26 <htons>
    6254:	489c                	lw	a5,16(s1)
    6256:	00a9e533          	or	a0,s3,a0
    625a:	0542                	slli	a0,a0,0x10
    625c:	8141                	srli	a0,a0,0x10
    625e:	a7c8                	sb	a0,12(a5)
    6260:	8121                	srli	a0,a0,0x8
    6262:	b7c8                	sb	a0,13(a5)
    6264:	345e                	lhu	a5,44(s0)
    6266:	a4de                	sh	a5,12(s1)
    6268:	489c                	lw	a5,16(s1)
    626a:	27c8                	lbu	a0,12(a5)
    626c:	37dc                	lbu	a5,13(a5)
    626e:	07a2                	slli	a5,a5,0x8
    6270:	8d5d                	or	a0,a0,a5
    6272:	9c3fd0ef          	jal	ra,3c34 <ntohs>
    6276:	8909                	andi	a0,a0,2
    6278:	c501                	beqz	a0,6280 <tcp_receive+0x232>
    627a:	24de                	lhu	a5,12(s1)
    627c:	17fd                	addi	a5,a5,-1
    627e:	a4de                	sh	a5,12(s1)
    6280:	24ce                	lhu	a1,12(s1)
    6282:	40c8                	lw	a0,4(s1)
    6284:	f0dfe0ef          	jal	ra,5190 <pbuf_realloc>
    6288:	489c                	lw	a5,16(s1)
    628a:	00c4d983          	lhu	s3,12(s1)
    628e:	27c8                	lbu	a0,12(a5)
    6290:	37dc                	lbu	a5,13(a5)
    6292:	07a2                	slli	a5,a5,0x8
    6294:	8d5d                	or	a0,a0,a5
    6296:	99ffd0ef          	jal	ra,3c34 <ntohs>
    629a:	890d                	andi	a0,a0,3
    629c:	00a03533          	snez	a0,a0
    62a0:	99aa                	add	s3,s3,a0
    62a2:	013a1023          	sh	s3,0(s4)
    62a6:	08442783          	lw	a5,132(s0)
    62aa:	32078d63          	beqz	a5,65e4 <tcp_receive+0x596>
    62ae:	489c                	lw	a5,16(s1)
    62b0:	27c8                	lbu	a0,12(a5)
    62b2:	37dc                	lbu	a5,13(a5)
    62b4:	07a2                	slli	a5,a5,0x8
    62b6:	8d5d                	or	a0,a0,a5
    62b8:	97dfd0ef          	jal	ra,3c34 <ntohs>
    62bc:	8905                	andi	a0,a0,1
    62be:	32051063          	bnez	a0,65de <tcp_receive+0x590>
    62c2:	08442a83          	lw	s5,132(s0)
    62c6:	6b41                	lui	s6,0x10
    62c8:	fc0b0b13          	addi	s6,s6,-64 # ffc0 <_data_lma+0x5770>
    62cc:	00092503          	lw	a0,0(s2)
    62d0:	000a5703          	lhu	a4,0(s4)
    62d4:	972a                	add	a4,a4,a0
    62d6:	080a8063          	beqz	s5,6356 <tcp_receive+0x308>
    62da:	010aa603          	lw	a2,16(s5)
    62de:	324c                	lbu	a1,5(a2)
    62e0:	2254                	lbu	a3,4(a2)
    62e2:	05a2                	slli	a1,a1,0x8
    62e4:	8dd5                	or	a1,a1,a3
    62e6:	2274                	lbu	a3,6(a2)
    62e8:	06c2                	slli	a3,a3,0x10
    62ea:	8dd5                	or	a1,a1,a3
    62ec:	3274                	lbu	a3,7(a2)
    62ee:	06e2                	slli	a3,a3,0x18
    62f0:	8ecd                	or	a3,a3,a1
    62f2:	00cad583          	lhu	a1,12(s5)
    62f6:	95b6                	add	a1,a1,a3
    62f8:	40b705b3          	sub	a1,a4,a1
    62fc:	3205d963          	bgez	a1,662e <tcp_receive+0x5e0>
    6300:	8f15                	sub	a4,a4,a3
    6302:	04e05a63          	blez	a4,6356 <tcp_receive+0x308>
    6306:	08442783          	lw	a5,132(s0)
    630a:	4b98                	lw	a4,16(a5)
    630c:	335c                	lbu	a5,5(a4)
    630e:	2354                	lbu	a3,4(a4)
    6310:	07a2                	slli	a5,a5,0x8
    6312:	8fd5                	or	a5,a5,a3
    6314:	8f89                	sub	a5,a5,a0
    6316:	a4de                	sh	a5,12(s1)
    6318:	489c                	lw	a5,16(s1)
    631a:	27c8                	lbu	a0,12(a5)
    631c:	37dc                	lbu	a5,13(a5)
    631e:	07a2                	slli	a5,a5,0x8
    6320:	8d5d                	or	a0,a0,a5
    6322:	913fd0ef          	jal	ra,3c34 <ntohs>
    6326:	8909                	andi	a0,a0,2
    6328:	c501                	beqz	a0,6330 <tcp_receive+0x2e2>
    632a:	24de                	lhu	a5,12(s1)
    632c:	17fd                	addi	a5,a5,-1
    632e:	a4de                	sh	a5,12(s1)
    6330:	24ce                	lhu	a1,12(s1)
    6332:	40c8                	lw	a0,4(s1)
    6334:	e5dfe0ef          	jal	ra,5190 <pbuf_realloc>
    6338:	489c                	lw	a5,16(s1)
    633a:	00c4d983          	lhu	s3,12(s1)
    633e:	27c8                	lbu	a0,12(a5)
    6340:	37dc                	lbu	a5,13(a5)
    6342:	07a2                	slli	a5,a5,0x8
    6344:	8d5d                	or	a0,a0,a5
    6346:	8effd0ef          	jal	ra,3c34 <ntohs>
    634a:	890d                	andi	a0,a0,3
    634c:	00a03533          	snez	a0,a0
    6350:	99aa                	add	s3,s3,a0
    6352:	013a1023          	sh	s3,0(s4)
    6356:	09542223          	sw	s5,132(s0)
    635a:	a469                	j	65e4 <tcp_receive+0x596>
    635c:	dce791e3          	bne	a5,a4,611e <tcp_receive+0xd0>
    6360:	8522                	mv	a0,s0
    6362:	34d010ef          	jal	ra,7eae <tcp_rexmit_fast>
    6366:	bb65                	j	611e <tcp_receive+0xd0>
    6368:	04040c23          	sb	zero,88(s0)
    636c:	bb4d                	j	611e <tcp_receive+0xd0>
    636e:	5034                	lw	a3,96(s0)
    6370:	40d786b3          	sub	a3,a5,a3
    6374:	12d04263          	bgtz	a3,6498 <tcp_receive+0x44a>
    6378:	02644683          	lbu	a3,38(s0)
    637c:	0046f613          	andi	a2,a3,4
    6380:	ca01                	beqz	a2,6390 <tcp_receive+0x342>
    6382:	9aed                	andi	a3,a3,-5
    6384:	02d40323          	sb	a3,38(s0)
    6388:	05c45683          	lhu	a3,92(s0)
    638c:	04d41d23          	sh	a3,90(s0)
    6390:	04c41683          	lh	a3,76(s0)
    6394:	04e45603          	lhu	a2,78(s0)
    6398:	0742                	slli	a4,a4,0x10
    639a:	868d                	srai	a3,a3,0x3
    639c:	96b2                	add	a3,a3,a2
    639e:	04d41823          	sh	a3,80(s0)
    63a2:	07645683          	lhu	a3,118(s0)
    63a6:	8341                	srli	a4,a4,0x10
    63a8:	06e41a23          	sh	a4,116(s0)
    63ac:	9736                	add	a4,a4,a3
    63ae:	06e41b23          	sh	a4,118(s0)
    63b2:	4818                	lw	a4,16(s0)
    63b4:	c87c                	sw	a5,84(s0)
    63b6:	04040923          	sb	zero,82(s0)
    63ba:	04040c23          	sb	zero,88(s0)
    63be:	478d                	li	a5,3
    63c0:	02e7f163          	bgeu	a5,a4,63e2 <tcp_receive+0x394>
    63c4:	05a45703          	lhu	a4,90(s0)
    63c8:	05c45683          	lhu	a3,92(s0)
    63cc:	04045783          	lhu	a5,64(s0)
    63d0:	02d77663          	bgeu	a4,a3,63fc <tcp_receive+0x3ae>
    63d4:	97ba                	add	a5,a5,a4
    63d6:	07c2                	slli	a5,a5,0x10
    63d8:	83c1                	srli	a5,a5,0x10
    63da:	00f77463          	bgeu	a4,a5,63e2 <tcp_receive+0x394>
    63de:	04f41d23          	sh	a5,90(s0)
    63e2:	08042783          	lw	a5,128(s0)
    63e6:	e385                	bnez	a5,6406 <tcp_receive+0x3b8>
    63e8:	08042783          	lw	a5,128(s0)
    63ec:	02040e23          	sb	zero,60(s0)
    63f0:	0017b793          	seqz	a5,a5
    63f4:	40f007b3          	neg	a5,a5
    63f8:	bc7e                	sh	a5,62(s0)
    63fa:	b315                	j	611e <tcp_receive+0xd0>
    63fc:	02f787b3          	mul	a5,a5,a5
    6400:	02e7c7b3          	div	a5,a5,a4
    6404:	bfc1                	j	63d4 <tcp_receive+0x386>
    6406:	4b98                	lw	a4,16(a5)
    6408:	3348                	lbu	a0,5(a4)
    640a:	235c                	lbu	a5,4(a4)
    640c:	0522                	slli	a0,a0,0x8
    640e:	8d5d                	or	a0,a0,a5
    6410:	237c                	lbu	a5,6(a4)
    6412:	07c2                	slli	a5,a5,0x10
    6414:	8fc9                	or	a5,a5,a0
    6416:	3368                	lbu	a0,7(a4)
    6418:	0562                	slli	a0,a0,0x18
    641a:	8d5d                	or	a0,a0,a5
    641c:	84bfd0ef          	jal	ra,3c66 <ntohl>
    6420:	08042783          	lw	a5,128(s0)
    6424:	89aa                	mv	s3,a0
    6426:	00c7da03          	lhu	s4,12(a5)
    642a:	4b9c                	lw	a5,16(a5)
    642c:	27c8                	lbu	a0,12(a5)
    642e:	37dc                	lbu	a5,13(a5)
    6430:	07a2                	slli	a5,a5,0x8
    6432:	8d5d                	or	a0,a0,a5
    6434:	801fd0ef          	jal	ra,3c34 <ntohs>
    6438:	409c                	lw	a5,0(s1)
    643a:	890d                	andi	a0,a0,3
    643c:	00a03533          	snez	a0,a0
    6440:	9552                	add	a0,a0,s4
    6442:	40f989b3          	sub	s3,s3,a5
    6446:	954e                	add	a0,a0,s3
    6448:	faa040e3          	bgtz	a0,63e8 <tcp_receive+0x39a>
    644c:	08042983          	lw	s3,128(s0)
    6450:	0009a783          	lw	a5,0(s3)
    6454:	08f42023          	sw	a5,128(s0)
    6458:	07445783          	lhu	a5,116(s0)
    645c:	c385                	beqz	a5,647c <tcp_receive+0x42e>
    645e:	0109a783          	lw	a5,16(s3)
    6462:	27c8                	lbu	a0,12(a5)
    6464:	37dc                	lbu	a5,13(a5)
    6466:	07a2                	slli	a5,a5,0x8
    6468:	8d5d                	or	a0,a0,a5
    646a:	fcafd0ef          	jal	ra,3c34 <ntohs>
    646e:	8905                	andi	a0,a0,1
    6470:	c511                	beqz	a0,647c <tcp_receive+0x42e>
    6472:	07445783          	lhu	a5,116(s0)
    6476:	17fd                	addi	a5,a5,-1
    6478:	06f41a23          	sh	a5,116(s0)
    647c:	0049a503          	lw	a0,4(s3)
    6480:	d69fe0ef          	jal	ra,51e8 <pbuf_clen>
    6484:	07845783          	lhu	a5,120(s0)
    6488:	40a78533          	sub	a0,a5,a0
    648c:	06a41c23          	sh	a0,120(s0)
    6490:	854e                	mv	a0,s3
    6492:	9ccff0ef          	jal	ra,565e <tcp_seg_free>
    6496:	b7b1                	j	63e2 <tcp_receive+0x394>
    6498:	06041a23          	sh	zero,116(s0)
    649c:	b149                	j	611e <tcp_receive+0xd0>
    649e:	4b98                	lw	a4,16(a5)
    64a0:	0004a983          	lw	s3,0(s1)
    64a4:	3348                	lbu	a0,5(a4)
    64a6:	235c                	lbu	a5,4(a4)
    64a8:	0522                	slli	a0,a0,0x8
    64aa:	8d5d                	or	a0,a0,a5
    64ac:	237c                	lbu	a5,6(a4)
    64ae:	07c2                	slli	a5,a5,0x10
    64b0:	8fc9                	or	a5,a5,a0
    64b2:	3368                	lbu	a0,7(a4)
    64b4:	0562                	slli	a0,a0,0x18
    64b6:	8d5d                	or	a0,a0,a5
    64b8:	faefd0ef          	jal	ra,3c66 <ntohl>
    64bc:	5c7c                	lw	a5,124(s0)
    64be:	8aaa                	mv	s5,a0
    64c0:	415989b3          	sub	s3,s3,s5
    64c4:	00c7da03          	lhu	s4,12(a5)
    64c8:	4b9c                	lw	a5,16(a5)
    64ca:	27c8                	lbu	a0,12(a5)
    64cc:	37dc                	lbu	a5,13(a5)
    64ce:	07a2                	slli	a5,a5,0x8
    64d0:	8d5d                	or	a0,a0,a5
    64d2:	f62fd0ef          	jal	ra,3c34 <ntohs>
    64d6:	890d                	andi	a0,a0,3
    64d8:	00a03533          	snez	a0,a0
    64dc:	9552                	add	a0,a0,s4
    64de:	40a989b3          	sub	s3,s3,a0
    64e2:	c409c1e3          	bltz	s3,6124 <tcp_receive+0xd6>
    64e6:	409c                	lw	a5,0(s1)
    64e8:	5038                	lw	a4,96(s0)
    64ea:	8f99                	sub	a5,a5,a4
    64ec:	c2f04ce3          	bgtz	a5,6124 <tcp_receive+0xd6>
    64f0:	07c42983          	lw	s3,124(s0)
    64f4:	0009a783          	lw	a5,0(s3)
    64f8:	dc7c                	sw	a5,124(s0)
    64fa:	07445783          	lhu	a5,116(s0)
    64fe:	c385                	beqz	a5,651e <tcp_receive+0x4d0>
    6500:	0109a783          	lw	a5,16(s3)
    6504:	27c8                	lbu	a0,12(a5)
    6506:	37dc                	lbu	a5,13(a5)
    6508:	07a2                	slli	a5,a5,0x8
    650a:	8d5d                	or	a0,a0,a5
    650c:	f28fd0ef          	jal	ra,3c34 <ntohs>
    6510:	8905                	andi	a0,a0,1
    6512:	c511                	beqz	a0,651e <tcp_receive+0x4d0>
    6514:	07445783          	lhu	a5,116(s0)
    6518:	17fd                	addi	a5,a5,-1
    651a:	06f41a23          	sh	a5,116(s0)
    651e:	0049a503          	lw	a0,4(s3)
    6522:	cc7fe0ef          	jal	ra,51e8 <pbuf_clen>
    6526:	07845783          	lhu	a5,120(s0)
    652a:	40a78533          	sub	a0,a5,a0
    652e:	06a41c23          	sh	a0,120(s0)
    6532:	854e                	mv	a0,s3
    6534:	92aff0ef          	jal	ra,565e <tcp_seg_free>
    6538:	b6dd                	j	611e <tcp_receive+0xd0>
    653a:	443c                	lw	a5,72(s0)
    653c:	4098                	lw	a4,0(s1)
    653e:	8f99                	sub	a5,a5,a4
    6540:	be07d5e3          	bgez	a5,612a <tcp_receive+0xdc>
    6544:	04c41683          	lh	a3,76(s0)
    6548:	9101d703          	lhu	a4,-1776(gp) # 200002f0 <tcp_ticks>
    654c:	0642                	slli	a2,a2,0x10
    654e:	4036d593          	srai	a1,a3,0x3
    6552:	8241                	srli	a2,a2,0x10
    6554:	05c2                	slli	a1,a1,0x10
    6556:	81c1                	srli	a1,a1,0x10
    6558:	40c707b3          	sub	a5,a4,a2
    655c:	8f8d                	sub	a5,a5,a1
    655e:	07c2                	slli	a5,a5,0x10
    6560:	83c1                	srli	a5,a5,0x10
    6562:	01079513          	slli	a0,a5,0x10
    6566:	97b6                	add	a5,a5,a3
    6568:	07c2                	slli	a5,a5,0x10
    656a:	87c1                	srai	a5,a5,0x10
    656c:	8541                	srai	a0,a0,0x10
    656e:	04f41623          	sh	a5,76(s0)
    6572:	00055763          	bgez	a0,6580 <tcp_receive+0x532>
    6576:	8e19                	sub	a2,a2,a4
    6578:	962e                	add	a2,a2,a1
    657a:	01061513          	slli	a0,a2,0x10
    657e:	8541                	srai	a0,a0,0x10
    6580:	04e41683          	lh	a3,78(s0)
    6584:	878d                	srai	a5,a5,0x3
    6586:	04042223          	sw	zero,68(s0)
    658a:	4026d713          	srai	a4,a3,0x2
    658e:	40e68733          	sub	a4,a3,a4
    6592:	972a                	add	a4,a4,a0
    6594:	0742                	slli	a4,a4,0x10
    6596:	8341                	srli	a4,a4,0x10
    6598:	97ba                	add	a5,a5,a4
    659a:	04e41723          	sh	a4,78(s0)
    659e:	04f41823          	sh	a5,80(s0)
    65a2:	b661                	j	612a <tcp_receive+0xdc>
    65a4:	a49e                	sh	a5,8(s1)
    65a6:	00049523          	sh	zero,10(s1)
    65aa:	8d99                	sub	a1,a1,a4
    65ac:	4084                	lw	s1,0(s1)
    65ae:	b6e1                	j	6176 <tcp_receive+0x128>
    65b0:	40e00733          	neg	a4,a4
    65b4:	01071593          	slli	a1,a4,0x10
    65b8:	b6e9                	j	6182 <tcp_receive+0x134>
    65ba:	8f95                	sub	a5,a5,a3
    65bc:	c007d0e3          	bgez	a5,61bc <tcp_receive+0x16e>
    65c0:	02644783          	lbu	a5,38(s0)
    65c4:	8522                	mv	a0,s0
    65c6:	0027e793          	ori	a5,a5,2
    65ca:	02f40323          	sb	a5,38(s0)
    65ce:	3be010ef          	jal	ra,798c <tcp_output>
    65d2:	b6ed                	j	61bc <tcp_receive+0x16e>
    65d4:	411c                	lw	a5,0(a0)
    65d6:	08f42223          	sw	a5,132(s0)
    65da:	884ff0ef          	jal	ra,565e <tcp_seg_free>
    65de:	08442503          	lw	a0,132(s0)
    65e2:	f96d                	bnez	a0,65d4 <tcp_receive+0x586>
    65e4:	000a5683          	lhu	a3,0(s4)
    65e8:	345e                	lhu	a5,44(s0)
    65ea:	00092703          	lw	a4,0(s2)
    65ee:	8522                	mv	a0,s0
    65f0:	8f95                	sub	a5,a5,a3
    65f2:	9736                	add	a4,a4,a3
    65f4:	d418                	sw	a4,40(s0)
    65f6:	b45e                	sh	a5,44(s0)
    65f8:	fe3fe0ef          	jal	ra,55da <tcp_update_rcv_ann_wnd>
    65fc:	40dc                	lw	a5,4(s1)
    65fe:	279a                	lhu	a4,8(a5)
    6600:	c709                	beqz	a4,660a <tcp_receive+0x5bc>
    6602:	92f1a623          	sw	a5,-1748(gp) # 2000030c <recv_data>
    6606:	0004a223          	sw	zero,4(s1)
    660a:	489c                	lw	a5,16(s1)
    660c:	27c8                	lbu	a0,12(a5)
    660e:	37dc                	lbu	a5,13(a5)
    6610:	07a2                	slli	a5,a5,0x8
    6612:	8d5d                	or	a0,a0,a5
    6614:	e20fd0ef          	jal	ra,3c34 <ntohs>
    6618:	8905                	andi	a0,a0,1
    661a:	c519                	beqz	a0,6628 <tcp_receive+0x5da>
    661c:	93018793          	addi	a5,gp,-1744 # 20000310 <recv_flags>
    6620:	2398                	lbu	a4,0(a5)
    6622:	02076713          	ori	a4,a4,32
    6626:	a398                	sb	a4,0(a5)
    6628:	4a91                	li	s5,4
    662a:	4b1d                	li	s6,7
    662c:	aa39                	j	674a <tcp_receive+0x6fc>
    662e:	365c                	lbu	a5,13(a2)
    6630:	2648                	lbu	a0,12(a2)
    6632:	07a2                	slli	a5,a5,0x8
    6634:	8d5d                	or	a0,a0,a5
    6636:	dfefd0ef          	jal	ra,3c34 <ntohs>
    663a:	8905                	andi	a0,a0,1
    663c:	c535                	beqz	a0,66a8 <tcp_receive+0x65a>
    663e:	489c                	lw	a5,16(s1)
    6640:	27c8                	lbu	a0,12(a5)
    6642:	37dc                	lbu	a5,13(a5)
    6644:	07a2                	slli	a5,a5,0x8
    6646:	8d5d                	or	a0,a0,a5
    6648:	decfd0ef          	jal	ra,3c34 <ntohs>
    664c:	8909                	andi	a0,a0,2
    664e:	ed29                	bnez	a0,66a8 <tcp_receive+0x65a>
    6650:	489c                	lw	a5,16(s1)
    6652:	00d7c983          	lbu	s3,13(a5)
    6656:	27c8                	lbu	a0,12(a5)
    6658:	09a2                	slli	s3,s3,0x8
    665a:	00a9e9b3          	or	s3,s3,a0
    665e:	855a                	mv	a0,s6
    6660:	dc6fd0ef          	jal	ra,3c26 <htons>
    6664:	489c                	lw	a5,16(s1)
    6666:	00a9f9b3          	and	s3,s3,a0
    666a:	27c8                	lbu	a0,12(a5)
    666c:	37dc                	lbu	a5,13(a5)
    666e:	07a2                	slli	a5,a5,0x8
    6670:	8d5d                	or	a0,a0,a5
    6672:	dc2fd0ef          	jal	ra,3c34 <ntohs>
    6676:	03e57513          	andi	a0,a0,62
    667a:	00156513          	ori	a0,a0,1
    667e:	da8fd0ef          	jal	ra,3c26 <htons>
    6682:	00a9e533          	or	a0,s3,a0
    6686:	489c                	lw	a5,16(s1)
    6688:	0542                	slli	a0,a0,0x10
    668a:	8141                	srli	a0,a0,0x10
    668c:	00855713          	srli	a4,a0,0x8
    6690:	a7c8                	sb	a0,12(a5)
    6692:	b7d8                	sb	a4,13(a5)
    6694:	00c4d983          	lhu	s3,12(s1)
    6698:	d9cfd0ef          	jal	ra,3c34 <ntohs>
    669c:	890d                	andi	a0,a0,3
    669e:	00a03533          	snez	a0,a0
    66a2:	99aa                	add	s3,s3,a0
    66a4:	013a1023          	sh	s3,0(s4)
    66a8:	000aa983          	lw	s3,0(s5)
    66ac:	8556                	mv	a0,s5
    66ae:	fb1fe0ef          	jal	ra,565e <tcp_seg_free>
    66b2:	8ace                	mv	s5,s3
    66b4:	b921                	j	62cc <tcp_receive+0x27e>
    66b6:	00f92023          	sw	a5,0(s2)
    66ba:	375c                	lbu	a5,13(a4)
    66bc:	2748                	lbu	a0,12(a4)
    66be:	00c4db83          	lhu	s7,12(s1)
    66c2:	07a2                	slli	a5,a5,0x8
    66c4:	8d5d                	or	a0,a0,a5
    66c6:	d6efd0ef          	jal	ra,3c34 <ntohs>
    66ca:	541c                	lw	a5,40(s0)
    66cc:	890d                	andi	a0,a0,3
    66ce:	00a03533          	snez	a0,a0
    66d2:	955e                	add	a0,a0,s7
    66d4:	953e                	add	a0,a0,a5
    66d6:	489c                	lw	a5,16(s1)
    66d8:	d408                	sw	a0,40(s0)
    66da:	00c4db83          	lhu	s7,12(s1)
    66de:	27c8                	lbu	a0,12(a5)
    66e0:	37dc                	lbu	a5,13(a5)
    66e2:	07a2                	slli	a5,a5,0x8
    66e4:	8d5d                	or	a0,a0,a5
    66e6:	d4efd0ef          	jal	ra,3c34 <ntohs>
    66ea:	345e                	lhu	a5,44(s0)
    66ec:	890d                	andi	a0,a0,3
    66ee:	00a03533          	snez	a0,a0
    66f2:	955e                	add	a0,a0,s7
    66f4:	40a78533          	sub	a0,a5,a0
    66f8:	b44a                	sh	a0,44(s0)
    66fa:	8522                	mv	a0,s0
    66fc:	edffe0ef          	jal	ra,55da <tcp_update_rcv_ann_wnd>
    6700:	40cc                	lw	a1,4(s1)
    6702:	259e                	lhu	a5,8(a1)
    6704:	cb89                	beqz	a5,6716 <tcp_receive+0x6c8>
    6706:	92c18793          	addi	a5,gp,-1748 # 2000030c <recv_data>
    670a:	4388                	lw	a0,0(a5)
    670c:	cd35                	beqz	a0,6788 <tcp_receive+0x73a>
    670e:	af7fe0ef          	jal	ra,5204 <pbuf_cat>
    6712:	0004a223          	sw	zero,4(s1)
    6716:	489c                	lw	a5,16(s1)
    6718:	27c8                	lbu	a0,12(a5)
    671a:	37dc                	lbu	a5,13(a5)
    671c:	07a2                	slli	a5,a5,0x8
    671e:	8d5d                	or	a0,a0,a5
    6720:	d14fd0ef          	jal	ra,3c34 <ntohs>
    6724:	8905                	andi	a0,a0,1
    6726:	cd01                	beqz	a0,673e <tcp_receive+0x6f0>
    6728:	93018713          	addi	a4,gp,-1744 # 20000310 <recv_flags>
    672c:	231c                	lbu	a5,0(a4)
    672e:	0207e793          	ori	a5,a5,32
    6732:	a31c                	sb	a5,0(a4)
    6734:	481c                	lw	a5,16(s0)
    6736:	01579463          	bne	a5,s5,673e <tcp_receive+0x6f0>
    673a:	01642823          	sw	s6,16(s0)
    673e:	409c                	lw	a5,0(s1)
    6740:	8526                	mv	a0,s1
    6742:	08f42223          	sw	a5,132(s0)
    6746:	f19fe0ef          	jal	ra,565e <tcp_seg_free>
    674a:	08442483          	lw	s1,132(s0)
    674e:	cc99                	beqz	s1,676c <tcp_receive+0x71e>
    6750:	4898                	lw	a4,16(s1)
    6752:	3354                	lbu	a3,5(a4)
    6754:	235c                	lbu	a5,4(a4)
    6756:	06a2                	slli	a3,a3,0x8
    6758:	8edd                	or	a3,a3,a5
    675a:	237c                	lbu	a5,6(a4)
    675c:	07c2                	slli	a5,a5,0x10
    675e:	8edd                	or	a3,a3,a5
    6760:	337c                	lbu	a5,7(a4)
    6762:	07e2                	slli	a5,a5,0x18
    6764:	8fd5                	or	a5,a5,a3
    6766:	5414                	lw	a3,40(s0)
    6768:	f4d787e3          	beq	a5,a3,66b6 <tcp_receive+0x668>
    676c:	02644783          	lbu	a5,38(s0)
    6770:	0017f713          	andi	a4,a5,1
    6774:	cf01                	beqz	a4,678c <tcp_receive+0x73e>
    6776:	9bf9                	andi	a5,a5,-2
    6778:	0027e793          	ori	a5,a5,2
    677c:	02f40323          	sb	a5,38(s0)
    6780:	8522                	mv	a0,s0
    6782:	20a010ef          	jal	ra,798c <tcp_output>
    6786:	a039                	j	6794 <tcp_receive+0x746>
    6788:	c38c                	sw	a1,0(a5)
    678a:	b761                	j	6712 <tcp_receive+0x6c4>
    678c:	0017e793          	ori	a5,a5,1
    6790:	02f40323          	sb	a5,38(s0)
    6794:	9edf906f          	j	180 <__riscv_restore_10>
    6798:	8522                	mv	a0,s0
    679a:	182010ef          	jal	ra,791c <tcp_send_empty_ack>
    679e:	08442483          	lw	s1,132(s0)
    67a2:	e891                	bnez	s1,67b6 <tcp_receive+0x768>
    67a4:	20007537          	lui	a0,0x20007
    67a8:	ad050513          	addi	a0,a0,-1328 # 20006ad0 <inseg>
    67ac:	efbfe0ef          	jal	ra,56a6 <tcp_seg_copy>
    67b0:	08a42223          	sw	a0,132(s0)
    67b4:	b7c5                	j	6794 <tcp_receive+0x746>
    67b6:	00092703          	lw	a4,0(s2)
    67ba:	4981                	li	s3,0
    67bc:	fff70813          	addi	a6,a4,-1
    67c0:	00170513          	addi	a0,a4,1
    67c4:	4890                	lw	a2,16(s1)
    67c6:	3254                	lbu	a3,5(a2)
    67c8:	225c                	lbu	a5,4(a2)
    67ca:	06a2                	slli	a3,a3,0x8
    67cc:	8edd                	or	a3,a3,a5
    67ce:	227c                	lbu	a5,6(a2)
    67d0:	07c2                	slli	a5,a5,0x10
    67d2:	8edd                	or	a3,a3,a5
    67d4:	327c                	lbu	a5,7(a2)
    67d6:	07e2                	slli	a5,a5,0x18
    67d8:	8fd5                	or	a5,a5,a3
    67da:	02e79c63          	bne	a5,a4,6812 <tcp_receive+0x7c4>
    67de:	20007537          	lui	a0,0x20007
    67e2:	ad050793          	addi	a5,a0,-1328 # 20006ad0 <inseg>
    67e6:	27da                	lhu	a4,12(a5)
    67e8:	24de                	lhu	a5,12(s1)
    67ea:	fae7f5e3          	bgeu	a5,a4,6794 <tcp_receive+0x746>
    67ee:	ad050513          	addi	a0,a0,-1328
    67f2:	eb5fe0ef          	jal	ra,56a6 <tcp_seg_copy>
    67f6:	dd59                	beqz	a0,6794 <tcp_receive+0x746>
    67f8:	00098a63          	beqz	s3,680c <tcp_receive+0x7be>
    67fc:	00a9a023          	sw	a0,0(s3)
    6800:	85a6                	mv	a1,s1
    6802:	f7eff0ef          	jal	ra,5f80 <tcp_oos_insert_segment>
    6806:	b779                	j	6794 <tcp_receive+0x746>
    6808:	84b6                	mv	s1,a3
    680a:	bf6d                	j	67c4 <tcp_receive+0x776>
    680c:	08a42223          	sw	a0,132(s0)
    6810:	bfc5                	j	6800 <tcp_receive+0x7b2>
    6812:	02099063          	bnez	s3,6832 <tcp_receive+0x7e4>
    6816:	40f706b3          	sub	a3,a4,a5
    681a:	0806de63          	bgez	a3,68b6 <tcp_receive+0x868>
    681e:	20007537          	lui	a0,0x20007
    6822:	ad050513          	addi	a0,a0,-1328 # 20006ad0 <inseg>
    6826:	e81fe0ef          	jal	ra,56a6 <tcp_seg_copy>
    682a:	d52d                	beqz	a0,6794 <tcp_receive+0x746>
    682c:	08a42223          	sw	a0,132(s0)
    6830:	bfc1                	j	6800 <tcp_receive+0x7b2>
    6832:	0109a883          	lw	a7,16(s3)
    6836:	0058c583          	lbu	a1,5(a7)
    683a:	0048c683          	lbu	a3,4(a7)
    683e:	05a2                	slli	a1,a1,0x8
    6840:	8dd5                	or	a1,a1,a3
    6842:	0068c683          	lbu	a3,6(a7)
    6846:	06c2                	slli	a3,a3,0x10
    6848:	8dd5                	or	a1,a1,a3
    684a:	0078c683          	lbu	a3,7(a7)
    684e:	06e2                	slli	a3,a3,0x18
    6850:	8ecd                	or	a3,a3,a1
    6852:	40d806b3          	sub	a3,a6,a3
    6856:	0606c063          	bltz	a3,68b6 <tcp_receive+0x868>
    685a:	40f506b3          	sub	a3,a0,a5
    685e:	04d04c63          	bgtz	a3,68b6 <tcp_receive+0x868>
    6862:	20007537          	lui	a0,0x20007
    6866:	ad050513          	addi	a0,a0,-1328 # 20006ad0 <inseg>
    686a:	e3dfe0ef          	jal	ra,56a6 <tcp_seg_copy>
    686e:	842a                	mv	s0,a0
    6870:	d115                	beqz	a0,6794 <tcp_receive+0x746>
    6872:	0109a703          	lw	a4,16(s3)
    6876:	335c                	lbu	a5,5(a4)
    6878:	234c                	lbu	a1,4(a4)
    687a:	07a2                	slli	a5,a5,0x8
    687c:	8ddd                	or	a1,a1,a5
    687e:	237c                	lbu	a5,6(a4)
    6880:	07c2                	slli	a5,a5,0x10
    6882:	8fcd                	or	a5,a5,a1
    6884:	336c                	lbu	a1,7(a4)
    6886:	00c9d703          	lhu	a4,12(s3)
    688a:	05e2                	slli	a1,a1,0x18
    688c:	8fcd                	or	a5,a5,a1
    688e:	00092583          	lw	a1,0(s2)
    6892:	973e                	add	a4,a4,a5
    6894:	8f0d                	sub	a4,a4,a1
    6896:	00e05b63          	blez	a4,68ac <tcp_receive+0x85e>
    689a:	8d9d                	sub	a1,a1,a5
    689c:	05c2                	slli	a1,a1,0x10
    689e:	0049a503          	lw	a0,4(s3)
    68a2:	81c1                	srli	a1,a1,0x10
    68a4:	00b99623          	sh	a1,12(s3)
    68a8:	8e9fe0ef          	jal	ra,5190 <pbuf_realloc>
    68ac:	0089a023          	sw	s0,0(s3)
    68b0:	85a6                	mv	a1,s1
    68b2:	8522                	mv	a0,s0
    68b4:	b7b9                	j	6802 <tcp_receive+0x7b4>
    68b6:	4094                	lw	a3,0(s1)
    68b8:	89a6                	mv	s3,s1
    68ba:	f6b9                	bnez	a3,6808 <tcp_receive+0x7ba>
    68bc:	40f707b3          	sub	a5,a4,a5
    68c0:	ecf05ae3          	blez	a5,6794 <tcp_receive+0x746>
    68c4:	365c                	lbu	a5,13(a2)
    68c6:	2648                	lbu	a0,12(a2)
    68c8:	07a2                	slli	a5,a5,0x8
    68ca:	8d5d                	or	a0,a0,a5
    68cc:	b68fd0ef          	jal	ra,3c34 <ntohs>
    68d0:	8905                	andi	a0,a0,1
    68d2:	ec0511e3          	bnez	a0,6794 <tcp_receive+0x746>
    68d6:	20007537          	lui	a0,0x20007
    68da:	ad050513          	addi	a0,a0,-1328 # 20006ad0 <inseg>
    68de:	dc9fe0ef          	jal	ra,56a6 <tcp_seg_copy>
    68e2:	c088                	sw	a0,0(s1)
    68e4:	ea0508e3          	beqz	a0,6794 <tcp_receive+0x746>
    68e8:	4898                	lw	a4,16(s1)
    68ea:	335c                	lbu	a5,5(a4)
    68ec:	234c                	lbu	a1,4(a4)
    68ee:	07a2                	slli	a5,a5,0x8
    68f0:	8ddd                	or	a1,a1,a5
    68f2:	237c                	lbu	a5,6(a4)
    68f4:	07c2                	slli	a5,a5,0x10
    68f6:	8fcd                	or	a5,a5,a1
    68f8:	336c                	lbu	a1,7(a4)
    68fa:	24da                	lhu	a4,12(s1)
    68fc:	05e2                	slli	a1,a1,0x18
    68fe:	8fcd                	or	a5,a5,a1
    6900:	00092583          	lw	a1,0(s2)
    6904:	973e                	add	a4,a4,a5
    6906:	8f0d                	sub	a4,a4,a1
    6908:	e8e056e3          	blez	a4,6794 <tcp_receive+0x746>
    690c:	8d9d                	sub	a1,a1,a5
    690e:	05c2                	slli	a1,a1,0x10
    6910:	40c8                	lw	a0,4(s1)
    6912:	81c1                	srli	a1,a1,0x10
    6914:	a4ce                	sh	a1,12(s1)
    6916:	87bfe0ef          	jal	ra,5190 <pbuf_realloc>
    691a:	bdad                	j	6794 <tcp_receive+0x746>
    691c:	8522                	mv	a0,s0
    691e:	7ff000ef          	jal	ra,791c <tcp_send_empty_ack>
    6922:	bd8d                	j	6794 <tcp_receive+0x746>
    6924:	40d78733          	sub	a4,a5,a3
    6928:	00074863          	bltz	a4,6938 <tcp_receive+0x8ea>
    692c:	345a                	lhu	a4,44(s0)
    692e:	0785                	addi	a5,a5,1
    6930:	8f95                	sub	a5,a5,a3
    6932:	8f99                	sub	a5,a5,a4
    6934:	e6f050e3          	blez	a5,6794 <tcp_receive+0x746>
    6938:	02644783          	lbu	a5,38(s0)
    693c:	bd35                	j	6778 <tcp_receive+0x72a>

0000693e <tcp_parseopt.isra.0>:
    693e:	833f92ef          	jal	t0,170 <__riscv_save_0>
    6942:	93c18493          	addi	s1,gp,-1732 # 2000031c <tcphdr>
    6946:	0004a903          	lw	s2,0(s1)
    694a:	842a                	mv	s0,a0
    694c:	00d94783          	lbu	a5,13(s2)
    6950:	00c94503          	lbu	a0,12(s2)
    6954:	07a2                	slli	a5,a5,0x8
    6956:	8d5d                	or	a0,a0,a5
    6958:	adcfd0ef          	jal	ra,3c34 <ntohs>
    695c:	8131                	srli	a0,a0,0xc
    695e:	0542                	slli	a0,a0,0x10
    6960:	8141                	srli	a0,a0,0x10
    6962:	4795                	li	a5,5
    6964:	02a7fc63          	bgeu	a5,a0,699c <tcp_parseopt.isra.0+0x5e>
    6968:	409c                	lw	a5,0(s1)
    696a:	0951                	addi	s2,s2,20
    696c:	27c8                	lbu	a0,12(a5)
    696e:	37dc                	lbu	a5,13(a5)
    6970:	07a2                	slli	a5,a5,0x8
    6972:	8d5d                	or	a0,a0,a5
    6974:	ac0fd0ef          	jal	ra,3c34 <ntohs>
    6978:	200077b7          	lui	a5,0x20007
    697c:	a507a603          	lw	a2,-1456(a5) # 20006a50 <WCHCfg+0x4>
    6980:	8131                	srli	a0,a0,0xc
    6982:	156d                	addi	a0,a0,-5
    6984:	050a                	slli	a0,a0,0x2
    6986:	0542                	slli	a0,a0,0x10
    6988:	01061593          	slli	a1,a2,0x10
    698c:	8141                	srli	a0,a0,0x10
    698e:	81c1                	srli	a1,a1,0x10
    6990:	4781                	li	a5,0
    6992:	4805                	li	a6,1
    6994:	4889                	li	a7,2
    6996:	4311                	li	t1,4
    6998:	00a7e463          	bltu	a5,a0,69a0 <tcp_parseopt.isra.0+0x62>
    699c:	ff8f906f          	j	194 <__riscv_restore_0>
    69a0:	00f906b3          	add	a3,s2,a5
    69a4:	2298                	lbu	a4,0(a3)
    69a6:	01070963          	beq	a4,a6,69b8 <tcp_parseopt.isra.0+0x7a>
    69aa:	db6d                	beqz	a4,699c <tcp_parseopt.isra.0+0x5e>
    69ac:	01170a63          	beq	a4,a7,69c0 <tcp_parseopt.isra.0+0x82>
    69b0:	3298                	lbu	a4,1(a3)
    69b2:	d76d                	beqz	a4,699c <tcp_parseopt.isra.0+0x5e>
    69b4:	97ba                	add	a5,a5,a4
    69b6:	a011                	j	69ba <tcp_parseopt.isra.0+0x7c>
    69b8:	0785                	addi	a5,a5,1
    69ba:	07c2                	slli	a5,a5,0x10
    69bc:	83c1                	srli	a5,a5,0x10
    69be:	bfe9                	j	6998 <tcp_parseopt.isra.0+0x5a>
    69c0:	3298                	lbu	a4,1(a3)
    69c2:	fc671de3          	bne	a4,t1,699c <tcp_parseopt.isra.0+0x5e>
    69c6:	00378713          	addi	a4,a5,3
    69ca:	fca759e3          	bge	a4,a0,699c <tcp_parseopt.isra.0+0x5e>
    69ce:	22b8                	lbu	a4,2(a3)
    69d0:	32b4                	lbu	a3,3(a3)
    69d2:	0722                	slli	a4,a4,0x8
    69d4:	8f55                	or	a4,a4,a3
    69d6:	00e66363          	bltu	a2,a4,69dc <tcp_parseopt.isra.0+0x9e>
    69da:	e311                	bnez	a4,69de <tcp_parseopt.isra.0+0xa0>
    69dc:	872e                	mv	a4,a1
    69de:	a01a                	sh	a4,0(s0)
    69e0:	0791                	addi	a5,a5,4
    69e2:	bfe1                	j	69ba <tcp_parseopt.isra.0+0x7c>

000069e4 <tcp_input>:
    69e4:	f5cf92ef          	jal	t0,140 <__riscv_save_12>
    69e8:	4140                	lw	s0,4(a0)
    69ea:	8baa                	mv	s7,a0
    69ec:	301c                	lbu	a5,1(s0)
    69ee:	2008                	lbu	a0,0(s0)
    69f0:	1141                	addi	sp,sp,-16
    69f2:	07a2                	slli	a5,a5,0x8
    69f4:	92818913          	addi	s2,gp,-1752 # 20000308 <iphdr>
    69f8:	8d5d                	or	a0,a0,a5
    69fa:	89ae                	mv	s3,a1
    69fc:	00892023          	sw	s0,0(s2)
    6a00:	a34fd0ef          	jal	ra,3c34 <ntohs>
    6a04:	00092783          	lw	a5,0(s2)
    6a08:	8119                	srli	a0,a0,0x6
    6a0a:	03c57513          	andi	a0,a0,60
    6a0e:	942a                	add	s0,s0,a0
    6a10:	2388                	lbu	a0,0(a5)
    6a12:	339c                	lbu	a5,1(a5)
    6a14:	9281ae23          	sw	s0,-1732(gp) # 2000031c <tcphdr>
    6a18:	07a2                	slli	a5,a5,0x8
    6a1a:	8d5d                	or	a0,a0,a5
    6a1c:	a18fd0ef          	jal	ra,3c34 <ntohs>
    6a20:	00655593          	srli	a1,a0,0x6
    6a24:	03c5f593          	andi	a1,a1,60
    6a28:	40b005b3          	neg	a1,a1
    6a2c:	855e                	mv	a0,s7
    6a2e:	d66fe0ef          	jal	ra,4f94 <pbuf_header>
    6a32:	e511                	bnez	a0,6a3e <tcp_input+0x5a>
    6a34:	008bd703          	lhu	a4,8(s7)
    6a38:	47cd                	li	a5,19
    6a3a:	00e7e863          	bltu	a5,a4,6a4a <tcp_input+0x66>
    6a3e:	855e                	mv	a0,s7
    6a40:	dc2fe0ef          	jal	ra,5002 <pbuf_free>
    6a44:	0141                	addi	sp,sp,16
    6a46:	f36f906f          	j	17c <__riscv_restore_12>
    6a4a:	92818b13          	addi	s6,gp,-1752 # 20000308 <iphdr>
    6a4e:	000b2503          	lw	a0,0(s6)
    6a52:	85ce                	mv	a1,s3
    6a54:	0541                	addi	a0,a0,16
    6a56:	e92fd0ef          	jal	ra,40e8 <ip_addr_isbroadcast>
    6a5a:	f175                	bnez	a0,6a3e <tcp_input+0x5a>
    6a5c:	000b2703          	lw	a4,0(s6)
    6a60:	f0000537          	lui	a0,0xf0000
    6a64:	3b1c                	lbu	a5,17(a4)
    6a66:	2b00                	lbu	s0,16(a4)
    6a68:	07a2                	slli	a5,a5,0x8
    6a6a:	8fc1                	or	a5,a5,s0
    6a6c:	2b20                	lbu	s0,18(a4)
    6a6e:	0442                	slli	s0,s0,0x10
    6a70:	8fc1                	or	a5,a5,s0
    6a72:	3b20                	lbu	s0,19(a4)
    6a74:	0462                	slli	s0,s0,0x18
    6a76:	8c5d                	or	s0,s0,a5
    6a78:	9eefd0ef          	jal	ra,3c66 <ntohl>
    6a7c:	8c69                	and	s0,s0,a0
    6a7e:	e0000537          	lui	a0,0xe0000
    6a82:	9e4fd0ef          	jal	ra,3c66 <ntohl>
    6a86:	faa40ce3          	beq	s0,a0,6a3e <tcp_input+0x5a>
    6a8a:	000b2583          	lw	a1,0(s6)
    6a8e:	008bd703          	lhu	a4,8(s7)
    6a92:	4699                	li	a3,6
    6a94:	01058613          	addi	a2,a1,16
    6a98:	855e                	mv	a0,s7
    6a9a:	05b1                	addi	a1,a1,12
    6a9c:	5cf010ef          	jal	ra,886a <inet_chksum_pseudo>
    6aa0:	fd59                	bnez	a0,6a3e <tcp_input+0x5a>
    6aa2:	93c18493          	addi	s1,gp,-1732 # 2000031c <tcphdr>
    6aa6:	409c                	lw	a5,0(s1)
    6aa8:	27c8                	lbu	a0,12(a5)
    6aaa:	37dc                	lbu	a5,13(a5)
    6aac:	07a2                	slli	a5,a5,0x8
    6aae:	8d5d                	or	a0,a0,a5
    6ab0:	984fd0ef          	jal	ra,3c34 <ntohs>
    6ab4:	8131                	srli	a0,a0,0xc
    6ab6:	55f1                	li	a1,-4
    6ab8:	02b505b3          	mul	a1,a0,a1
    6abc:	855e                	mv	a0,s7
    6abe:	05c2                	slli	a1,a1,0x10
    6ac0:	85c1                	srai	a1,a1,0x10
    6ac2:	cd2fe0ef          	jal	ra,4f94 <pbuf_header>
    6ac6:	fd25                	bnez	a0,6a3e <tcp_input+0x5a>
    6ac8:	4080                	lw	s0,0(s1)
    6aca:	301c                	lbu	a5,1(s0)
    6acc:	2008                	lbu	a0,0(s0)
    6ace:	07a2                	slli	a5,a5,0x8
    6ad0:	8d5d                	or	a0,a0,a5
    6ad2:	962fd0ef          	jal	ra,3c34 <ntohs>
    6ad6:	a008                	sb	a0,0(s0)
    6ad8:	8121                	srli	a0,a0,0x8
    6ada:	b008                	sb	a0,1(s0)
    6adc:	4080                	lw	s0,0(s1)
    6ade:	303c                	lbu	a5,3(s0)
    6ae0:	2028                	lbu	a0,2(s0)
    6ae2:	07a2                	slli	a5,a5,0x8
    6ae4:	8d5d                	or	a0,a0,a5
    6ae6:	94efd0ef          	jal	ra,3c34 <ntohs>
    6aea:	a028                	sb	a0,2(s0)
    6aec:	8121                	srli	a0,a0,0x8
    6aee:	b028                	sb	a0,3(s0)
    6af0:	4080                	lw	s0,0(s1)
    6af2:	3048                	lbu	a0,5(s0)
    6af4:	205c                	lbu	a5,4(s0)
    6af6:	0522                	slli	a0,a0,0x8
    6af8:	8d5d                	or	a0,a0,a5
    6afa:	207c                	lbu	a5,6(s0)
    6afc:	07c2                	slli	a5,a5,0x10
    6afe:	8fc9                	or	a5,a5,a0
    6b00:	3068                	lbu	a0,7(s0)
    6b02:	0562                	slli	a0,a0,0x18
    6b04:	8d5d                	or	a0,a0,a5
    6b06:	960fd0ef          	jal	ra,3c66 <ntohl>
    6b0a:	00855793          	srli	a5,a0,0x8
    6b0e:	b05c                	sb	a5,5(s0)
    6b10:	01055793          	srli	a5,a0,0x10
    6b14:	a07c                	sb	a5,6(s0)
    6b16:	01855793          	srli	a5,a0,0x18
    6b1a:	a048                	sb	a0,4(s0)
    6b1c:	b07c                	sb	a5,7(s0)
    6b1e:	4080                	lw	s0,0(s1)
    6b20:	92a1aa23          	sw	a0,-1740(gp) # 20000314 <seqno>
    6b24:	93418a93          	addi	s5,gp,-1740 # 20000314 <seqno>
    6b28:	3408                	lbu	a0,9(s0)
    6b2a:	241c                	lbu	a5,8(s0)
    6b2c:	0522                	slli	a0,a0,0x8
    6b2e:	8d5d                	or	a0,a0,a5
    6b30:	243c                	lbu	a5,10(s0)
    6b32:	07c2                	slli	a5,a5,0x10
    6b34:	8fc9                	or	a5,a5,a0
    6b36:	3428                	lbu	a0,11(s0)
    6b38:	0562                	slli	a0,a0,0x18
    6b3a:	8d5d                	or	a0,a0,a5
    6b3c:	92afd0ef          	jal	ra,3c66 <ntohl>
    6b40:	00855793          	srli	a5,a0,0x8
    6b44:	b41c                	sb	a5,9(s0)
    6b46:	01055793          	srli	a5,a0,0x10
    6b4a:	a43c                	sb	a5,10(s0)
    6b4c:	01855793          	srli	a5,a0,0x18
    6b50:	a408                	sb	a0,8(s0)
    6b52:	b43c                	sb	a5,11(s0)
    6b54:	4080                	lw	s0,0(s1)
    6b56:	92a1a023          	sw	a0,-1760(gp) # 20000300 <ackno>
    6b5a:	92018913          	addi	s2,gp,-1760 # 20000300 <ackno>
    6b5e:	347c                	lbu	a5,15(s0)
    6b60:	2468                	lbu	a0,14(s0)
    6b62:	07a2                	slli	a5,a5,0x8
    6b64:	8d5d                	or	a0,a0,a5
    6b66:	8cefd0ef          	jal	ra,3c34 <ntohs>
    6b6a:	409c                	lw	a5,0(s1)
    6b6c:	a468                	sb	a0,14(s0)
    6b6e:	8121                	srli	a0,a0,0x8
    6b70:	b468                	sb	a0,15(s0)
    6b72:	27c8                	lbu	a0,12(a5)
    6b74:	37dc                	lbu	a5,13(a5)
    6b76:	07a2                	slli	a5,a5,0x8
    6b78:	8d5d                	or	a0,a0,a5
    6b7a:	8bafd0ef          	jal	ra,3c34 <ntohs>
    6b7e:	0ff57813          	andi	a6,a0,255
    6b82:	008bd883          	lhu	a7,8(s7)
    6b86:	00387593          	andi	a1,a6,3
    6b8a:	00b035b3          	snez	a1,a1
    6b8e:	95c6                	add	a1,a1,a7
    6b90:	9041a303          	lw	t1,-1788(gp) # 200002e4 <tcp_active_pcbs>
    6b94:	05c2                	slli	a1,a1,0x10
    6b96:	4094                	lw	a3,0(s1)
    6b98:	000b2603          	lw	a2,0(s6)
    6b9c:	03f87793          	andi	a5,a6,63
    6ba0:	81c1                	srli	a1,a1,0x10
    6ba2:	92f18223          	sb	a5,-1756(gp) # 20000304 <flags>
    6ba6:	94b19023          	sh	a1,-1728(gp) # 20000320 <tcplen>
    6baa:	841a                	mv	s0,t1
    6bac:	4501                	li	a0,0
    6bae:	92418c93          	addi	s9,gp,-1756 # 20000304 <flags>
    6bb2:	94018c13          	addi	s8,gp,-1728 # 20000320 <tcplen>
    6bb6:	e401                	bnez	s0,6bbe <tcp_input+0x1da>
    6bb8:	91c1a503          	lw	a0,-1764(gp) # 200002fc <tcp_tw_pcbs>
    6bbc:	a2e9                	j	6d86 <tcp_input+0x3a2>
    6bbe:	329c                	lbu	a5,1(a3)
    6bc0:	0006ce03          	lbu	t3,0(a3)
    6bc4:	305a                	lhu	a4,36(s0)
    6bc6:	07a2                	slli	a5,a5,0x8
    6bc8:	01c7e7b3          	or	a5,a5,t3
    6bcc:	0ef71263          	bne	a4,a5,6cb0 <tcp_input+0x2cc>
    6bd0:	32bc                	lbu	a5,3(a3)
    6bd2:	0026ce03          	lbu	t3,2(a3)
    6bd6:	2c5a                	lhu	a4,28(s0)
    6bd8:	07a2                	slli	a5,a5,0x8
    6bda:	01c7e7b3          	or	a5,a5,t3
    6bde:	0cf71963          	bne	a4,a5,6cb0 <tcp_input+0x2cc>
    6be2:	3658                	lbu	a4,13(a2)
    6be4:	265c                	lbu	a5,12(a2)
    6be6:	0722                	slli	a4,a4,0x8
    6be8:	8f5d                	or	a4,a4,a5
    6bea:	267c                	lbu	a5,14(a2)
    6bec:	07c2                	slli	a5,a5,0x10
    6bee:	8f5d                	or	a4,a4,a5
    6bf0:	367c                	lbu	a5,15(a2)
    6bf2:	07e2                	slli	a5,a5,0x18
    6bf4:	8fd9                	or	a5,a5,a4
    6bf6:	4058                	lw	a4,4(s0)
    6bf8:	0af71c63          	bne	a4,a5,6cb0 <tcp_input+0x2cc>
    6bfc:	3a18                	lbu	a4,17(a2)
    6bfe:	2a1c                	lbu	a5,16(a2)
    6c00:	0722                	slli	a4,a4,0x8
    6c02:	8f5d                	or	a4,a4,a5
    6c04:	2a3c                	lbu	a5,18(a2)
    6c06:	07c2                	slli	a5,a5,0x10
    6c08:	8f5d                	or	a4,a4,a5
    6c0a:	3a3c                	lbu	a5,19(a2)
    6c0c:	07e2                	slli	a5,a5,0x18
    6c0e:	8fd9                	or	a5,a5,a4
    6c10:	4018                	lw	a4,0(s0)
    6c12:	08f71f63          	bne	a4,a5,6cb0 <tcp_input+0x2cc>
    6c16:	c519                	beqz	a0,6c24 <tcp_input+0x240>
    6c18:	445c                	lw	a5,12(s0)
    6c1a:	9081a223          	sw	s0,-1788(gp) # 200002e4 <tcp_active_pcbs>
    6c1e:	c55c                	sw	a5,12(a0)
    6c20:	00642623          	sw	t1,12(s0)
    6c24:	004ba703          	lw	a4,4(s7)
    6c28:	20007db7          	lui	s11,0x20007
    6c2c:	08842603          	lw	a2,136(s0)
    6c30:	ad0d8793          	addi	a5,s11,-1328 # 20006ad0 <inseg>
    6c34:	9201a623          	sw	zero,-1748(gp) # 2000030c <recv_data>
    6c38:	92018823          	sb	zero,-1744(gp) # 20000310 <recv_flags>
    6c3c:	0007a023          	sw	zero,0(a5)
    6c40:	01179623          	sh	a7,12(a5)
    6c44:	c798                	sw	a4,8(a5)
    6c46:	0177a223          	sw	s7,4(a5)
    6c4a:	cb94                	sw	a3,16(a5)
    6c4c:	93018a13          	addi	s4,gp,-1744 # 20000310 <recv_flags>
    6c50:	92c18d13          	addi	s10,gp,-1748 # 2000030c <recv_data>
    6c54:	ad0d8d93          	addi	s11,s11,-1328
    6c58:	ce09                	beqz	a2,6c72 <tcp_input+0x28e>
    6c5a:	09042783          	lw	a5,144(s0)
    6c5e:	4681                	li	a3,0
    6c60:	85a2                	mv	a1,s0
    6c62:	2c078a63          	beqz	a5,6f36 <tcp_input+0x552>
    6c66:	4c08                	lw	a0,24(s0)
    6c68:	9782                	jalr	a5
    6c6a:	dc051ae3          	bnez	a0,6a3e <tcp_input+0x5a>
    6c6e:	08042423          	sw	zero,136(s0)
    6c72:	000cc783          	lbu	a5,0(s9)
    6c76:	9281ac23          	sw	s0,-1736(gp) # 20000318 <tcp_input_pcb>
    6c7a:	0047f713          	andi	a4,a5,4
    6c7e:	93818b93          	addi	s7,gp,-1736 # 20000318 <tcp_input_pcb>
    6c82:	30070d63          	beqz	a4,6f9c <tcp_input+0x5b8>
    6c86:	4818                	lw	a4,16(s0)
    6c88:	4789                	li	a5,2
    6c8a:	2af71a63          	bne	a4,a5,6f3e <tcp_input+0x55a>
    6c8e:	5038                	lw	a4,96(s0)
    6c90:	00092783          	lw	a5,0(s2)
    6c94:	2af71f63          	bne	a4,a5,6f52 <tcp_input+0x56e>
    6c98:	000a4783          	lbu	a5,0(s4)
    6c9c:	0087e793          	ori	a5,a5,8
    6ca0:	00fa0023          	sb	a5,0(s4)
    6ca4:	02644783          	lbu	a5,38(s0)
    6ca8:	9bf9                	andi	a5,a5,-2
    6caa:	02f40323          	sb	a5,38(s0)
    6cae:	a455                	j	6f52 <tcp_input+0x56e>
    6cb0:	8522                	mv	a0,s0
    6cb2:	4440                	lw	s0,12(s0)
    6cb4:	b709                	j	6bb6 <tcp_input+0x1d2>
    6cb6:	3298                	lbu	a4,1(a3)
    6cb8:	229c                	lbu	a5,0(a3)
    6cba:	0722                	slli	a4,a4,0x8
    6cbc:	8f5d                	or	a4,a4,a5
    6cbe:	315e                	lhu	a5,36(a0)
    6cc0:	0ce79263          	bne	a5,a4,6d84 <tcp_input+0x3a0>
    6cc4:	0036c883          	lbu	a7,3(a3)
    6cc8:	22b8                	lbu	a4,2(a3)
    6cca:	08a2                	slli	a7,a7,0x8
    6ccc:	00e8e8b3          	or	a7,a7,a4
    6cd0:	2d5a                	lhu	a4,28(a0)
    6cd2:	0b171963          	bne	a4,a7,6d84 <tcp_input+0x3a0>
    6cd6:	00d64303          	lbu	t1,13(a2)
    6cda:	00c64883          	lbu	a7,12(a2)
    6cde:	0322                	slli	t1,t1,0x8
    6ce0:	01136333          	or	t1,t1,a7
    6ce4:	00e64883          	lbu	a7,14(a2)
    6ce8:	08c2                	slli	a7,a7,0x10
    6cea:	0068e333          	or	t1,a7,t1
    6cee:	00f64883          	lbu	a7,15(a2)
    6cf2:	08e2                	slli	a7,a7,0x18
    6cf4:	0068e8b3          	or	a7,a7,t1
    6cf8:	00452303          	lw	t1,4(a0) # e0000004 <_eusrstack+0xbfff0004>
    6cfc:	09131463          	bne	t1,a7,6d84 <tcp_input+0x3a0>
    6d00:	01164303          	lbu	t1,17(a2)
    6d04:	01064883          	lbu	a7,16(a2)
    6d08:	0322                	slli	t1,t1,0x8
    6d0a:	01136333          	or	t1,t1,a7
    6d0e:	01264883          	lbu	a7,18(a2)
    6d12:	08c2                	slli	a7,a7,0x10
    6d14:	0068e333          	or	t1,a7,t1
    6d18:	01364883          	lbu	a7,19(a2)
    6d1c:	08e2                	slli	a7,a7,0x18
    6d1e:	0068e8b3          	or	a7,a7,t1
    6d22:	00052303          	lw	t1,0(a0)
    6d26:	05131f63          	bne	t1,a7,6d84 <tcp_input+0x3a0>
    6d2a:	00487693          	andi	a3,a6,4
    6d2e:	d00698e3          	bnez	a3,6a3e <tcp_input+0x5a>
    6d32:	00287693          	andi	a3,a6,2
    6d36:	c68d                	beqz	a3,6d60 <tcp_input+0x37c>
    6d38:	000aa803          	lw	a6,0(s5)
    6d3c:	5514                	lw	a3,40(a0)
    6d3e:	40d806b3          	sub	a3,a6,a3
    6d42:	0206c663          	bltz	a3,6d6e <tcp_input+0x38a>
    6d46:	02c55883          	lhu	a7,44(a0)
    6d4a:	411686b3          	sub	a3,a3,a7
    6d4e:	02d04063          	bgtz	a3,6d6e <tcp_input+0x38a>
    6d52:	00c60693          	addi	a3,a2,12
    6d56:	95c2                	add	a1,a1,a6
    6d58:	0641                	addi	a2,a2,16
    6d5a:	00092503          	lw	a0,0(s2)
    6d5e:	a8f1                	j	6e3a <tcp_input+0x456>
    6d60:	00187813          	andi	a6,a6,1
    6d64:	00080563          	beqz	a6,6d6e <tcp_input+0x38a>
    6d68:	9101a783          	lw	a5,-1776(gp) # 200002f0 <tcp_ticks>
    6d6c:	dd1c                	sw	a5,56(a0)
    6d6e:	cc0588e3          	beqz	a1,6a3e <tcp_input+0x5a>
    6d72:	02654783          	lbu	a5,38(a0)
    6d76:	0027e793          	ori	a5,a5,2
    6d7a:	02f50323          	sb	a5,38(a0)
    6d7e:	40f000ef          	jal	ra,798c <tcp_output>
    6d82:	b975                	j	6a3e <tcp_input+0x5a>
    6d84:	4548                	lw	a0,12(a0)
    6d86:	f905                	bnez	a0,6cb6 <tcp_input+0x2d2>
    6d88:	90c1a303          	lw	t1,-1780(gp) # 200002ec <tcp_listen_pcbs>
    6d8c:	8e3e                	mv	t3,a5
    6d8e:	8a1a                	mv	s4,t1
    6d90:	040a1363          	bnez	s4,6dd6 <tcp_input+0x3f2>
    6d94:	36dc                	lbu	a5,13(a3)
    6d96:	26c8                	lbu	a0,12(a3)
    6d98:	07a2                	slli	a5,a5,0x8
    6d9a:	8d5d                	or	a0,a0,a5
    6d9c:	e99fc0ef          	jal	ra,3c34 <ntohs>
    6da0:	8911                	andi	a0,a0,4
    6da2:	c8051ee3          	bnez	a0,6a3e <tcp_input+0x5a>
    6da6:	4094                	lw	a3,0(s1)
    6da8:	000b2603          	lw	a2,0(s6)
    6dac:	000c5503          	lhu	a0,0(s8)
    6db0:	329c                	lbu	a5,1(a3)
    6db2:	32b8                	lbu	a4,3(a3)
    6db4:	0006c883          	lbu	a7,0(a3)
    6db8:	0026c803          	lbu	a6,2(a3)
    6dbc:	000aa583          	lw	a1,0(s5)
    6dc0:	07a2                	slli	a5,a5,0x8
    6dc2:	0722                	slli	a4,a4,0x8
    6dc4:	00c60693          	addi	a3,a2,12
    6dc8:	0117e7b3          	or	a5,a5,a7
    6dcc:	01076733          	or	a4,a4,a6
    6dd0:	0641                	addi	a2,a2,16
    6dd2:	95aa                	add	a1,a1,a0
    6dd4:	b759                	j	6d5a <tcp_input+0x376>
    6dd6:	000a2883          	lw	a7,0(s4)
    6dda:	00088e63          	beqz	a7,6df6 <tcp_input+0x412>
    6dde:	3a18                	lbu	a4,17(a2)
    6de0:	2a1c                	lbu	a5,16(a2)
    6de2:	0722                	slli	a4,a4,0x8
    6de4:	8f5d                	or	a4,a4,a5
    6de6:	2a3c                	lbu	a5,18(a2)
    6de8:	07c2                	slli	a5,a5,0x10
    6dea:	8f5d                	or	a4,a4,a5
    6dec:	3a3c                	lbu	a5,19(a2)
    6dee:	07e2                	slli	a5,a5,0x18
    6df0:	8fd9                	or	a5,a5,a4
    6df2:	12f89e63          	bne	a7,a5,6f2e <tcp_input+0x54a>
    6df6:	32b8                	lbu	a4,3(a3)
    6df8:	22bc                	lbu	a5,2(a3)
    6dfa:	0722                	slli	a4,a4,0x8
    6dfc:	8f5d                	or	a4,a4,a5
    6dfe:	01ca5783          	lhu	a5,28(s4)
    6e02:	12e79663          	bne	a5,a4,6f2e <tcp_input+0x54a>
    6e06:	c901                	beqz	a0,6e16 <tcp_input+0x432>
    6e08:	00ca2783          	lw	a5,12(s4)
    6e0c:	9141a623          	sw	s4,-1780(gp) # 200002ec <tcp_listen_pcbs>
    6e10:	c55c                	sw	a5,12(a0)
    6e12:	006a2623          	sw	t1,12(s4)
    6e16:	01087793          	andi	a5,a6,16
    6e1a:	c39d                	beqz	a5,6e40 <tcp_input+0x45c>
    6e1c:	329c                	lbu	a5,1(a3)
    6e1e:	0006c883          	lbu	a7,0(a3)
    6e22:	000aa803          	lw	a6,0(s5)
    6e26:	00092503          	lw	a0,0(s2)
    6e2a:	07a2                	slli	a5,a5,0x8
    6e2c:	00c60693          	addi	a3,a2,12
    6e30:	0117e7b3          	or	a5,a5,a7
    6e34:	0641                	addi	a2,a2,16
    6e36:	95c2                	add	a1,a1,a6
    6e38:	0505                	addi	a0,a0,1
    6e3a:	6bb000ef          	jal	ra,7cf4 <tcp_rst>
    6e3e:	b101                	j	6a3e <tcp_input+0x5a>
    6e40:	00287813          	andi	a6,a6,2
    6e44:	be080de3          	beqz	a6,6a3e <tcp_input+0x5a>
    6e48:	014a4503          	lbu	a0,20(s4)
    6e4c:	ea9fe0ef          	jal	ra,5cf4 <tcp_alloc>
    6e50:	842a                	mv	s0,a0
    6e52:	be0506e3          	beqz	a0,6a3e <tcp_input+0x5a>
    6e56:	000b2783          	lw	a5,0(s6)
    6e5a:	4701                	li	a4,0
    6e5c:	01078693          	addi	a3,a5,16
    6e60:	ca99                	beqz	a3,6e76 <tcp_input+0x492>
    6e62:	3b94                	lbu	a3,17(a5)
    6e64:	2b98                	lbu	a4,16(a5)
    6e66:	06a2                	slli	a3,a3,0x8
    6e68:	8ed9                	or	a3,a3,a4
    6e6a:	2bb8                	lbu	a4,18(a5)
    6e6c:	0742                	slli	a4,a4,0x10
    6e6e:	8ed9                	or	a3,a3,a4
    6e70:	3bb8                	lbu	a4,19(a5)
    6e72:	0762                	slli	a4,a4,0x18
    6e74:	8f55                	or	a4,a4,a3
    6e76:	c018                	sw	a4,0(s0)
    6e78:	01ca5703          	lhu	a4,28(s4)
    6e7c:	00c78693          	addi	a3,a5,12
    6e80:	ac5a                	sh	a4,28(s0)
    6e82:	4701                	li	a4,0
    6e84:	ca99                	beqz	a3,6e9a <tcp_input+0x4b6>
    6e86:	37d4                	lbu	a3,13(a5)
    6e88:	27d8                	lbu	a4,12(a5)
    6e8a:	06a2                	slli	a3,a3,0x8
    6e8c:	8ed9                	or	a3,a3,a4
    6e8e:	27f8                	lbu	a4,14(a5)
    6e90:	0742                	slli	a4,a4,0x10
    6e92:	8ed9                	or	a3,a3,a4
    6e94:	37f8                	lbu	a4,15(a5)
    6e96:	0762                	slli	a4,a4,0x18
    6e98:	8f55                	or	a4,a4,a3
    6e9a:	4094                	lw	a3,0(s1)
    6e9c:	c058                	sw	a4,4(s0)
    6e9e:	04040513          	addi	a0,s0,64
    6ea2:	329c                	lbu	a5,1(a3)
    6ea4:	2298                	lbu	a4,0(a3)
    6ea6:	07a2                	slli	a5,a5,0x8
    6ea8:	8fd9                	or	a5,a5,a4
    6eaa:	000aa703          	lw	a4,0(s5)
    6eae:	b05e                	sh	a5,36(s0)
    6eb0:	478d                	li	a5,3
    6eb2:	c81c                	sw	a5,16(s0)
    6eb4:	00170793          	addi	a5,a4,1
    6eb8:	d41c                	sw	a5,40(s0)
    6eba:	d81c                	sw	a5,48(s0)
    6ebc:	36fc                	lbu	a5,15(a3)
    6ebe:	26f0                	lbu	a2,14(a3)
    6ec0:	177d                	addi	a4,a4,-1
    6ec2:	07a2                	slli	a5,a5,0x8
    6ec4:	8fd1                	or	a5,a5,a2
    6ec6:	06f41223          	sh	a5,100(s0)
    6eca:	04f41e23          	sh	a5,92(s0)
    6ece:	018a2783          	lw	a5,24(s4)
    6ed2:	d438                	sw	a4,104(s0)
    6ed4:	cc1c                	sw	a5,24(s0)
    6ed6:	200077b7          	lui	a5,0x20007
    6eda:	a507d783          	lhu	a5,-1456(a5) # 20006a50 <WCHCfg+0x4>
    6ede:	b45e                	sh	a5,44(s0)
    6ee0:	b47e                	sh	a5,46(s0)
    6ee2:	020a2783          	lw	a5,32(s4)
    6ee6:	d01c                	sw	a5,32(s0)
    6ee8:	008a5783          	lhu	a5,8(s4)
    6eec:	1997f793          	andi	a5,a5,409
    6ef0:	a41e                	sh	a5,8(s0)
    6ef2:	9041a783          	lw	a5,-1788(gp) # 200002e4 <tcp_active_pcbs>
    6ef6:	9081a223          	sw	s0,-1788(gp) # 200002e4 <tcp_active_pcbs>
    6efa:	c45c                	sw	a5,12(s0)
    6efc:	a43ff0ef          	jal	ra,693e <tcp_parseopt.isra.0>
    6f00:	04045503          	lhu	a0,64(s0)
    6f04:	00440593          	addi	a1,s0,4
    6f08:	f31fe0ef          	jal	ra,5e38 <tcp_eff_send_mss>
    6f0c:	04a41023          	sh	a0,64(s0)
    6f10:	4785                	li	a5,1
    6f12:	4701                	li	a4,0
    6f14:	46c9                	li	a3,18
    6f16:	4601                	li	a2,0
    6f18:	4581                	li	a1,0
    6f1a:	8522                	mv	a0,s0
    6f1c:	2b8d                	jal	748e <tcp_enqueue>
    6f1e:	c511                	beqz	a0,6f2a <tcp_input+0x546>
    6f20:	4581                	li	a1,0
    6f22:	8522                	mv	a0,s0
    6f24:	d27fe0ef          	jal	ra,5c4a <tcp_abandon>
    6f28:	be19                	j	6a3e <tcp_input+0x5a>
    6f2a:	8522                	mv	a0,s0
    6f2c:	bd89                	j	6d7e <tcp_input+0x39a>
    6f2e:	8552                	mv	a0,s4
    6f30:	00ca2a03          	lw	s4,12(s4)
    6f34:	bdb1                	j	6d90 <tcp_input+0x3ac>
    6f36:	4501                	li	a0,0
    6f38:	be3fe0ef          	jal	ra,5b1a <tcp_recv_null>
    6f3c:	b33d                	j	6c6a <tcp_input+0x286>
    6f3e:	000aa783          	lw	a5,0(s5)
    6f42:	5418                	lw	a4,40(s0)
    6f44:	8f99                	sub	a5,a5,a4
    6f46:	0007c663          	bltz	a5,6f52 <tcp_input+0x56e>
    6f4a:	345a                	lhu	a4,44(s0)
    6f4c:	8f99                	sub	a5,a5,a4
    6f4e:	d4f055e3          	blez	a5,6c98 <tcp_input+0x2b4>
    6f52:	000a4783          	lbu	a5,0(s4)
    6f56:	0087f713          	andi	a4,a5,8
    6f5a:	3e070063          	beqz	a4,733a <tcp_input+0x956>
    6f5e:	00f10593          	addi	a1,sp,15
    6f62:	8522                	mv	a0,s0
    6f64:	9d1fb0ef          	jal	ra,2934 <WCHFindCorrectTCBPcb>
    6f68:	4785                	li	a5,1
    6f6a:	00f51663          	bne	a0,a5,6f76 <tcp_input+0x592>
    6f6e:	4818                	lw	a4,16(s0)
    6f70:	4789                	li	a5,2
    6f72:	1cf70163          	beq	a4,a5,7134 <tcp_input+0x750>
    6f76:	8522                	mv	a0,s0
    6f78:	858fc0ef          	jal	ra,2fd0 <LwipRemoveTcpPcb>
    6f7c:	09c42783          	lw	a5,156(s0)
    6f80:	c781                	beqz	a5,6f88 <tcp_input+0x5a4>
    6f82:	4c08                	lw	a0,24(s0)
    6f84:	55e9                	li	a1,-6
    6f86:	9782                	jalr	a5
    6f88:	85a2                	mv	a1,s0
    6f8a:	90418513          	addi	a0,gp,-1788 # 200002e4 <tcp_active_pcbs>
    6f8e:	a69fe0ef          	jal	ra,59f6 <tcp_pcb_remove>
    6f92:	85a2                	mv	a1,s0
    6f94:	4509                	li	a0,2
    6f96:	e9bfd0ef          	jal	ra,4e30 <memp_free>
    6f9a:	aa69                	j	7134 <tcp_input+0x750>
    6f9c:	8b89                	andi	a5,a5,2
    6f9e:	c385                	beqz	a5,6fbe <tcp_input+0x5da>
    6fa0:	481c                	lw	a5,16(s0)
    6fa2:	4705                	li	a4,1
    6fa4:	17f9                	addi	a5,a5,-2
    6fa6:	00f77c63          	bgeu	a4,a5,6fbe <tcp_input+0x5da>
    6faa:	02644783          	lbu	a5,38(s0)
    6fae:	8522                	mv	a0,s0
    6fb0:	0027e793          	ori	a5,a5,2
    6fb4:	02f40323          	sb	a5,38(s0)
    6fb8:	1d5000ef          	jal	ra,798c <tcp_output>
    6fbc:	bf59                	j	6f52 <tcp_input+0x56e>
    6fbe:	9101a783          	lw	a5,-1776(gp) # 200002f0 <tcp_ticks>
    6fc2:	0a0408a3          	sb	zero,177(s0)
    6fc6:	04040513          	addi	a0,s0,64
    6fca:	dc1c                	sw	a5,56(s0)
    6fcc:	973ff0ef          	jal	ra,693e <tcp_parseopt.isra.0>
    6fd0:	481c                	lw	a5,16(s0)
    6fd2:	471d                	li	a4,7
    6fd4:	17f9                	addi	a5,a5,-2
    6fd6:	f6f76ee3          	bltu	a4,a5,6f52 <tcp_input+0x56e>
    6fda:	6729                	lui	a4,0xa
    6fdc:	078a                	slli	a5,a5,0x2
    6fde:	68070713          	addi	a4,a4,1664 # a680 <tcp_backoff+0x10>
    6fe2:	97ba                	add	a5,a5,a4
    6fe4:	439c                	lw	a5,0(a5)
    6fe6:	8782                	jr	a5
    6fe8:	000cc783          	lbu	a5,0(s9)
    6fec:	4749                	li	a4,18
    6fee:	8bc9                	andi	a5,a5,18
    6ff0:	0ce79263          	bne	a5,a4,70b4 <tcp_input+0x6d0>
    6ff4:	08042783          	lw	a5,128(s0)
    6ff8:	4b98                	lw	a4,16(a5)
    6ffa:	3348                	lbu	a0,5(a4)
    6ffc:	235c                	lbu	a5,4(a4)
    6ffe:	0522                	slli	a0,a0,0x8
    7000:	8d5d                	or	a0,a0,a5
    7002:	237c                	lbu	a5,6(a4)
    7004:	07c2                	slli	a5,a5,0x10
    7006:	8fc9                	or	a5,a5,a0
    7008:	3368                	lbu	a0,7(a4)
    700a:	0562                	slli	a0,a0,0x18
    700c:	8d5d                	or	a0,a0,a5
    700e:	c59fc0ef          	jal	ra,3c66 <ntohl>
    7012:	00092783          	lw	a5,0(s2)
    7016:	0505                	addi	a0,a0,1
    7018:	08f51e63          	bne	a0,a5,70b4 <tcp_input+0x6d0>
    701c:	07645783          	lhu	a5,118(s0)
    7020:	000aa703          	lw	a4,0(s5)
    7024:	4094                	lw	a3,0(s1)
    7026:	0785                	addi	a5,a5,1
    7028:	06f41b23          	sh	a5,118(s0)
    702c:	00170793          	addi	a5,a4,1
    7030:	c868                	sw	a0,84(s0)
    7032:	d41c                	sw	a5,40(s0)
    7034:	d81c                	sw	a5,48(s0)
    7036:	36fc                	lbu	a5,15(a3)
    7038:	26f0                	lbu	a2,14(a3)
    703a:	04045503          	lhu	a0,64(s0)
    703e:	07a2                	slli	a5,a5,0x8
    7040:	8fd1                	or	a5,a5,a2
    7042:	177d                	addi	a4,a4,-1
    7044:	06f41223          	sh	a5,100(s0)
    7048:	4791                	li	a5,4
    704a:	d438                	sw	a4,104(s0)
    704c:	c81c                	sw	a5,16(s0)
    704e:	00440593          	addi	a1,s0,4
    7052:	de7fe0ef          	jal	ra,5e38 <tcp_eff_send_mss>
    7056:	47a9                	li	a5,10
    7058:	02f507b3          	mul	a5,a0,a5
    705c:	05a45703          	lhu	a4,90(s0)
    7060:	04a41023          	sh	a0,64(s0)
    7064:	04f41e23          	sh	a5,92(s0)
    7068:	4785                	li	a5,1
    706a:	00f71563          	bne	a4,a5,7074 <tcp_input+0x690>
    706e:	0506                	slli	a0,a0,0x1
    7070:	0542                	slli	a0,a0,0x10
    7072:	8141                	srli	a0,a0,0x10
    7074:	07845783          	lhu	a5,120(s0)
    7078:	04a41d23          	sh	a0,90(s0)
    707c:	08042503          	lw	a0,128(s0)
    7080:	17fd                	addi	a5,a5,-1
    7082:	06f41c23          	sh	a5,120(s0)
    7086:	411c                	lw	a5,0(a0)
    7088:	04040923          	sb	zero,82(s0)
    708c:	04042223          	sw	zero,68(s0)
    7090:	08f42023          	sw	a5,128(s0)
    7094:	0017b793          	seqz	a5,a5
    7098:	40f007b3          	neg	a5,a5
    709c:	bc7e                	sh	a5,62(s0)
    709e:	dc0fe0ef          	jal	ra,565e <tcp_seg_free>
    70a2:	09442783          	lw	a5,148(s0)
    70a6:	f00782e3          	beqz	a5,6faa <tcp_input+0x5c6>
    70aa:	4c08                	lw	a0,24(s0)
    70ac:	4601                	li	a2,0
    70ae:	85a2                	mv	a1,s0
    70b0:	9782                	jalr	a5
    70b2:	bde5                	j	6faa <tcp_input+0x5c6>
    70b4:	000cc783          	lbu	a5,0(s9)
    70b8:	8bc1                	andi	a5,a5,16
    70ba:	e8078ce3          	beqz	a5,6f52 <tcp_input+0x56e>
    70be:	4094                	lw	a3,0(s1)
    70c0:	000c5503          	lhu	a0,0(s8)
    70c4:	000aa583          	lw	a1,0(s5)
    70c8:	329c                	lbu	a5,1(a3)
    70ca:	32b8                	lbu	a4,3(a3)
    70cc:	000b2603          	lw	a2,0(s6)
    70d0:	0006c883          	lbu	a7,0(a3)
    70d4:	0026c803          	lbu	a6,2(a3)
    70d8:	95aa                	add	a1,a1,a0
    70da:	00092503          	lw	a0,0(s2)
    70de:	07a2                	slli	a5,a5,0x8
    70e0:	0722                	slli	a4,a4,0x8
    70e2:	00c60693          	addi	a3,a2,12
    70e6:	0117e7b3          	or	a5,a5,a7
    70ea:	01076733          	or	a4,a4,a6
    70ee:	0641                	addi	a2,a2,16
    70f0:	405000ef          	jal	ra,7cf4 <tcp_rst>
    70f4:	bdb9                	j	6f52 <tcp_input+0x56e>
    70f6:	000cc783          	lbu	a5,0(s9)
    70fa:	0107f713          	andi	a4,a5,16
    70fe:	c769                	beqz	a4,71c8 <tcp_input+0x7e4>
    7100:	00092503          	lw	a0,0(s2)
    7104:	4878                	lw	a4,84(s0)
    7106:	fff50793          	addi	a5,a0,-1
    710a:	8f99                	sub	a5,a5,a4
    710c:	0807c663          	bltz	a5,7198 <tcp_input+0x7b4>
    7110:	503c                	lw	a5,96(s0)
    7112:	40f507b3          	sub	a5,a0,a5
    7116:	08f04163          	bgtz	a5,7198 <tcp_input+0x7b4>
    711a:	4791                	li	a5,4
    711c:	c81c                	sw	a5,16(s0)
    711e:	501c                	lw	a5,32(s0)
    7120:	c78d                	beqz	a5,714a <tcp_input+0x766>
    7122:	4c08                	lw	a0,24(s0)
    7124:	4601                	li	a2,0
    7126:	85a2                	mv	a1,s0
    7128:	9782                	jalr	a5
    712a:	c105                	beqz	a0,714a <tcp_input+0x766>
    712c:	4585                	li	a1,1
    712e:	8522                	mv	a0,s0
    7130:	b1bfe0ef          	jal	ra,5c4a <tcp_abandon>
    7134:	004da503          	lw	a0,4(s11)
    7138:	000ba023          	sw	zero,0(s7)
    713c:	900504e3          	beqz	a0,6a44 <tcp_input+0x60>
    7140:	ec3fd0ef          	jal	ra,5002 <pbuf_free>
    7144:	000da223          	sw	zero,4(s11)
    7148:	b8f5                	j	6a44 <tcp_input+0x60>
    714a:	8522                	mv	a0,s0
    714c:	05a45483          	lhu	s1,90(s0)
    7150:	efffe0ef          	jal	ra,604e <tcp_receive>
    7154:	07445783          	lhu	a5,116(s0)
    7158:	c781                	beqz	a5,7160 <tcp_input+0x77c>
    715a:	17fd                	addi	a5,a5,-1
    715c:	06f41a23          	sh	a5,116(s0)
    7160:	4705                	li	a4,1
    7162:	04045783          	lhu	a5,64(s0)
    7166:	00e49563          	bne	s1,a4,7170 <tcp_input+0x78c>
    716a:	0786                	slli	a5,a5,0x1
    716c:	07c2                	slli	a5,a5,0x10
    716e:	83c1                	srli	a5,a5,0x10
    7170:	04f41d23          	sh	a5,90(s0)
    7174:	000a4783          	lbu	a5,0(s4)
    7178:	0207f793          	andi	a5,a5,32
    717c:	dc078be3          	beqz	a5,6f52 <tcp_input+0x56e>
    7180:	02644783          	lbu	a5,38(s0)
    7184:	8522                	mv	a0,s0
    7186:	0027e793          	ori	a5,a5,2
    718a:	02f40323          	sb	a5,38(s0)
    718e:	7fe000ef          	jal	ra,798c <tcp_output>
    7192:	479d                	li	a5,7
    7194:	c81c                	sw	a5,16(s0)
    7196:	bb75                	j	6f52 <tcp_input+0x56e>
    7198:	4094                	lw	a3,0(s1)
    719a:	000b2603          	lw	a2,0(s6)
    719e:	000c5803          	lhu	a6,0(s8)
    71a2:	329c                	lbu	a5,1(a3)
    71a4:	32b8                	lbu	a4,3(a3)
    71a6:	0006c303          	lbu	t1,0(a3)
    71aa:	0026c883          	lbu	a7,2(a3)
    71ae:	000aa583          	lw	a1,0(s5)
    71b2:	07a2                	slli	a5,a5,0x8
    71b4:	0722                	slli	a4,a4,0x8
    71b6:	00c60693          	addi	a3,a2,12
    71ba:	0067e7b3          	or	a5,a5,t1
    71be:	01176733          	or	a4,a4,a7
    71c2:	0641                	addi	a2,a2,16
    71c4:	95c2                	add	a1,a1,a6
    71c6:	b72d                	j	70f0 <tcp_input+0x70c>
    71c8:	8b89                	andi	a5,a5,2
    71ca:	d80784e3          	beqz	a5,6f52 <tcp_input+0x56e>
    71ce:	541c                	lw	a5,40(s0)
    71d0:	000aa703          	lw	a4,0(s5)
    71d4:	17fd                	addi	a5,a5,-1
    71d6:	d6e79ee3          	bne	a5,a4,6f52 <tcp_input+0x56e>
    71da:	8522                	mv	a0,s0
    71dc:	457000ef          	jal	ra,7e32 <tcp_rexmit>
    71e0:	bb8d                	j	6f52 <tcp_input+0x56e>
    71e2:	8522                	mv	a0,s0
    71e4:	e6bfe0ef          	jal	ra,604e <tcp_receive>
    71e8:	b771                	j	7174 <tcp_input+0x790>
    71ea:	8522                	mv	a0,s0
    71ec:	e63fe0ef          	jal	ra,604e <tcp_receive>
    71f0:	000a4783          	lbu	a5,0(s4)
    71f4:	0207f793          	andi	a5,a5,32
    71f8:	c3c1                	beqz	a5,7278 <tcp_input+0x894>
    71fa:	000cc703          	lbu	a4,0(s9)
    71fe:	02644783          	lbu	a5,38(s0)
    7202:	8b41                	andi	a4,a4,16
    7204:	0027e793          	ori	a5,a5,2
    7208:	c32d                	beqz	a4,726a <tcp_input+0x886>
    720a:	5034                	lw	a3,96(s0)
    720c:	00092703          	lw	a4,0(s2)
    7210:	04e69d63          	bne	a3,a4,726a <tcp_input+0x886>
    7214:	02f40323          	sb	a5,38(s0)
    7218:	8522                	mv	a0,s0
    721a:	772000ef          	jal	ra,798c <tcp_output>
    721e:	8522                	mv	a0,s0
    7220:	ccefe0ef          	jal	ra,56ee <tcp_pcb_purge>
    7224:	9041a783          	lw	a5,-1788(gp) # 200002e4 <tcp_active_pcbs>
    7228:	00f41d63          	bne	s0,a5,7242 <tcp_input+0x85e>
    722c:	445c                	lw	a5,12(s0)
    722e:	90f1a223          	sw	a5,-1788(gp) # 200002e4 <tcp_active_pcbs>
    7232:	47a9                	li	a5,10
    7234:	c81c                	sw	a5,16(s0)
    7236:	91c1a703          	lw	a4,-1764(gp) # 200002fc <tcp_tw_pcbs>
    723a:	9081ae23          	sw	s0,-1764(gp) # 200002fc <tcp_tw_pcbs>
    723e:	c458                	sw	a4,12(s0)
    7240:	bb09                	j	6f52 <tcp_input+0x56e>
    7242:	90f1ac23          	sw	a5,-1768(gp) # 200002f8 <tcp_tmp_pcb>
    7246:	4681                	li	a3,0
    7248:	e789                	bnez	a5,7252 <tcp_input+0x86e>
    724a:	d6e5                	beqz	a3,7232 <tcp_input+0x84e>
    724c:	9001ac23          	sw	zero,-1768(gp) # 200002f8 <tcp_tmp_pcb>
    7250:	b7cd                	j	7232 <tcp_input+0x84e>
    7252:	47d0                	lw	a2,12(a5)
    7254:	00c41863          	bne	s0,a2,7264 <tcp_input+0x880>
    7258:	c299                	beqz	a3,725e <tcp_input+0x87a>
    725a:	90f1ac23          	sw	a5,-1768(gp) # 200002f8 <tcp_tmp_pcb>
    725e:	4458                	lw	a4,12(s0)
    7260:	c7d8                	sw	a4,12(a5)
    7262:	bfc1                	j	7232 <tcp_input+0x84e>
    7264:	4685                	li	a3,1
    7266:	87b2                	mv	a5,a2
    7268:	b7c5                	j	7248 <tcp_input+0x864>
    726a:	02f40323          	sb	a5,38(s0)
    726e:	8522                	mv	a0,s0
    7270:	71c000ef          	jal	ra,798c <tcp_output>
    7274:	47a1                	li	a5,8
    7276:	bf39                	j	7194 <tcp_input+0x7b0>
    7278:	000cc783          	lbu	a5,0(s9)
    727c:	8bc1                	andi	a5,a5,16
    727e:	cc078ae3          	beqz	a5,6f52 <tcp_input+0x56e>
    7282:	5038                	lw	a4,96(s0)
    7284:	00092783          	lw	a5,0(s2)
    7288:	ccf715e3          	bne	a4,a5,6f52 <tcp_input+0x56e>
    728c:	4799                	li	a5,6
    728e:	b719                	j	7194 <tcp_input+0x7b0>
    7290:	8522                	mv	a0,s0
    7292:	dbdfe0ef          	jal	ra,604e <tcp_receive>
    7296:	000a4783          	lbu	a5,0(s4)
    729a:	0207f793          	andi	a5,a5,32
    729e:	ca078ae3          	beqz	a5,6f52 <tcp_input+0x56e>
    72a2:	02644783          	lbu	a5,38(s0)
    72a6:	8522                	mv	a0,s0
    72a8:	0027e793          	ori	a5,a5,2
    72ac:	02f40323          	sb	a5,38(s0)
    72b0:	6dc000ef          	jal	ra,798c <tcp_output>
    72b4:	8522                	mv	a0,s0
    72b6:	c38fe0ef          	jal	ra,56ee <tcp_pcb_purge>
    72ba:	9041a783          	lw	a5,-1788(gp) # 200002e4 <tcp_active_pcbs>
    72be:	f6f407e3          	beq	s0,a5,722c <tcp_input+0x848>
    72c2:	90f1ac23          	sw	a5,-1768(gp) # 200002f8 <tcp_tmp_pcb>
    72c6:	4681                	li	a3,0
    72c8:	d3c9                	beqz	a5,724a <tcp_input+0x866>
    72ca:	47d0                	lw	a2,12(a5)
    72cc:	f8c406e3          	beq	s0,a2,7258 <tcp_input+0x874>
    72d0:	4685                	li	a3,1
    72d2:	87b2                	mv	a5,a2
    72d4:	bfd5                	j	72c8 <tcp_input+0x8e4>
    72d6:	8522                	mv	a0,s0
    72d8:	d77fe0ef          	jal	ra,604e <tcp_receive>
    72dc:	000cc783          	lbu	a5,0(s9)
    72e0:	8bc1                	andi	a5,a5,16
    72e2:	c60788e3          	beqz	a5,6f52 <tcp_input+0x56e>
    72e6:	5038                	lw	a4,96(s0)
    72e8:	00092783          	lw	a5,0(s2)
    72ec:	c6f713e3          	bne	a4,a5,6f52 <tcp_input+0x56e>
    72f0:	8522                	mv	a0,s0
    72f2:	bfcfe0ef          	jal	ra,56ee <tcp_pcb_purge>
    72f6:	9041a783          	lw	a5,-1788(gp) # 200002e4 <tcp_active_pcbs>
    72fa:	f2f409e3          	beq	s0,a5,722c <tcp_input+0x848>
    72fe:	90f1ac23          	sw	a5,-1768(gp) # 200002f8 <tcp_tmp_pcb>
    7302:	4681                	li	a3,0
    7304:	d3b9                	beqz	a5,724a <tcp_input+0x866>
    7306:	47d0                	lw	a2,12(a5)
    7308:	f4c408e3          	beq	s0,a2,7258 <tcp_input+0x874>
    730c:	4685                	li	a3,1
    730e:	87b2                	mv	a5,a2
    7310:	bfd5                	j	7304 <tcp_input+0x920>
    7312:	8522                	mv	a0,s0
    7314:	d3bfe0ef          	jal	ra,604e <tcp_receive>
    7318:	000cc783          	lbu	a5,0(s9)
    731c:	8bc1                	andi	a5,a5,16
    731e:	c2078ae3          	beqz	a5,6f52 <tcp_input+0x56e>
    7322:	5038                	lw	a4,96(s0)
    7324:	00092783          	lw	a5,0(s2)
    7328:	c2f715e3          	bne	a4,a5,6f52 <tcp_input+0x56e>
    732c:	000a4783          	lbu	a5,0(s4)
    7330:	0107e793          	ori	a5,a5,16
    7334:	00fa0023          	sb	a5,0(s4)
    7338:	b929                	j	6f52 <tcp_input+0x56e>
    733a:	8bc1                	andi	a5,a5,16
    733c:	c789                	beqz	a5,7346 <tcp_input+0x962>
    733e:	8522                	mv	a0,s0
    7340:	c91fb0ef          	jal	ra,2fd0 <LwipRemoveTcpPcb>
    7344:	b191                	j	6f88 <tcp_input+0x5a4>
    7346:	07445603          	lhu	a2,116(s0)
    734a:	c619                	beqz	a2,7358 <tcp_input+0x974>
    734c:	08c42783          	lw	a5,140(s0)
    7350:	c781                	beqz	a5,7358 <tcp_input+0x974>
    7352:	4c08                	lw	a0,24(s0)
    7354:	85a2                	mv	a1,s0
    7356:	9782                	jalr	a5
    7358:	000d2603          	lw	a2,0(s10)
    735c:	c60d                	beqz	a2,7386 <tcp_input+0x9a2>
    735e:	000cc783          	lbu	a5,0(s9)
    7362:	8ba1                	andi	a5,a5,8
    7364:	c789                	beqz	a5,736e <tcp_input+0x98a>
    7366:	365c                	lbu	a5,13(a2)
    7368:	0017e793          	ori	a5,a5,1
    736c:	b65c                	sb	a5,13(a2)
    736e:	09042783          	lw	a5,144(s0)
    7372:	4681                	li	a3,0
    7374:	85a2                	mv	a1,s0
    7376:	cb95                	beqz	a5,73aa <tcp_input+0x9c6>
    7378:	4c08                	lw	a0,24(s0)
    737a:	9782                	jalr	a5
    737c:	c509                	beqz	a0,7386 <tcp_input+0x9a2>
    737e:	000d2783          	lw	a5,0(s10)
    7382:	08f42423          	sw	a5,136(s0)
    7386:	000a4783          	lbu	a5,0(s4)
    738a:	0207f793          	andi	a5,a5,32
    738e:	cb89                	beqz	a5,73a0 <tcp_input+0x9bc>
    7390:	09042783          	lw	a5,144(s0)
    7394:	4681                	li	a3,0
    7396:	4601                	li	a2,0
    7398:	85a2                	mv	a1,s0
    739a:	cf81                	beqz	a5,73b2 <tcp_input+0x9ce>
    739c:	4c08                	lw	a0,24(s0)
    739e:	9782                	jalr	a5
    73a0:	8522                	mv	a0,s0
    73a2:	000ba023          	sw	zero,0(s7)
    73a6:	23dd                	jal	798c <tcp_output>
    73a8:	b371                	j	7134 <tcp_input+0x750>
    73aa:	4501                	li	a0,0
    73ac:	f6efe0ef          	jal	ra,5b1a <tcp_recv_null>
    73b0:	b7f1                	j	737c <tcp_input+0x998>
    73b2:	4501                	li	a0,0
    73b4:	f66fe0ef          	jal	ra,5b1a <tcp_recv_null>
    73b8:	b7e5                	j	73a0 <tcp_input+0x9bc>

000073ba <tcp_output_set_header.isra.0.constprop.1>:
    73ba:	db7f82ef          	jal	t0,170 <__riscv_save_0>
    73be:	892a                	mv	s2,a0
    73c0:	2d4a                	lhu	a0,28(a0)
    73c2:	1141                	addi	sp,sp,-16
    73c4:	842e                	mv	s0,a1
    73c6:	c632                	sw	a2,12(sp)
    73c8:	85ffc0ef          	jal	ra,3c26 <htons>
    73cc:	a008                	sb	a0,0(s0)
    73ce:	8121                	srli	a0,a0,0x8
    73d0:	b008                	sb	a0,1(s0)
    73d2:	02495503          	lhu	a0,36(s2)
    73d6:	851fc0ef          	jal	ra,3c26 <htons>
    73da:	4632                	lw	a2,12(sp)
    73dc:	a028                	sb	a0,2(s0)
    73de:	8121                	srli	a0,a0,0x8
    73e0:	b028                	sb	a0,3(s0)
    73e2:	00865793          	srli	a5,a2,0x8
    73e6:	02892503          	lw	a0,40(s2)
    73ea:	a050                	sb	a2,4(s0)
    73ec:	b05c                	sb	a5,5(s0)
    73ee:	01065793          	srli	a5,a2,0x10
    73f2:	8261                	srli	a2,a2,0x18
    73f4:	b070                	sb	a2,7(s0)
    73f6:	a07c                	sb	a5,6(s0)
    73f8:	84bfc0ef          	jal	ra,3c42 <htonl>
    73fc:	00855793          	srli	a5,a0,0x8
    7400:	a408                	sb	a0,8(s0)
    7402:	b41c                	sb	a5,9(s0)
    7404:	3444                	lbu	s1,13(s0)
    7406:	01055793          	srli	a5,a0,0x10
    740a:	8161                	srli	a0,a0,0x18
    740c:	b428                	sb	a0,11(s0)
    740e:	2448                	lbu	a0,12(s0)
    7410:	04a2                	slli	s1,s1,0x8
    7412:	a43c                	sb	a5,10(s0)
    7414:	8cc9                	or	s1,s1,a0
    7416:	6541                	lui	a0,0x10
    7418:	fc050513          	addi	a0,a0,-64 # ffc0 <_data_lma+0x5770>
    741c:	80bfc0ef          	jal	ra,3c26 <htons>
    7420:	8ce9                	and	s1,s1,a0
    7422:	4541                	li	a0,16
    7424:	803fc0ef          	jal	ra,3c26 <htons>
    7428:	8d45                	or	a0,a0,s1
    742a:	0542                	slli	a0,a0,0x10
    742c:	8141                	srli	a0,a0,0x10
    742e:	a448                	sb	a0,12(s0)
    7430:	8121                	srli	a0,a0,0x8
    7432:	b448                	sb	a0,13(s0)
    7434:	02e95503          	lhu	a0,46(s2)
    7438:	feefc0ef          	jal	ra,3c26 <htons>
    743c:	02e95783          	lhu	a5,46(s2)
    7440:	a468                	sb	a0,14(s0)
    7442:	8121                	srli	a0,a0,0x8
    7444:	b468                	sb	a0,15(s0)
    7446:	02f91b23          	sh	a5,54(s2)
    744a:	345c                	lbu	a5,13(s0)
    744c:	2448                	lbu	a0,12(s0)
    744e:	00040923          	sb	zero,18(s0)
    7452:	07a2                	slli	a5,a5,0x8
    7454:	000409a3          	sb	zero,19(s0)
    7458:	8d5d                	or	a0,a0,a5
    745a:	fdafc0ef          	jal	ra,3c34 <ntohs>
    745e:	6795                	lui	a5,0x5
    7460:	03f57513          	andi	a0,a0,63
    7464:	8d5d                	or	a0,a0,a5
    7466:	fc0fc0ef          	jal	ra,3c26 <htons>
    746a:	02e95703          	lhu	a4,46(s2)
    746e:	02892783          	lw	a5,40(s2)
    7472:	a448                	sb	a0,12(s0)
    7474:	8121                	srli	a0,a0,0x8
    7476:	b448                	sb	a0,13(s0)
    7478:	00040823          	sb	zero,16(s0)
    747c:	000408a3          	sb	zero,17(s0)
    7480:	97ba                	add	a5,a5,a4
    7482:	02f92823          	sw	a5,48(s2)
    7486:	8522                	mv	a0,s0
    7488:	0141                	addi	sp,sp,16
    748a:	d0bf806f          	j	194 <__riscv_restore_0>

0000748e <tcp_enqueue>:
    748e:	cb3f82ef          	jal	t0,140 <__riscv_save_12>
    7492:	7179                	addi	sp,sp,-48
    7494:	c62e                	sw	a1,12(sp)
    7496:	ca3a                	sw	a4,20(sp)
    7498:	892a                	mv	s2,a0
    749a:	8ab2                	mv	s5,a2
    749c:	8b36                	mv	s6,a3
    749e:	8dbe                	mv	s11,a5
    74a0:	ee01                	bnez	a2,74b8 <tcp_enqueue+0x2a>
    74a2:	0036f793          	andi	a5,a3,3
    74a6:	00fde7b3          	or	a5,s11,a5
    74aa:	5a59                	li	s4,-10
    74ac:	c391                	beqz	a5,74b0 <tcp_enqueue+0x22>
    74ae:	c18d                	beqz	a1,74d0 <tcp_enqueue+0x42>
    74b0:	8552                	mv	a0,s4
    74b2:	6145                	addi	sp,sp,48
    74b4:	cc9f806f          	j	17c <__riscv_restore_12>
    74b8:	07655783          	lhu	a5,118(a0)
    74bc:	00c7fa63          	bgeu	a5,a2,74d0 <tcp_enqueue+0x42>
    74c0:	02694783          	lbu	a5,38(s2)
    74c4:	5a7d                	li	s4,-1
    74c6:	f807e793          	ori	a5,a5,-128
    74ca:	02f90323          	sb	a5,38(s2)
    74ce:	b7cd                	j	74b0 <tcp_enqueue+0x22>
    74d0:	002d9793          	slli	a5,s11,0x2
    74d4:	002df713          	andi	a4,s11,2
    74d8:	8b91                	andi	a5,a5,4
    74da:	46b1                	li	a3,12
    74dc:	e311                	bnez	a4,74e0 <tcp_enqueue+0x52>
    74de:	4681                	li	a3,0
    74e0:	97b6                	add	a5,a5,a3
    74e2:	c23e                	sw	a5,4(sp)
    74e4:	07092783          	lw	a5,112(s2)
    74e8:	20007d37          	lui	s10,0x20007
    74ec:	a4cd0713          	addi	a4,s10,-1460 # 20006a4c <WCHCfg>
    74f0:	c43e                	sw	a5,8(sp)
    74f2:	471c                	lw	a5,8(a4)
    74f4:	4358                	lw	a4,4(a4)
    74f6:	07895483          	lhu	s1,120(s2)
    74fa:	078a                	slli	a5,a5,0x2
    74fc:	02e7d7b3          	divu	a5,a5,a4
    7500:	a4cd0d13          	addi	s10,s10,-1460
    7504:	faf4fee3          	bgeu	s1,a5,74c0 <tcp_enqueue+0x32>
    7508:	6741                	lui	a4,0x10
    750a:	ffc70693          	addi	a3,a4,-4 # fffc <_data_lma+0x57ac>
    750e:	fa96e9e3          	bltu	a3,s1,74c0 <tcp_enqueue+0x32>
    7512:	4792                	lw	a5,4(sp)
    7514:	8230                	lhu	a2,4(sp)
    7516:	fc070713          	addi	a4,a4,-64
    751a:	8389                	srli	a5,a5,0x2
    751c:	0ff7f793          	andi	a5,a5,255
    7520:	0795                	addi	a5,a5,5
    7522:	c832                	sw	a2,16(sp)
    7524:	4652                	lw	a2,20(sp)
    7526:	07b2                	slli	a5,a5,0xc
    7528:	07c2                	slli	a5,a5,0x10
    752a:	d23a                	sw	a4,36(sp)
    752c:	4cb2                	lw	s9,12(sp)
    752e:	010b1713          	slli	a4,s6,0x10
    7532:	83c1                	srli	a5,a5,0x10
    7534:	8a05                	andi	a2,a2,1
    7536:	8341                	srli	a4,a4,0x10
    7538:	cc3e                	sw	a5,24(sp)
    753a:	8bd6                	mv	s7,s5
    753c:	4981                	li	s3,0
    753e:	4781                	li	a5,0
    7540:	ce32                	sw	a2,28(sp)
    7542:	d036                	sw	a3,32(sp)
    7544:	d43a                	sw	a4,40(sp)
    7546:	04095a03          	lhu	s4,64(s2)
    754a:	4712                	lw	a4,4(sp)
    754c:	40ea0a33          	sub	s4,s4,a4
    7550:	014bd363          	bge	s7,s4,7556 <tcp_enqueue+0xc8>
    7554:	8a5e                	mv	s4,s7
    7556:	4511                	li	a0,4
    7558:	d63e                	sw	a5,44(sp)
    755a:	010a1c13          	slli	s8,s4,0x10
    755e:	8b3fd0ef          	jal	ra,4e10 <memp_malloc>
    7562:	010c5c13          	srli	s8,s8,0x10
    7566:	842a                	mv	s0,a0
    7568:	18050663          	beqz	a0,76f4 <tcp_enqueue+0x266>
    756c:	00052023          	sw	zero,0(a0)
    7570:	00052223          	sw	zero,4(a0)
    7574:	14098463          	beqz	s3,76bc <tcp_enqueue+0x22e>
    7578:	57b2                	lw	a5,44(sp)
    757a:	c388                	sw	a0,0(a5)
    757c:	47f2                	lw	a5,28(sp)
    757e:	14078163          	beqz	a5,76c0 <tcp_enqueue+0x232>
    7582:	47c2                	lw	a5,16(sp)
    7584:	4601                	li	a2,0
    7586:	4501                	li	a0,0
    7588:	00fc05b3          	add	a1,s8,a5
    758c:	05c2                	slli	a1,a1,0x10
    758e:	81c1                	srli	a1,a1,0x10
    7590:	ac1fd0ef          	jal	ra,5050 <pbuf_alloc>
    7594:	c048                	sw	a0,4(s0)
    7596:	14050f63          	beqz	a0,76f4 <tcp_enqueue+0x266>
    759a:	c4ffd0ef          	jal	ra,51e8 <pbuf_clen>
    759e:	47b2                	lw	a5,12(sp)
    75a0:	94aa                	add	s1,s1,a0
    75a2:	04c2                	slli	s1,s1,0x10
    75a4:	80c1                	srli	s1,s1,0x10
    75a6:	cf81                	beqz	a5,75be <tcp_enqueue+0x130>
    75a8:	405c                	lw	a5,4(s0)
    75aa:	85e6                	mv	a1,s9
    75ac:	43c8                	lw	a0,4(a5)
    75ae:	67c1                	lui	a5,0x10
    75b0:	17fd                	addi	a5,a5,-1
    75b2:	00fa7633          	and	a2,s4,a5
    75b6:	4792                	lw	a5,4(sp)
    75b8:	953e                	add	a0,a0,a5
    75ba:	43e010ef          	jal	ra,89f8 <memcpy>
    75be:	405c                	lw	a5,4(s0)
    75c0:	43dc                	lw	a5,4(a5)
    75c2:	c41c                	sw	a5,8(s0)
    75c4:	008d2783          	lw	a5,8(s10)
    75c8:	004d2703          	lw	a4,4(s10)
    75cc:	078a                	slli	a5,a5,0x2
    75ce:	02e7d7b3          	divu	a5,a5,a4
    75d2:	1297e163          	bltu	a5,s1,76f4 <tcp_enqueue+0x266>
    75d6:	5782                	lw	a5,32(sp)
    75d8:	1097ee63          	bltu	a5,s1,76f4 <tcp_enqueue+0x266>
    75dc:	4048                	lw	a0,4(s0)
    75de:	01841623          	sh	s8,12(s0)
    75e2:	45d1                	li	a1,20
    75e4:	9b1fd0ef          	jal	ra,4f94 <pbuf_header>
    75e8:	10051663          	bnez	a0,76f4 <tcp_enqueue+0x266>
    75ec:	405c                	lw	a5,4(s0)
    75ee:	01c95503          	lhu	a0,28(s2)
    75f2:	418b8bb3          	sub	s7,s7,s8
    75f6:	43dc                	lw	a5,4(a5)
    75f8:	0bc2                	slli	s7,s7,0x10
    75fa:	010bdb93          	srli	s7,s7,0x10
    75fe:	c81c                	sw	a5,16(s0)
    7600:	d63e                	sw	a5,44(sp)
    7602:	e24fc0ef          	jal	ra,3c26 <htons>
    7606:	57b2                	lw	a5,44(sp)
    7608:	a388                	sb	a0,0(a5)
    760a:	8121                	srli	a0,a0,0x8
    760c:	b388                	sb	a0,1(a5)
    760e:	481c                	lw	a5,16(s0)
    7610:	02495503          	lhu	a0,36(s2)
    7614:	d63e                	sw	a5,44(sp)
    7616:	e10fc0ef          	jal	ra,3c26 <htons>
    761a:	57b2                	lw	a5,44(sp)
    761c:	a3a8                	sb	a0,2(a5)
    761e:	8121                	srli	a0,a0,0x8
    7620:	b3a8                	sb	a0,3(a5)
    7622:	481c                	lw	a5,16(s0)
    7624:	4522                	lw	a0,8(sp)
    7626:	d63e                	sw	a5,44(sp)
    7628:	e1afc0ef          	jal	ra,3c42 <htonl>
    762c:	57b2                	lw	a5,44(sp)
    762e:	00855713          	srli	a4,a0,0x8
    7632:	b3d8                	sb	a4,5(a5)
    7634:	01055713          	srli	a4,a0,0x10
    7638:	a3f8                	sb	a4,6(a5)
    763a:	4818                	lw	a4,16(s0)
    763c:	a3c8                	sb	a0,4(a5)
    763e:	8161                	srli	a0,a0,0x18
    7640:	b3e8                	sb	a0,7(a5)
    7642:	375c                	lbu	a5,13(a4)
    7644:	2748                	lbu	a0,12(a4)
    7646:	00070923          	sb	zero,18(a4)
    764a:	07a2                	slli	a5,a5,0x8
    764c:	8fc9                	or	a5,a5,a0
    764e:	5512                	lw	a0,36(sp)
    7650:	000709a3          	sb	zero,19(a4)
    7654:	d63e                	sw	a5,44(sp)
    7656:	dd0fc0ef          	jal	ra,3c26 <htons>
    765a:	57b2                	lw	a5,44(sp)
    765c:	8fe9                	and	a5,a5,a0
    765e:	5522                	lw	a0,40(sp)
    7660:	d63e                	sw	a5,44(sp)
    7662:	dc4fc0ef          	jal	ra,3c26 <htons>
    7666:	57b2                	lw	a5,44(sp)
    7668:	8d5d                	or	a0,a0,a5
    766a:	0542                	slli	a0,a0,0x10
    766c:	481c                	lw	a5,16(s0)
    766e:	8141                	srli	a0,a0,0x10
    7670:	00855713          	srli	a4,a0,0x8
    7674:	b7d8                	sb	a4,13(a5)
    7676:	a7c8                	sb	a0,12(a5)
    7678:	01b40723          	sb	s11,14(s0)
    767c:	db8fc0ef          	jal	ra,3c34 <ntohs>
    7680:	481c                	lw	a5,16(s0)
    7682:	03f57513          	andi	a0,a0,63
    7686:	d63e                	sw	a5,44(sp)
    7688:	47e2                	lw	a5,24(sp)
    768a:	8d5d                	or	a0,a0,a5
    768c:	d9afc0ef          	jal	ra,3c26 <htons>
    7690:	57b2                	lw	a5,44(sp)
    7692:	a7c8                	sb	a0,12(a5)
    7694:	8121                	srli	a0,a0,0x8
    7696:	b7c8                	sb	a0,13(a5)
    7698:	67c1                	lui	a5,0x10
    769a:	17fd                	addi	a5,a5,-1
    769c:	00fa7a33          	and	s4,s4,a5
    76a0:	47a2                	lw	a5,8(sp)
    76a2:	9cd2                	add	s9,s9,s4
    76a4:	97d2                	add	a5,a5,s4
    76a6:	c43e                	sw	a5,8(sp)
    76a8:	87a2                	mv	a5,s0
    76aa:	e80b9ee3          	bnez	s7,7546 <tcp_enqueue+0xb8>
    76ae:	07c92a03          	lw	s4,124(s2)
    76b2:	060a1963          	bnez	s4,7724 <tcp_enqueue+0x296>
    76b6:	07392e23          	sw	s3,124(s2)
    76ba:	a251                	j	783e <tcp_enqueue+0x3b0>
    76bc:	89aa                	mv	s3,a0
    76be:	bd7d                	j	757c <tcp_enqueue+0xee>
    76c0:	45c2                	lw	a1,16(sp)
    76c2:	4601                	li	a2,0
    76c4:	4501                	li	a0,0
    76c6:	98bfd0ef          	jal	ra,5050 <pbuf_alloc>
    76ca:	c048                	sw	a0,4(s0)
    76cc:	c505                	beqz	a0,76f4 <tcp_enqueue+0x266>
    76ce:	b1bfd0ef          	jal	ra,51e8 <pbuf_clen>
    76d2:	94aa                	add	s1,s1,a0
    76d4:	04c2                	slli	s1,s1,0x10
    76d6:	80c1                	srli	s1,s1,0x10
    76d8:	ee0b86e3          	beqz	s7,75c4 <tcp_enqueue+0x136>
    76dc:	85e2                	mv	a1,s8
    76de:	4605                	li	a2,1
    76e0:	450d                	li	a0,3
    76e2:	96ffd0ef          	jal	ra,5050 <pbuf_alloc>
    76e6:	85aa                	mv	a1,a0
    76e8:	4048                	lw	a0,4(s0)
    76ea:	e195                	bnez	a1,770e <tcp_enqueue+0x280>
    76ec:	917fd0ef          	jal	ra,5002 <pbuf_free>
    76f0:	00042223          	sw	zero,4(s0)
    76f4:	02694783          	lbu	a5,38(s2)
    76f8:	5a7d                	li	s4,-1
    76fa:	f807e793          	ori	a5,a5,-128
    76fe:	02f90323          	sb	a5,38(s2)
    7702:	da0987e3          	beqz	s3,74b0 <tcp_enqueue+0x22>
    7706:	854e                	mv	a0,s3
    7708:	f81fd0ef          	jal	ra,5688 <tcp_segs_free>
    770c:	b355                	j	74b0 <tcp_enqueue+0x22>
    770e:	0195a223          	sw	s9,4(a1)
    7712:	0485                	addi	s1,s1,1
    7714:	04c2                	slli	s1,s1,0x10
    7716:	01942423          	sw	s9,8(s0)
    771a:	80c1                	srli	s1,s1,0x10
    771c:	ae9fd0ef          	jal	ra,5204 <pbuf_cat>
    7720:	b555                	j	75c4 <tcp_enqueue+0x136>
    7722:	8a3e                	mv	s4,a5
    7724:	000a2783          	lw	a5,0(s4)
    7728:	ffed                	bnez	a5,7722 <tcp_enqueue+0x294>
    772a:	010a2783          	lw	a5,16(s4)
    772e:	00ca5b83          	lhu	s7,12(s4)
    7732:	27c8                	lbu	a0,12(a5)
    7734:	37dc                	lbu	a5,13(a5)
    7736:	07a2                	slli	a5,a5,0x8
    7738:	8d5d                	or	a0,a0,a5
    773a:	cfafc0ef          	jal	ra,3c34 <ntohs>
    773e:	890d                	andi	a0,a0,3
    7740:	00a03533          	snez	a0,a0
    7744:	955e                	add	a0,a0,s7
    7746:	18050563          	beqz	a0,78d0 <tcp_enqueue+0x442>
    774a:	010a2783          	lw	a5,16(s4)
    774e:	27c8                	lbu	a0,12(a5)
    7750:	37dc                	lbu	a5,13(a5)
    7752:	07a2                	slli	a5,a5,0x8
    7754:	8d5d                	or	a0,a0,a5
    7756:	cdefc0ef          	jal	ra,3c34 <ntohs>
    775a:	890d                	andi	a0,a0,3
    775c:	16051a63          	bnez	a0,78d0 <tcp_enqueue+0x442>
    7760:	003b7793          	andi	a5,s6,3
    7764:	c781                	beqz	a5,776c <tcp_enqueue+0x2de>
    7766:	4785                	li	a5,1
    7768:	16fb1463          	bne	s6,a5,78d0 <tcp_enqueue+0x442>
    776c:	00c9d703          	lhu	a4,12(s3)
    7770:	00ca5783          	lhu	a5,12(s4)
    7774:	97ba                	add	a5,a5,a4
    7776:	04095703          	lhu	a4,64(s2)
    777a:	14f74b63          	blt	a4,a5,78d0 <tcp_enqueue+0x442>
    777e:	00ea4703          	lbu	a4,14(s4)
    7782:	00e9c783          	lbu	a5,14(s3)
    7786:	14f71563          	bne	a4,a5,78d0 <tcp_enqueue+0x442>
    778a:	010a2703          	lw	a4,16(s4)
    778e:	3348                	lbu	a0,5(a4)
    7790:	235c                	lbu	a5,4(a4)
    7792:	0522                	slli	a0,a0,0x8
    7794:	8d5d                	or	a0,a0,a5
    7796:	237c                	lbu	a5,6(a4)
    7798:	07c2                	slli	a5,a5,0x10
    779a:	8fc9                	or	a5,a5,a0
    779c:	3368                	lbu	a0,7(a4)
    779e:	0562                	slli	a0,a0,0x18
    77a0:	8d5d                	or	a0,a0,a5
    77a2:	cc4fc0ef          	jal	ra,3c66 <ntohl>
    77a6:	0109a703          	lw	a4,16(s3)
    77aa:	00ca5b83          	lhu	s7,12(s4)
    77ae:	235c                	lbu	a5,4(a4)
    77b0:	9baa                	add	s7,s7,a0
    77b2:	3348                	lbu	a0,5(a4)
    77b4:	0522                	slli	a0,a0,0x8
    77b6:	8d5d                	or	a0,a0,a5
    77b8:	237c                	lbu	a5,6(a4)
    77ba:	07c2                	slli	a5,a5,0x10
    77bc:	8fc9                	or	a5,a5,a0
    77be:	3368                	lbu	a0,7(a4)
    77c0:	0562                	slli	a0,a0,0x18
    77c2:	8d5d                	or	a0,a0,a5
    77c4:	ca2fc0ef          	jal	ra,3c66 <ntohl>
    77c8:	10ab9463          	bne	s7,a0,78d0 <tcp_enqueue+0x442>
    77cc:	47c2                	lw	a5,16(sp)
    77ce:	55b1                	li	a1,-20
    77d0:	0049a503          	lw	a0,4(s3)
    77d4:	8d9d                	sub	a1,a1,a5
    77d6:	05c2                	slli	a1,a1,0x10
    77d8:	85c1                	srai	a1,a1,0x10
    77da:	fbafd0ef          	jal	ra,4f94 <pbuf_header>
    77de:	f0051be3          	bnez	a0,76f4 <tcp_enqueue+0x266>
    77e2:	0049a503          	lw	a0,4(s3)
    77e6:	253e                	lhu	a5,10(a0)
    77e8:	eb99                	bnez	a5,77fe <tcp_enqueue+0x370>
    77ea:	411c                	lw	a5,0(a0)
    77ec:	14fd                	addi	s1,s1,-1
    77ee:	04c2                	slli	s1,s1,0x10
    77f0:	00f9a223          	sw	a5,4(s3)
    77f4:	00052023          	sw	zero,0(a0)
    77f8:	80c1                	srli	s1,s1,0x10
    77fa:	809fd0ef          	jal	ra,5002 <pbuf_free>
    77fe:	001b7793          	andi	a5,s6,1
    7802:	c7cd                	beqz	a5,78ac <tcp_enqueue+0x41e>
    7804:	010a2783          	lw	a5,16(s4)
    7808:	00d7cb83          	lbu	s7,13(a5) # 1000d <_data_lma+0x57bd>
    780c:	27c8                	lbu	a0,12(a5)
    780e:	0ba2                	slli	s7,s7,0x8
    7810:	00abebb3          	or	s7,s7,a0
    7814:	4505                	li	a0,1
    7816:	c10fc0ef          	jal	ra,3c26 <htons>
    781a:	010a2783          	lw	a5,16(s4)
    781e:	00abe533          	or	a0,s7,a0
    7822:	0542                	slli	a0,a0,0x10
    7824:	8141                	srli	a0,a0,0x10
    7826:	a7c8                	sb	a0,12(a5)
    7828:	8121                	srli	a0,a0,0x8
    782a:	b7c8                	sb	a0,13(a5)
    782c:	00899563          	bne	s3,s0,7836 <tcp_enqueue+0x3a8>
    7830:	00ca5c03          	lhu	s8,12(s4)
    7834:	8452                	mv	s0,s4
    7836:	85ce                	mv	a1,s3
    7838:	4511                	li	a0,4
    783a:	df6fd0ef          	jal	ra,4e30 <memp_free>
    783e:	003b7793          	andi	a5,s6,3
    7842:	c789                	beqz	a5,784c <tcp_enqueue+0x3be>
    7844:	0a85                	addi	s5,s5,1
    7846:	0ac2                	slli	s5,s5,0x10
    7848:	010ada93          	srli	s5,s5,0x10
    784c:	001b7b13          	andi	s6,s6,1
    7850:	000b0863          	beqz	s6,7860 <tcp_enqueue+0x3d2>
    7854:	02694783          	lbu	a5,38(s2)
    7858:	0207e793          	ori	a5,a5,32
    785c:	02f90323          	sb	a5,38(s2)
    7860:	07092783          	lw	a5,112(s2)
    7864:	06991c23          	sh	s1,120(s2)
    7868:	4a01                	li	s4,0
    786a:	97d6                	add	a5,a5,s5
    786c:	06f92823          	sw	a5,112(s2)
    7870:	07695783          	lhu	a5,118(s2)
    7874:	41578ab3          	sub	s5,a5,s5
    7878:	07591b23          	sh	s5,118(s2)
    787c:	c20c0ae3          	beqz	s8,74b0 <tcp_enqueue+0x22>
    7880:	481c                	lw	a5,16(s0)
    7882:	c20787e3          	beqz	a5,74b0 <tcp_enqueue+0x22>
    7886:	4752                	lw	a4,20(sp)
    7888:	8b09                	andi	a4,a4,2
    788a:	c20713e3          	bnez	a4,74b0 <tcp_enqueue+0x22>
    788e:	37c4                	lbu	s1,13(a5)
    7890:	27c8                	lbu	a0,12(a5)
    7892:	04a2                	slli	s1,s1,0x8
    7894:	8cc9                	or	s1,s1,a0
    7896:	4521                	li	a0,8
    7898:	b8efc0ef          	jal	ra,3c26 <htons>
    789c:	481c                	lw	a5,16(s0)
    789e:	8d45                	or	a0,a0,s1
    78a0:	0542                	slli	a0,a0,0x10
    78a2:	8141                	srli	a0,a0,0x10
    78a4:	a7c8                	sb	a0,12(a5)
    78a6:	8121                	srli	a0,a0,0x8
    78a8:	b7c8                	sb	a0,13(a5)
    78aa:	b119                	j	74b0 <tcp_enqueue+0x22>
    78ac:	0049a583          	lw	a1,4(s3)
    78b0:	004a2503          	lw	a0,4(s4)
    78b4:	951fd0ef          	jal	ra,5204 <pbuf_cat>
    78b8:	00c9d703          	lhu	a4,12(s3)
    78bc:	00ca5783          	lhu	a5,12(s4)
    78c0:	97ba                	add	a5,a5,a4
    78c2:	00fa1623          	sh	a5,12(s4)
    78c6:	0009a783          	lw	a5,0(s3)
    78ca:	00fa2023          	sw	a5,0(s4)
    78ce:	bfb9                	j	782c <tcp_enqueue+0x39e>
    78d0:	013a2023          	sw	s3,0(s4)
    78d4:	b7ad                	j	783e <tcp_enqueue+0x3b0>

000078d6 <tcp_send_ctrl>:
    78d6:	89bf82ef          	jal	t0,170 <__riscv_save_0>
    78da:	86ae                	mv	a3,a1
    78dc:	4781                	li	a5,0
    78de:	4705                	li	a4,1
    78e0:	4601                	li	a2,0
    78e2:	4581                	li	a1,0
    78e4:	babff0ef          	jal	ra,748e <tcp_enqueue>
    78e8:	8adf806f          	j	194 <__riscv_restore_0>

000078ec <tcp_write>:
    78ec:	87aa                	mv	a5,a0
    78ee:	4908                	lw	a0,16(a0)
    78f0:	471d                	li	a4,7
    78f2:	00e50863          	beq	a0,a4,7902 <tcp_write+0x16>
    78f6:	ffe50813          	addi	a6,a0,-2
    78fa:	4709                	li	a4,2
    78fc:	5561                	li	a0,-8
    78fe:	01076e63          	bltu	a4,a6,791a <tcp_write+0x2e>
    7902:	4501                	li	a0,0
    7904:	ca19                	beqz	a2,791a <tcp_write+0x2e>
    7906:	86bf82ef          	jal	t0,170 <__riscv_save_0>
    790a:	8736                	mv	a4,a3
    790c:	853e                	mv	a0,a5
    790e:	4681                	li	a3,0
    7910:	4781                	li	a5,0
    7912:	b7dff0ef          	jal	ra,748e <tcp_enqueue>
    7916:	87ff806f          	j	194 <__riscv_restore_0>
    791a:	8082                	ret

0000791c <tcp_send_empty_ack>:
    791c:	83bf82ef          	jal	t0,156 <__riscv_save_4>
    7920:	842a                	mv	s0,a0
    7922:	4601                	li	a2,0
    7924:	45d1                	li	a1,20
    7926:	4505                	li	a0,1
    7928:	f28fd0ef          	jal	ra,5050 <pbuf_alloc>
    792c:	cd31                	beqz	a0,7988 <tcp_send_empty_ack+0x6c>
    792e:	02644783          	lbu	a5,38(s0)
    7932:	84aa                	mv	s1,a0
    7934:	5028                	lw	a0,96(s0)
    7936:	9bf1                	andi	a5,a5,-4
    7938:	02f40323          	sb	a5,38(s0)
    793c:	b06fc0ef          	jal	ra,3c42 <htonl>
    7940:	40cc                	lw	a1,4(s1)
    7942:	862a                	mv	a2,a0
    7944:	8522                	mv	a0,s0
    7946:	a75ff0ef          	jal	ra,73ba <tcp_output_set_header.isra.0.constprop.1>
    794a:	249a                	lhu	a4,8(s1)
    794c:	00440913          	addi	s2,s0,4
    7950:	89aa                	mv	s3,a0
    7952:	4699                	li	a3,6
    7954:	864a                	mv	a2,s2
    7956:	85a2                	mv	a1,s0
    7958:	8526                	mv	a0,s1
    795a:	711000ef          	jal	ra,886a <inet_chksum_pseudo>
    795e:	00a98823          	sb	a0,16(s3)
    7962:	8121                	srli	a0,a0,0x8
    7964:	00a988a3          	sb	a0,17(s3)
    7968:	2438                	lbu	a4,10(s0)
    796a:	3434                	lbu	a3,11(s0)
    796c:	4799                	li	a5,6
    796e:	864a                	mv	a2,s2
    7970:	85a2                	mv	a1,s0
    7972:	8526                	mv	a0,s1
    7974:	f3efc0ef          	jal	ra,40b2 <ip_output>
    7978:	8526                	mv	a0,s1
    797a:	e88fd0ef          	jal	ra,5002 <pbuf_free>
    797e:	4501                	li	a0,0
    7980:	020403a3          	sb	zero,39(s0)
    7984:	807f806f          	j	18a <__riscv_restore_4>
    7988:	5579                	li	a0,-2
    798a:	bfed                	j	7984 <tcp_send_empty_ack+0x68>

0000798c <tcp_output>:
    798c:	9381a783          	lw	a5,-1736(gp) # 20000318 <tcp_input_pcb>
    7990:	36a78063          	beq	a5,a0,7cf0 <tcp_output+0x364>
    7994:	facf82ef          	jal	t0,140 <__riscv_save_12>
    7998:	06455783          	lhu	a5,100(a0)
    799c:	05a55a03          	lhu	s4,90(a0)
    79a0:	0147f363          	bgeu	a5,s4,79a6 <tcp_output+0x1a>
    79a4:	8a3e                	mv	s4,a5
    79a6:	02654783          	lbu	a5,38(a0)
    79aa:	0a42                	slli	s4,s4,0x10
    79ac:	842a                	mv	s0,a0
    79ae:	8b89                	andi	a5,a5,2
    79b0:	010a5a13          	srli	s4,s4,0x10
    79b4:	5d64                	lw	s1,124(a0)
    79b6:	cb95                	beqz	a5,79ea <tcp_output+0x5e>
    79b8:	e491                	bnez	s1,79c4 <tcp_output+0x38>
    79ba:	8522                	mv	a0,s0
    79bc:	f61ff0ef          	jal	ra,791c <tcp_send_empty_ack>
    79c0:	fbcf806f          	j	17c <__riscv_restore_12>
    79c4:	4898                	lw	a4,16(s1)
    79c6:	3348                	lbu	a0,5(a4)
    79c8:	235c                	lbu	a5,4(a4)
    79ca:	0522                	slli	a0,a0,0x8
    79cc:	8d5d                	or	a0,a0,a5
    79ce:	237c                	lbu	a5,6(a4)
    79d0:	07c2                	slli	a5,a5,0x10
    79d2:	8fc9                	or	a5,a5,a0
    79d4:	3368                	lbu	a0,7(a4)
    79d6:	0562                	slli	a0,a0,0x18
    79d8:	8d5d                	or	a0,a0,a5
    79da:	a8cfc0ef          	jal	ra,3c66 <ntohl>
    79de:	24de                	lhu	a5,12(s1)
    79e0:	4878                	lw	a4,84(s0)
    79e2:	8f99                	sub	a5,a5,a4
    79e4:	953e                	add	a0,a0,a5
    79e6:	fcaa6ae3          	bltu	s4,a0,79ba <tcp_output+0x2e>
    79ea:	08042983          	lw	s3,128(s0)
    79ee:	08099663          	bnez	s3,7a7a <tcp_output+0xee>
    79f2:	20007ab7          	lui	s5,0x20007
    79f6:	4b89                	li	s7,2
    79f8:	a4ca8a93          	addi	s5,s5,-1460 # 20006a4c <WCHCfg>
    79fc:	02040c37          	lui	s8,0x2040
    7a00:	00440b13          	addi	s6,s0,4
    7a04:	5cfd                	li	s9,-1
    7a06:	c0ad                	beqz	s1,7a68 <tcp_output+0xdc>
    7a08:	4898                	lw	a4,16(s1)
    7a0a:	3348                	lbu	a0,5(a4)
    7a0c:	235c                	lbu	a5,4(a4)
    7a0e:	0522                	slli	a0,a0,0x8
    7a10:	8d5d                	or	a0,a0,a5
    7a12:	237c                	lbu	a5,6(a4)
    7a14:	07c2                	slli	a5,a5,0x10
    7a16:	8fc9                	or	a5,a5,a0
    7a18:	3368                	lbu	a0,7(a4)
    7a1a:	0562                	slli	a0,a0,0x18
    7a1c:	8d5d                	or	a0,a0,a5
    7a1e:	a48fc0ef          	jal	ra,3c66 <ntohl>
    7a22:	24de                	lhu	a5,12(s1)
    7a24:	4878                	lw	a4,84(s0)
    7a26:	8f99                	sub	a5,a5,a4
    7a28:	953e                	add	a0,a0,a5
    7a2a:	04aa7c63          	bgeu	s4,a0,7a82 <tcp_output+0xf6>
    7a2e:	0b044783          	lbu	a5,176(s0)
    7a32:	eb9d                	bnez	a5,7a68 <tcp_output+0xdc>
    7a34:	4898                	lw	a4,16(s1)
    7a36:	3348                	lbu	a0,5(a4)
    7a38:	235c                	lbu	a5,4(a4)
    7a3a:	0522                	slli	a0,a0,0x8
    7a3c:	8d5d                	or	a0,a0,a5
    7a3e:	237c                	lbu	a5,6(a4)
    7a40:	07c2                	slli	a5,a5,0x10
    7a42:	8fc9                	or	a5,a5,a0
    7a44:	3368                	lbu	a0,7(a4)
    7a46:	0562                	slli	a0,a0,0x18
    7a48:	8d5d                	or	a0,a0,a5
    7a4a:	a1cfc0ef          	jal	ra,3c66 <ntohl>
    7a4e:	24de                	lhu	a5,12(s1)
    7a50:	4878                	lw	a4,84(s0)
    7a52:	8f99                	sub	a5,a5,a4
    7a54:	953e                	add	a0,a0,a5
    7a56:	06445783          	lhu	a5,100(s0)
    7a5a:	00a7f763          	bgeu	a5,a0,7a68 <tcp_output+0xdc>
    7a5e:	4785                	li	a5,1
    7a60:	0a042623          	sw	zero,172(s0)
    7a64:	0af40823          	sb	a5,176(s0)
    7a68:	02644783          	lbu	a5,38(s0)
    7a6c:	4501                	li	a0,0
    7a6e:	07f7f793          	andi	a5,a5,127
    7a72:	02f40323          	sb	a5,38(s0)
    7a76:	b7a9                	j	79c0 <tcp_output+0x34>
    7a78:	89be                	mv	s3,a5
    7a7a:	0009a783          	lw	a5,0(s3)
    7a7e:	ffed                	bnez	a5,7a78 <tcp_output+0xec>
    7a80:	bf8d                	j	79f2 <tcp_output+0x66>
    7a82:	08042783          	lw	a5,128(s0)
    7a86:	c395                	beqz	a5,7aaa <tcp_output+0x11e>
    7a88:	02644783          	lbu	a5,38(s0)
    7a8c:	0447f713          	andi	a4,a5,68
    7a90:	ef09                	bnez	a4,7aaa <tcp_output+0x11e>
    7a92:	5c78                	lw	a4,124(s0)
    7a94:	cb01                	beqz	a4,7aa4 <tcp_output+0x118>
    7a96:	4314                	lw	a3,0(a4)
    7a98:	ea89                	bnez	a3,7aaa <tcp_output+0x11e>
    7a9a:	2756                	lhu	a3,12(a4)
    7a9c:	04045703          	lhu	a4,64(s0)
    7aa0:	00e6f563          	bgeu	a3,a4,7aaa <tcp_output+0x11e>
    7aa4:	0a07f793          	andi	a5,a5,160
    7aa8:	d3d9                	beqz	a5,7a2e <tcp_output+0xa2>
    7aaa:	409c                	lw	a5,0(s1)
    7aac:	dc7c                	sw	a5,124(s0)
    7aae:	481c                	lw	a5,16(s0)
    7ab0:	03778963          	beq	a5,s7,7ae2 <tcp_output+0x156>
    7ab4:	489c                	lw	a5,16(s1)
    7ab6:	00d7c903          	lbu	s2,13(a5)
    7aba:	27c8                	lbu	a0,12(a5)
    7abc:	0922                	slli	s2,s2,0x8
    7abe:	00a96933          	or	s2,s2,a0
    7ac2:	4541                	li	a0,16
    7ac4:	962fc0ef          	jal	ra,3c26 <htons>
    7ac8:	489c                	lw	a5,16(s1)
    7aca:	00a96533          	or	a0,s2,a0
    7ace:	0542                	slli	a0,a0,0x10
    7ad0:	8141                	srli	a0,a0,0x10
    7ad2:	a7c8                	sb	a0,12(a5)
    7ad4:	8121                	srli	a0,a0,0x8
    7ad6:	b7c8                	sb	a0,13(a5)
    7ad8:	02644783          	lbu	a5,38(s0)
    7adc:	9bf1                	andi	a5,a5,-4
    7ade:	02f40323          	sb	a5,38(s0)
    7ae2:	5408                	lw	a0,40(s0)
    7ae4:	0104a903          	lw	s2,16(s1)
    7ae8:	95afc0ef          	jal	ra,3c42 <htonl>
    7aec:	00855793          	srli	a5,a0,0x8
    7af0:	00a90423          	sb	a0,8(s2)
    7af4:	00f904a3          	sb	a5,9(s2)
    7af8:	01055793          	srli	a5,a0,0x10
    7afc:	8161                	srli	a0,a0,0x18
    7afe:	00a905a3          	sb	a0,11(s2)
    7b02:	346a                	lhu	a0,46(s0)
    7b04:	00f90523          	sb	a5,10(s2)
    7b08:	0104a903          	lw	s2,16(s1)
    7b0c:	91afc0ef          	jal	ra,3c26 <htons>
    7b10:	347a                	lhu	a4,46(s0)
    7b12:	541c                	lw	a5,40(s0)
    7b14:	00a90723          	sb	a0,14(s2)
    7b18:	8121                	srli	a0,a0,0x8
    7b1a:	00a907a3          	sb	a0,15(s2)
    7b1e:	97ba                	add	a5,a5,a4
    7b20:	b87a                	sh	a4,54(s0)
    7b22:	d81c                	sw	a5,48(s0)
    7b24:	24fc                	lbu	a5,14(s1)
    7b26:	8b85                	andi	a5,a5,1
    7b28:	cb99                	beqz	a5,7b3e <tcp_output+0x1b2>
    7b2a:	004aa503          	lw	a0,4(s5)
    7b2e:	0104a903          	lw	s2,16(s1)
    7b32:	00ac6533          	or	a0,s8,a0
    7b36:	90cfc0ef          	jal	ra,3c42 <htonl>
    7b3a:	00a92a23          	sw	a0,20(s2)
    7b3e:	401c                	lw	a5,0(s0)
    7b40:	e799                	bnez	a5,7b4e <tcp_output+0x1c2>
    7b42:	855a                	mv	a0,s6
    7b44:	92efc0ef          	jal	ra,3c72 <ip_route>
    7b48:	c559                	beqz	a0,7bd6 <tcp_output+0x24a>
    7b4a:	415c                	lw	a5,4(a0)
    7b4c:	c01c                	sw	a5,0(s0)
    7b4e:	03e41783          	lh	a5,62(s0)
    7b52:	01979463          	bne	a5,s9,7b5a <tcp_output+0x1ce>
    7b56:	02041f23          	sh	zero,62(s0)
    7b5a:	407c                	lw	a5,68(s0)
    7b5c:	e395                	bnez	a5,7b80 <tcp_output+0x1f4>
    7b5e:	9101a783          	lw	a5,-1776(gp) # 200002f0 <tcp_ticks>
    7b62:	4898                	lw	a4,16(s1)
    7b64:	c07c                	sw	a5,68(s0)
    7b66:	3348                	lbu	a0,5(a4)
    7b68:	235c                	lbu	a5,4(a4)
    7b6a:	0522                	slli	a0,a0,0x8
    7b6c:	8d5d                	or	a0,a0,a5
    7b6e:	237c                	lbu	a5,6(a4)
    7b70:	07c2                	slli	a5,a5,0x10
    7b72:	8fc9                	or	a5,a5,a0
    7b74:	3368                	lbu	a0,7(a4)
    7b76:	0562                	slli	a0,a0,0x18
    7b78:	8d5d                	or	a0,a0,a5
    7b7a:	8ecfc0ef          	jal	ra,3c66 <ntohl>
    7b7e:	c428                	sw	a0,72(s0)
    7b80:	40c8                	lw	a0,4(s1)
    7b82:	0104a903          	lw	s2,16(s1)
    7b86:	4699                	li	a3,6
    7b88:	4158                	lw	a4,4(a0)
    7b8a:	01252223          	sw	s2,4(a0)
    7b8e:	865a                	mv	a2,s6
    7b90:	40e90733          	sub	a4,s2,a4
    7b94:	01071793          	slli	a5,a4,0x10
    7b98:	253a                	lhu	a4,10(a0)
    7b9a:	83c1                	srli	a5,a5,0x10
    7b9c:	85a2                	mv	a1,s0
    7b9e:	8f1d                	sub	a4,a4,a5
    7ba0:	a53a                	sh	a4,10(a0)
    7ba2:	251a                	lhu	a4,8(a0)
    7ba4:	8f1d                	sub	a4,a4,a5
    7ba6:	0742                	slli	a4,a4,0x10
    7ba8:	8341                	srli	a4,a4,0x10
    7baa:	a51a                	sh	a4,8(a0)
    7bac:	00090823          	sb	zero,16(s2)
    7bb0:	000908a3          	sb	zero,17(s2)
    7bb4:	4b7000ef          	jal	ra,886a <inet_chksum_pseudo>
    7bb8:	00a90823          	sb	a0,16(s2)
    7bbc:	8121                	srli	a0,a0,0x8
    7bbe:	00a908a3          	sb	a0,17(s2)
    7bc2:	2438                	lbu	a4,10(s0)
    7bc4:	3434                	lbu	a3,11(s0)
    7bc6:	40c8                	lw	a0,4(s1)
    7bc8:	4799                	li	a5,6
    7bca:	865a                	mv	a2,s6
    7bcc:	85a2                	mv	a1,s0
    7bce:	ce4fc0ef          	jal	ra,40b2 <ip_output>
    7bd2:	020403a3          	sb	zero,39(s0)
    7bd6:	4898                	lw	a4,16(s1)
    7bd8:	3348                	lbu	a0,5(a4)
    7bda:	235c                	lbu	a5,4(a4)
    7bdc:	0522                	slli	a0,a0,0x8
    7bde:	8d5d                	or	a0,a0,a5
    7be0:	237c                	lbu	a5,6(a4)
    7be2:	07c2                	slli	a5,a5,0x10
    7be4:	8fc9                	or	a5,a5,a0
    7be6:	3368                	lbu	a0,7(a4)
    7be8:	0562                	slli	a0,a0,0x18
    7bea:	8d5d                	or	a0,a0,a5
    7bec:	87afc0ef          	jal	ra,3c66 <ntohl>
    7bf0:	489c                	lw	a5,16(s1)
    7bf2:	892a                	mv	s2,a0
    7bf4:	00c4dd83          	lhu	s11,12(s1)
    7bf8:	27c8                	lbu	a0,12(a5)
    7bfa:	37dc                	lbu	a5,13(a5)
    7bfc:	07a2                	slli	a5,a5,0x8
    7bfe:	8d5d                	or	a0,a0,a5
    7c00:	834fc0ef          	jal	ra,3c34 <ntohs>
    7c04:	890d                	andi	a0,a0,3
    7c06:	00a03533          	snez	a0,a0
    7c0a:	503c                	lw	a5,96(s0)
    7c0c:	956e                	add	a0,a0,s11
    7c0e:	954a                	add	a0,a0,s2
    7c10:	8f89                	sub	a5,a5,a0
    7c12:	0007d363          	bgez	a5,7c18 <tcp_output+0x28c>
    7c16:	d028                	sw	a0,96(s0)
    7c18:	489c                	lw	a5,16(s1)
    7c1a:	00c4d903          	lhu	s2,12(s1)
    7c1e:	27c8                	lbu	a0,12(a5)
    7c20:	37dc                	lbu	a5,13(a5)
    7c22:	07a2                	slli	a5,a5,0x8
    7c24:	8d5d                	or	a0,a0,a5
    7c26:	80efc0ef          	jal	ra,3c34 <ntohs>
    7c2a:	890d                	andi	a0,a0,3
    7c2c:	00a03533          	snez	a0,a0
    7c30:	954a                	add	a0,a0,s2
    7c32:	c95d                	beqz	a0,7ce8 <tcp_output+0x35c>
    7c34:	08042783          	lw	a5,128(s0)
    7c38:	0004a023          	sw	zero,0(s1)
    7c3c:	e789                	bnez	a5,7c46 <tcp_output+0x2ba>
    7c3e:	08942023          	sw	s1,128(s0)
    7c42:	89a6                	mv	s3,s1
    7c44:	a899                	j	7c9a <tcp_output+0x30e>
    7c46:	4898                	lw	a4,16(s1)
    7c48:	3348                	lbu	a0,5(a4)
    7c4a:	235c                	lbu	a5,4(a4)
    7c4c:	0522                	slli	a0,a0,0x8
    7c4e:	8d5d                	or	a0,a0,a5
    7c50:	237c                	lbu	a5,6(a4)
    7c52:	07c2                	slli	a5,a5,0x10
    7c54:	8fc9                	or	a5,a5,a0
    7c56:	3368                	lbu	a0,7(a4)
    7c58:	0562                	slli	a0,a0,0x18
    7c5a:	8d5d                	or	a0,a0,a5
    7c5c:	80afc0ef          	jal	ra,3c66 <ntohl>
    7c60:	0109a703          	lw	a4,16(s3)
    7c64:	892a                	mv	s2,a0
    7c66:	3348                	lbu	a0,5(a4)
    7c68:	235c                	lbu	a5,4(a4)
    7c6a:	0522                	slli	a0,a0,0x8
    7c6c:	8d5d                	or	a0,a0,a5
    7c6e:	237c                	lbu	a5,6(a4)
    7c70:	07c2                	slli	a5,a5,0x10
    7c72:	8fc9                	or	a5,a5,a0
    7c74:	3368                	lbu	a0,7(a4)
    7c76:	0562                	slli	a0,a0,0x18
    7c78:	8d5d                	or	a0,a0,a5
    7c7a:	fedfb0ef          	jal	ra,3c66 <ntohl>
    7c7e:	40a90533          	sub	a0,s2,a0
    7c82:	06055063          	bgez	a0,7ce2 <tcp_output+0x356>
    7c86:	08040913          	addi	s2,s0,128
    7c8a:	00092783          	lw	a5,0(s2)
    7c8e:	eb81                	bnez	a5,7c9e <tcp_output+0x312>
    7c90:	00092783          	lw	a5,0(s2)
    7c94:	c09c                	sw	a5,0(s1)
    7c96:	00992023          	sw	s1,0(s2)
    7c9a:	5c64                	lw	s1,124(s0)
    7c9c:	b3ad                	j	7a06 <tcp_output+0x7a>
    7c9e:	4b98                	lw	a4,16(a5)
    7ca0:	3348                	lbu	a0,5(a4)
    7ca2:	235c                	lbu	a5,4(a4)
    7ca4:	0522                	slli	a0,a0,0x8
    7ca6:	8d5d                	or	a0,a0,a5
    7ca8:	237c                	lbu	a5,6(a4)
    7caa:	07c2                	slli	a5,a5,0x10
    7cac:	8fc9                	or	a5,a5,a0
    7cae:	3368                	lbu	a0,7(a4)
    7cb0:	0562                	slli	a0,a0,0x18
    7cb2:	8d5d                	or	a0,a0,a5
    7cb4:	fb3fb0ef          	jal	ra,3c66 <ntohl>
    7cb8:	4898                	lw	a4,16(s1)
    7cba:	8daa                	mv	s11,a0
    7cbc:	3348                	lbu	a0,5(a4)
    7cbe:	235c                	lbu	a5,4(a4)
    7cc0:	0522                	slli	a0,a0,0x8
    7cc2:	8d5d                	or	a0,a0,a5
    7cc4:	237c                	lbu	a5,6(a4)
    7cc6:	07c2                	slli	a5,a5,0x10
    7cc8:	8fc9                	or	a5,a5,a0
    7cca:	3368                	lbu	a0,7(a4)
    7ccc:	0562                	slli	a0,a0,0x18
    7cce:	8d5d                	or	a0,a0,a5
    7cd0:	f97fb0ef          	jal	ra,3c66 <ntohl>
    7cd4:	40ad8533          	sub	a0,s11,a0
    7cd8:	fa055ce3          	bgez	a0,7c90 <tcp_output+0x304>
    7cdc:	00092903          	lw	s2,0(s2)
    7ce0:	b76d                	j	7c8a <tcp_output+0x2fe>
    7ce2:	0099a023          	sw	s1,0(s3)
    7ce6:	bfb1                	j	7c42 <tcp_output+0x2b6>
    7ce8:	8526                	mv	a0,s1
    7cea:	975fd0ef          	jal	ra,565e <tcp_seg_free>
    7cee:	b775                	j	7c9a <tcp_output+0x30e>
    7cf0:	4501                	li	a0,0
    7cf2:	8082                	ret

00007cf4 <tcp_rst>:
    7cf4:	c62f82ef          	jal	t0,156 <__riscv_save_4>
    7cf8:	1141                	addi	sp,sp,-16
    7cfa:	8aaa                	mv	s5,a0
    7cfc:	84ae                	mv	s1,a1
    7cfe:	89b2                	mv	s3,a2
    7d00:	45d1                	li	a1,20
    7d02:	4601                	li	a2,0
    7d04:	4505                	li	a0,1
    7d06:	8a36                	mv	s4,a3
    7d08:	c63a                	sw	a4,12(sp)
    7d0a:	8b3e                	mv	s6,a5
    7d0c:	b44fd0ef          	jal	ra,5050 <pbuf_alloc>
    7d10:	0e050363          	beqz	a0,7df6 <tcp_rst+0x102>
    7d14:	4732                	lw	a4,12(sp)
    7d16:	4140                	lw	s0,4(a0)
    7d18:	892a                	mv	s2,a0
    7d1a:	853a                	mv	a0,a4
    7d1c:	f0bfb0ef          	jal	ra,3c26 <htons>
    7d20:	a008                	sb	a0,0(s0)
    7d22:	8121                	srli	a0,a0,0x8
    7d24:	b008                	sb	a0,1(s0)
    7d26:	855a                	mv	a0,s6
    7d28:	efffb0ef          	jal	ra,3c26 <htons>
    7d2c:	a028                	sb	a0,2(s0)
    7d2e:	8121                	srli	a0,a0,0x8
    7d30:	b028                	sb	a0,3(s0)
    7d32:	8556                	mv	a0,s5
    7d34:	f0ffb0ef          	jal	ra,3c42 <htonl>
    7d38:	00855793          	srli	a5,a0,0x8
    7d3c:	a048                	sb	a0,4(s0)
    7d3e:	b05c                	sb	a5,5(s0)
    7d40:	01055793          	srli	a5,a0,0x10
    7d44:	8161                	srli	a0,a0,0x18
    7d46:	a07c                	sb	a5,6(s0)
    7d48:	b068                	sb	a0,7(s0)
    7d4a:	8526                	mv	a0,s1
    7d4c:	ef7fb0ef          	jal	ra,3c42 <htonl>
    7d50:	00855793          	srli	a5,a0,0x8
    7d54:	a408                	sb	a0,8(s0)
    7d56:	b41c                	sb	a5,9(s0)
    7d58:	3444                	lbu	s1,13(s0)
    7d5a:	01055793          	srli	a5,a0,0x10
    7d5e:	8161                	srli	a0,a0,0x18
    7d60:	b428                	sb	a0,11(s0)
    7d62:	2448                	lbu	a0,12(s0)
    7d64:	04a2                	slli	s1,s1,0x8
    7d66:	a43c                	sb	a5,10(s0)
    7d68:	8cc9                	or	s1,s1,a0
    7d6a:	6541                	lui	a0,0x10
    7d6c:	fc050513          	addi	a0,a0,-64 # ffc0 <_data_lma+0x5770>
    7d70:	eb7fb0ef          	jal	ra,3c26 <htons>
    7d74:	8ce9                	and	s1,s1,a0
    7d76:	4551                	li	a0,20
    7d78:	eaffb0ef          	jal	ra,3c26 <htons>
    7d7c:	8d45                	or	a0,a0,s1
    7d7e:	0542                	slli	a0,a0,0x10
    7d80:	8141                	srli	a0,a0,0x10
    7d82:	200077b7          	lui	a5,0x20007
    7d86:	a448                	sb	a0,12(s0)
    7d88:	8121                	srli	a0,a0,0x8
    7d8a:	b448                	sb	a0,13(s0)
    7d8c:	a507d503          	lhu	a0,-1456(a5) # 20006a50 <WCHCfg+0x4>
    7d90:	e97fb0ef          	jal	ra,3c26 <htons>
    7d94:	a468                	sb	a0,14(s0)
    7d96:	345c                	lbu	a5,13(s0)
    7d98:	8121                	srli	a0,a0,0x8
    7d9a:	b468                	sb	a0,15(s0)
    7d9c:	2448                	lbu	a0,12(s0)
    7d9e:	07a2                	slli	a5,a5,0x8
    7da0:	00040923          	sb	zero,18(s0)
    7da4:	8d5d                	or	a0,a0,a5
    7da6:	000409a3          	sb	zero,19(s0)
    7daa:	e8bfb0ef          	jal	ra,3c34 <ntohs>
    7dae:	6795                	lui	a5,0x5
    7db0:	03f57513          	andi	a0,a0,63
    7db4:	8d5d                	or	a0,a0,a5
    7db6:	e71fb0ef          	jal	ra,3c26 <htons>
    7dba:	00895703          	lhu	a4,8(s2)
    7dbe:	a448                	sb	a0,12(s0)
    7dc0:	8121                	srli	a0,a0,0x8
    7dc2:	b448                	sb	a0,13(s0)
    7dc4:	4699                	li	a3,6
    7dc6:	8652                	mv	a2,s4
    7dc8:	85ce                	mv	a1,s3
    7dca:	00040823          	sb	zero,16(s0)
    7dce:	000408a3          	sb	zero,17(s0)
    7dd2:	854a                	mv	a0,s2
    7dd4:	297000ef          	jal	ra,886a <inet_chksum_pseudo>
    7dd8:	a808                	sb	a0,16(s0)
    7dda:	8121                	srli	a0,a0,0x8
    7ddc:	b808                	sb	a0,17(s0)
    7dde:	4799                	li	a5,6
    7de0:	4701                	li	a4,0
    7de2:	08000693          	li	a3,128
    7de6:	8652                	mv	a2,s4
    7de8:	85ce                	mv	a1,s3
    7dea:	854a                	mv	a0,s2
    7dec:	ac6fc0ef          	jal	ra,40b2 <ip_output>
    7df0:	854a                	mv	a0,s2
    7df2:	a10fd0ef          	jal	ra,5002 <pbuf_free>
    7df6:	0141                	addi	sp,sp,16
    7df8:	b92f806f          	j	18a <__riscv_restore_4>

00007dfc <tcp_rexmit_rto>:
    7dfc:	08052783          	lw	a5,128(a0)
    7e00:	cb85                	beqz	a5,7e30 <tcp_rexmit_rto+0x34>
    7e02:	b6ef82ef          	jal	t0,170 <__riscv_save_0>
    7e06:	873e                	mv	a4,a5
    7e08:	4314                	lw	a3,0(a4)
    7e0a:	e28d                	bnez	a3,7e2c <tcp_rexmit_rto+0x30>
    7e0c:	5d74                	lw	a3,124(a0)
    7e0e:	c314                	sw	a3,0(a4)
    7e10:	dd7c                	sw	a5,124(a0)
    7e12:	05254783          	lbu	a5,82(a0)
    7e16:	08052023          	sw	zero,128(a0)
    7e1a:	04052223          	sw	zero,68(a0)
    7e1e:	0785                	addi	a5,a5,1
    7e20:	04f50923          	sb	a5,82(a0)
    7e24:	b69ff0ef          	jal	ra,798c <tcp_output>
    7e28:	b6cf806f          	j	194 <__riscv_restore_0>
    7e2c:	8736                	mv	a4,a3
    7e2e:	bfe9                	j	7e08 <tcp_rexmit_rto+0xc>
    7e30:	8082                	ret

00007e32 <tcp_rexmit>:
    7e32:	b24f82ef          	jal	t0,156 <__riscv_save_4>
    7e36:	08052483          	lw	s1,128(a0)
    7e3a:	c495                	beqz	s1,7e66 <tcp_rexmit+0x34>
    7e3c:	409c                	lw	a5,0(s1)
    7e3e:	842a                	mv	s0,a0
    7e40:	07c50913          	addi	s2,a0,124
    7e44:	08f52023          	sw	a5,128(a0)
    7e48:	00092783          	lw	a5,0(s2)
    7e4c:	ef99                	bnez	a5,7e6a <tcp_rexmit+0x38>
    7e4e:	00092783          	lw	a5,0(s2)
    7e52:	c09c                	sw	a5,0(s1)
    7e54:	00992023          	sw	s1,0(s2)
    7e58:	05244783          	lbu	a5,82(s0)
    7e5c:	04042223          	sw	zero,68(s0)
    7e60:	0785                	addi	a5,a5,1
    7e62:	04f40923          	sb	a5,82(s0)
    7e66:	b24f806f          	j	18a <__riscv_restore_4>
    7e6a:	4b98                	lw	a4,16(a5)
    7e6c:	3348                	lbu	a0,5(a4)
    7e6e:	235c                	lbu	a5,4(a4)
    7e70:	0522                	slli	a0,a0,0x8
    7e72:	8d5d                	or	a0,a0,a5
    7e74:	237c                	lbu	a5,6(a4)
    7e76:	07c2                	slli	a5,a5,0x10
    7e78:	8fc9                	or	a5,a5,a0
    7e7a:	3368                	lbu	a0,7(a4)
    7e7c:	0562                	slli	a0,a0,0x18
    7e7e:	8d5d                	or	a0,a0,a5
    7e80:	de7fb0ef          	jal	ra,3c66 <ntohl>
    7e84:	4898                	lw	a4,16(s1)
    7e86:	89aa                	mv	s3,a0
    7e88:	3348                	lbu	a0,5(a4)
    7e8a:	235c                	lbu	a5,4(a4)
    7e8c:	0522                	slli	a0,a0,0x8
    7e8e:	8d5d                	or	a0,a0,a5
    7e90:	237c                	lbu	a5,6(a4)
    7e92:	07c2                	slli	a5,a5,0x10
    7e94:	8fc9                	or	a5,a5,a0
    7e96:	3368                	lbu	a0,7(a4)
    7e98:	0562                	slli	a0,a0,0x18
    7e9a:	8d5d                	or	a0,a0,a5
    7e9c:	dcbfb0ef          	jal	ra,3c66 <ntohl>
    7ea0:	40a98533          	sub	a0,s3,a0
    7ea4:	fa0555e3          	bgez	a0,7e4e <tcp_rexmit+0x1c>
    7ea8:	00092903          	lw	s2,0(s2)
    7eac:	bf71                	j	7e48 <tcp_rexmit+0x16>

00007eae <tcp_rexmit_fast>:
    7eae:	08052783          	lw	a5,128(a0)
    7eb2:	cfb1                	beqz	a5,7f0e <tcp_rexmit_fast+0x60>
    7eb4:	abcf82ef          	jal	t0,170 <__riscv_save_0>
    7eb8:	02654783          	lbu	a5,38(a0)
    7ebc:	842a                	mv	s0,a0
    7ebe:	8b91                	andi	a5,a5,4
    7ec0:	e7a9                	bnez	a5,7f0a <tcp_rexmit_fast+0x5c>
    7ec2:	f71ff0ef          	jal	ra,7e32 <tcp_rexmit>
    7ec6:	05a45683          	lhu	a3,90(s0)
    7eca:	06445783          	lhu	a5,100(s0)
    7ece:	0016d713          	srli	a4,a3,0x1
    7ed2:	00d7f463          	bgeu	a5,a3,7eda <tcp_rexmit_fast+0x2c>
    7ed6:	0017d713          	srli	a4,a5,0x1
    7eda:	04045783          	lhu	a5,64(s0)
    7ede:	04e41e23          	sh	a4,92(s0)
    7ee2:	00179693          	slli	a3,a5,0x1
    7ee6:	00d75463          	bge	a4,a3,7eee <tcp_rexmit_fast+0x40>
    7eea:	04d41e23          	sh	a3,92(s0)
    7eee:	470d                	li	a4,3
    7ef0:	02e787b3          	mul	a5,a5,a4
    7ef4:	05c45703          	lhu	a4,92(s0)
    7ef8:	97ba                	add	a5,a5,a4
    7efa:	04f41d23          	sh	a5,90(s0)
    7efe:	02644783          	lbu	a5,38(s0)
    7f02:	0047e793          	ori	a5,a5,4
    7f06:	02f40323          	sb	a5,38(s0)
    7f0a:	a8af806f          	j	194 <__riscv_restore_0>
    7f0e:	8082                	ret

00007f10 <tcp_keepalive>:
    7f10:	a46f82ef          	jal	t0,156 <__riscv_save_4>
    7f14:	84aa                	mv	s1,a0
    7f16:	4601                	li	a2,0
    7f18:	45d1                	li	a1,20
    7f1a:	4505                	li	a0,1
    7f1c:	934fd0ef          	jal	ra,5050 <pbuf_alloc>
    7f20:	c529                	beqz	a0,7f6a <tcp_keepalive+0x5a>
    7f22:	842a                	mv	s0,a0
    7f24:	50a8                	lw	a0,96(s1)
    7f26:	00448913          	addi	s2,s1,4
    7f2a:	157d                	addi	a0,a0,-1
    7f2c:	d17fb0ef          	jal	ra,3c42 <htonl>
    7f30:	404c                	lw	a1,4(s0)
    7f32:	862a                	mv	a2,a0
    7f34:	8526                	mv	a0,s1
    7f36:	c84ff0ef          	jal	ra,73ba <tcp_output_set_header.isra.0.constprop.1>
    7f3a:	241a                	lhu	a4,8(s0)
    7f3c:	89aa                	mv	s3,a0
    7f3e:	4699                	li	a3,6
    7f40:	864a                	mv	a2,s2
    7f42:	85a6                	mv	a1,s1
    7f44:	8522                	mv	a0,s0
    7f46:	125000ef          	jal	ra,886a <inet_chksum_pseudo>
    7f4a:	00a98823          	sb	a0,16(s3)
    7f4e:	8121                	srli	a0,a0,0x8
    7f50:	00a988a3          	sb	a0,17(s3)
    7f54:	34b4                	lbu	a3,11(s1)
    7f56:	4799                	li	a5,6
    7f58:	4701                	li	a4,0
    7f5a:	864a                	mv	a2,s2
    7f5c:	85a6                	mv	a1,s1
    7f5e:	8522                	mv	a0,s0
    7f60:	952fc0ef          	jal	ra,40b2 <ip_output>
    7f64:	8522                	mv	a0,s0
    7f66:	89cfd0ef          	jal	ra,5002 <pbuf_free>
    7f6a:	a20f806f          	j	18a <__riscv_restore_4>

00007f6e <tcp_zero_window_probe>:
    7f6e:	9e8f82ef          	jal	t0,156 <__riscv_save_4>
    7f72:	08052403          	lw	s0,128(a0)
    7f76:	e019                	bnez	s0,7f7c <tcp_zero_window_probe+0xe>
    7f78:	5d60                	lw	s0,124(a0)
    7f7a:	c45d                	beqz	s0,8028 <tcp_zero_window_probe+0xba>
    7f7c:	481c                	lw	a5,16(s0)
    7f7e:	84aa                	mv	s1,a0
    7f80:	27c8                	lbu	a0,12(a5)
    7f82:	37dc                	lbu	a5,13(a5)
    7f84:	07a2                	slli	a5,a5,0x8
    7f86:	8d5d                	or	a0,a0,a5
    7f88:	cadfb0ef          	jal	ra,3c34 <ntohs>
    7f8c:	8905                	andi	a0,a0,1
    7f8e:	cd59                	beqz	a0,802c <tcp_zero_window_probe+0xbe>
    7f90:	245e                	lhu	a5,12(s0)
    7f92:	efc9                	bnez	a5,802c <tcp_zero_window_probe+0xbe>
    7f94:	4a05                	li	s4,1
    7f96:	45d1                	li	a1,20
    7f98:	4601                	li	a2,0
    7f9a:	4505                	li	a0,1
    7f9c:	8b4fd0ef          	jal	ra,5050 <pbuf_alloc>
    7fa0:	892a                	mv	s2,a0
    7fa2:	c159                	beqz	a0,8028 <tcp_zero_window_probe+0xba>
    7fa4:	4818                	lw	a4,16(s0)
    7fa6:	414c                	lw	a1,4(a0)
    7fa8:	8526                	mv	a0,s1
    7faa:	3350                	lbu	a2,5(a4)
    7fac:	235c                	lbu	a5,4(a4)
    7fae:	0622                	slli	a2,a2,0x8
    7fb0:	8e5d                	or	a2,a2,a5
    7fb2:	237c                	lbu	a5,6(a4)
    7fb4:	07c2                	slli	a5,a5,0x10
    7fb6:	8fd1                	or	a5,a5,a2
    7fb8:	3370                	lbu	a2,7(a4)
    7fba:	0662                	slli	a2,a2,0x18
    7fbc:	8e5d                	or	a2,a2,a5
    7fbe:	bfcff0ef          	jal	ra,73ba <tcp_output_set_header.isra.0.constprop.1>
    7fc2:	89aa                	mv	s3,a0
    7fc4:	060a0763          	beqz	s4,8032 <tcp_zero_window_probe+0xc4>
    7fc8:	3540                	lbu	s0,13(a0)
    7fca:	255c                	lbu	a5,12(a0)
    7fcc:	6541                	lui	a0,0x10
    7fce:	0422                	slli	s0,s0,0x8
    7fd0:	fc050513          	addi	a0,a0,-64 # ffc0 <_data_lma+0x5770>
    7fd4:	8c5d                	or	s0,s0,a5
    7fd6:	c51fb0ef          	jal	ra,3c26 <htons>
    7fda:	8c69                	and	s0,s0,a0
    7fdc:	4545                	li	a0,17
    7fde:	c49fb0ef          	jal	ra,3c26 <htons>
    7fe2:	8c49                	or	s0,s0,a0
    7fe4:	01041793          	slli	a5,s0,0x10
    7fe8:	83c1                	srli	a5,a5,0x10
    7fea:	00f98623          	sb	a5,12(s3)
    7fee:	83a1                	srli	a5,a5,0x8
    7ff0:	00f986a3          	sb	a5,13(s3)
    7ff4:	00895703          	lhu	a4,8(s2)
    7ff8:	00448413          	addi	s0,s1,4
    7ffc:	4699                	li	a3,6
    7ffe:	8622                	mv	a2,s0
    8000:	85a6                	mv	a1,s1
    8002:	854a                	mv	a0,s2
    8004:	067000ef          	jal	ra,886a <inet_chksum_pseudo>
    8008:	00a98823          	sb	a0,16(s3)
    800c:	8121                	srli	a0,a0,0x8
    800e:	00a988a3          	sb	a0,17(s3)
    8012:	34b4                	lbu	a3,11(s1)
    8014:	4799                	li	a5,6
    8016:	4701                	li	a4,0
    8018:	8622                	mv	a2,s0
    801a:	85a6                	mv	a1,s1
    801c:	854a                	mv	a0,s2
    801e:	894fc0ef          	jal	ra,40b2 <ip_output>
    8022:	854a                	mv	a0,s2
    8024:	fdffc0ef          	jal	ra,5002 <pbuf_free>
    8028:	962f806f          	j	18a <__riscv_restore_4>
    802c:	4a01                	li	s4,0
    802e:	45d5                	li	a1,21
    8030:	b7a5                	j	7f98 <tcp_zero_window_probe+0x2a>
    8032:	4418                	lw	a4,8(s0)
    8034:	00492783          	lw	a5,4(s2)
    8038:	00070703          	lb	a4,0(a4)
    803c:	abd8                	sb	a4,20(a5)
    803e:	bf5d                	j	7ff4 <tcp_zero_window_probe+0x86>

00008040 <udp_input>:
    8040:	900f82ef          	jal	t0,140 <__riscv_save_12>
    8044:	4140                	lw	s0,4(a0)
    8046:	2506                	lhu	s1,8(a0)
    8048:	892a                	mv	s2,a0
    804a:	301c                	lbu	a5,1(s0)
    804c:	2008                	lbu	a0,0(s0)
    804e:	1141                	addi	sp,sp,-16
    8050:	07a2                	slli	a5,a5,0x8
    8052:	8d5d                	or	a0,a0,a5
    8054:	8a2e                	mv	s4,a1
    8056:	bdffb0ef          	jal	ra,3c34 <ntohs>
    805a:	8121                	srli	a0,a0,0x8
    805c:	893d                	andi	a0,a0,15
    805e:	0509                	addi	a0,a0,2
    8060:	050a                	slli	a0,a0,0x2
    8062:	02a4c263          	blt	s1,a0,8086 <udp_input+0x46>
    8066:	301c                	lbu	a5,1(s0)
    8068:	2008                	lbu	a0,0(s0)
    806a:	07a2                	slli	a5,a5,0x8
    806c:	8d5d                	or	a0,a0,a5
    806e:	bc7fb0ef          	jal	ra,3c34 <ntohs>
    8072:	00655593          	srli	a1,a0,0x6
    8076:	03c5f593          	andi	a1,a1,60
    807a:	40b005b3          	neg	a1,a1
    807e:	854a                	mv	a0,s2
    8080:	f15fc0ef          	jal	ra,4f94 <pbuf_header>
    8084:	c519                	beqz	a0,8092 <udp_input+0x52>
    8086:	854a                	mv	a0,s2
    8088:	f7bfc0ef          	jal	ra,5002 <pbuf_free>
    808c:	0141                	addi	sp,sp,16
    808e:	8eef806f          	j	17c <__riscv_restore_12>
    8092:	00492a83          	lw	s5,4(s2)
    8096:	01040c13          	addi	s8,s0,16
    809a:	85d2                	mv	a1,s4
    809c:	8562                	mv	a0,s8
    809e:	84afc0ef          	jal	ra,40e8 <ip_addr_isbroadcast>
    80a2:	001ac783          	lbu	a5,1(s5)
    80a6:	8b2a                	mv	s6,a0
    80a8:	000ac503          	lbu	a0,0(s5)
    80ac:	07a2                	slli	a5,a5,0x8
    80ae:	8d5d                	or	a0,a0,a5
    80b0:	b85fb0ef          	jal	ra,3c34 <ntohs>
    80b4:	003ac783          	lbu	a5,3(s5)
    80b8:	8baa                	mv	s7,a0
    80ba:	002ac503          	lbu	a0,2(s5)
    80be:	07a2                	slli	a5,a5,0x8
    80c0:	8d5d                	or	a0,a0,a5
    80c2:	b73fb0ef          	jal	ra,3c34 <ntohs>
    80c6:	04400793          	li	a5,68
    80ca:	86aa                	mv	a3,a0
    80cc:	06f51d63          	bne	a0,a5,8146 <udp_input+0x106>
    80d0:	04300793          	li	a5,67
    80d4:	12fb9963          	bne	s7,a5,8206 <udp_input+0x1c6>
    80d8:	020a2783          	lw	a5,32(s4)
    80dc:	12078563          	beqz	a5,8206 <udp_input+0x1c6>
    80e0:	43c4                	lw	s1,4(a5)
    80e2:	12048263          	beqz	s1,8206 <udp_input+0x1c6>
    80e6:	40d4                	lw	a3,4(s1)
    80e8:	ce89                	beqz	a3,8102 <udp_input+0xc2>
    80ea:	3458                	lbu	a4,13(s0)
    80ec:	245c                	lbu	a5,12(s0)
    80ee:	0722                	slli	a4,a4,0x8
    80f0:	8f5d                	or	a4,a4,a5
    80f2:	247c                	lbu	a5,14(s0)
    80f4:	07c2                	slli	a5,a5,0x10
    80f6:	8f5d                	or	a4,a4,a5
    80f8:	347c                	lbu	a5,15(s0)
    80fa:	07e2                	slli	a5,a5,0x18
    80fc:	8fd9                	or	a5,a5,a4
    80fe:	10f69463          	bne	a3,a5,8206 <udp_input+0x1c6>
    8102:	007ac783          	lbu	a5,7(s5)
    8106:	006ac703          	lbu	a4,6(s5)
    810a:	07a2                	slli	a5,a5,0x8
    810c:	8fd9                	or	a5,a5,a4
    810e:	cb99                	beqz	a5,8124 <udp_input+0xe4>
    8110:	00895703          	lhu	a4,8(s2)
    8114:	46c5                	li	a3,17
    8116:	8662                	mv	a2,s8
    8118:	00c40593          	addi	a1,s0,12
    811c:	854a                	mv	a0,s2
    811e:	74c000ef          	jal	ra,886a <inet_chksum_pseudo>
    8122:	f135                	bnez	a0,8086 <udp_input+0x46>
    8124:	55e1                	li	a1,-8
    8126:	854a                	mv	a0,s2
    8128:	e6dfc0ef          	jal	ra,4f94 <pbuf_header>
    812c:	fd29                	bnez	a0,8086 <udp_input+0x46>
    812e:	0e048c63          	beqz	s1,8226 <udp_input+0x1e6>
    8132:	4c9c                	lw	a5,24(s1)
    8134:	dba9                	beqz	a5,8086 <udp_input+0x46>
    8136:	4cc8                	lw	a0,28(s1)
    8138:	875e                	mv	a4,s7
    813a:	00c40693          	addi	a3,s0,12
    813e:	864a                	mv	a2,s2
    8140:	85a6                	mv	a1,s1
    8142:	9782                	jalr	a5
    8144:	b7a1                	j	808c <udp_input+0x4c>
    8146:	9441a483          	lw	s1,-1724(gp) # 20000324 <udp_pcbs>
    814a:	4d01                	li	s10,0
    814c:	4d81                	li	s11,0
    814e:	94418c93          	addi	s9,gp,-1724 # 20000324 <udp_pcbs>
    8152:	76c00613          	li	a2,1900
    8156:	e489                	bnez	s1,8160 <udp_input+0x120>
    8158:	0a0d0763          	beqz	s10,8206 <udp_input+0x1c6>
    815c:	84ea                	mv	s1,s10
    815e:	b755                	j	8102 <udp_input+0xc2>
    8160:	28be                	lhu	a5,18(s1)
    8162:	08d79c63          	bne	a5,a3,81fa <udp_input+0x1ba>
    8166:	4098                	lw	a4,0(s1)
    8168:	040b1563          	bnez	s6,81b2 <udp_input+0x172>
    816c:	e339                	bnez	a4,81b2 <udp_input+0x172>
    816e:	000d1663          	bnez	s10,817a <udp_input+0x13a>
    8172:	289c                	lbu	a5,16(s1)
    8174:	8b91                	andi	a5,a5,4
    8176:	e391                	bnez	a5,817a <udp_input+0x13a>
    8178:	8d26                	mv	s10,s1
    817a:	28de                	lhu	a5,20(s1)
    817c:	09779263          	bne	a5,s7,8200 <udp_input+0x1c0>
    8180:	40cc                	lw	a1,4(s1)
    8182:	cd89                	beqz	a1,819c <udp_input+0x15c>
    8184:	3458                	lbu	a4,13(s0)
    8186:	245c                	lbu	a5,12(s0)
    8188:	0722                	slli	a4,a4,0x8
    818a:	8f5d                	or	a4,a4,a5
    818c:	247c                	lbu	a5,14(s0)
    818e:	07c2                	slli	a5,a5,0x10
    8190:	8f5d                	or	a4,a4,a5
    8192:	347c                	lbu	a5,15(s0)
    8194:	07e2                	slli	a5,a5,0x18
    8196:	8fd9                	or	a5,a5,a4
    8198:	06f59463          	bne	a1,a5,8200 <udp_input+0x1c0>
    819c:	f60d83e3          	beqz	s11,8102 <udp_input+0xc2>
    81a0:	44dc                	lw	a5,12(s1)
    81a2:	00fda623          	sw	a5,12(s11)
    81a6:	000ca783          	lw	a5,0(s9)
    81aa:	009ca023          	sw	s1,0(s9)
    81ae:	c4dc                	sw	a5,12(s1)
    81b0:	bf89                	j	8102 <udp_input+0xc2>
    81b2:	381c                	lbu	a5,17(s0)
    81b4:	01044983          	lbu	s3,16(s0)
    81b8:	07a2                	slli	a5,a5,0x8
    81ba:	0137e7b3          	or	a5,a5,s3
    81be:	01244983          	lbu	s3,18(s0)
    81c2:	09c2                	slli	s3,s3,0x10
    81c4:	00f9e7b3          	or	a5,s3,a5
    81c8:	01344983          	lbu	s3,19(s0)
    81cc:	09e2                	slli	s3,s3,0x18
    81ce:	00f9e9b3          	or	s3,s3,a5
    81d2:	f8e98ee3          	beq	s3,a4,816e <udp_input+0x12e>
    81d6:	f0000537          	lui	a0,0xf0000
    81da:	c636                	sw	a3,12(sp)
    81dc:	a8bfb0ef          	jal	ra,3c66 <ntohl>
    81e0:	00a9f9b3          	and	s3,s3,a0
    81e4:	e0000537          	lui	a0,0xe0000
    81e8:	a7ffb0ef          	jal	ra,3c66 <ntohl>
    81ec:	46b2                	lw	a3,12(sp)
    81ee:	76c00613          	li	a2,1900
    81f2:	f6a98ee3          	beq	s3,a0,816e <udp_input+0x12e>
    81f6:	f60b1ce3          	bnez	s6,816e <udp_input+0x12e>
    81fa:	8da6                	mv	s11,s1
    81fc:	44c4                	lw	s1,12(s1)
    81fe:	bfa1                	j	8156 <udp_input+0x116>
    8200:	fec69de3          	bne	a3,a2,81fa <udp_input+0x1ba>
    8204:	bdfd                	j	8102 <udp_input+0xc2>
    8206:	3818                	lbu	a4,17(s0)
    8208:	281c                	lbu	a5,16(s0)
    820a:	0722                	slli	a4,a4,0x8
    820c:	8f5d                	or	a4,a4,a5
    820e:	283c                	lbu	a5,18(s0)
    8210:	07c2                	slli	a5,a5,0x10
    8212:	8f5d                	or	a4,a4,a5
    8214:	383c                	lbu	a5,19(s0)
    8216:	07e2                	slli	a5,a5,0x18
    8218:	8fd9                	or	a5,a5,a4
    821a:	004a2703          	lw	a4,4(s4)
    821e:	e6f714e3          	bne	a4,a5,8086 <udp_input+0x46>
    8222:	4481                	li	s1,0
    8224:	bdf9                	j	8102 <udp_input+0xc2>
    8226:	e60b10e3          	bnez	s6,8086 <udp_input+0x46>
    822a:	381c                	lbu	a5,17(s0)
    822c:	2804                	lbu	s1,16(s0)
    822e:	f0000537          	lui	a0,0xf0000
    8232:	07a2                	slli	a5,a5,0x8
    8234:	8fc5                	or	a5,a5,s1
    8236:	2824                	lbu	s1,18(s0)
    8238:	04c2                	slli	s1,s1,0x10
    823a:	8fc5                	or	a5,a5,s1
    823c:	3824                	lbu	s1,19(s0)
    823e:	04e2                	slli	s1,s1,0x18
    8240:	8cdd                	or	s1,s1,a5
    8242:	a25fb0ef          	jal	ra,3c66 <ntohl>
    8246:	8ce9                	and	s1,s1,a0
    8248:	e0000537          	lui	a0,0xe0000
    824c:	a1bfb0ef          	jal	ra,3c66 <ntohl>
    8250:	e2a48be3          	beq	s1,a0,8086 <udp_input+0x46>
    8254:	301c                	lbu	a5,1(s0)
    8256:	2008                	lbu	a0,0(s0)
    8258:	07a2                	slli	a5,a5,0x8
    825a:	8d5d                	or	a0,a0,a5
    825c:	9d9fb0ef          	jal	ra,3c34 <ntohs>
    8260:	00855593          	srli	a1,a0,0x8
    8264:	89bd                	andi	a1,a1,15
    8266:	0589                	addi	a1,a1,2
    8268:	058a                	slli	a1,a1,0x2
    826a:	854a                	mv	a0,s2
    826c:	d29fc0ef          	jal	ra,4f94 <pbuf_header>
    8270:	458d                	li	a1,3
    8272:	854a                	mv	a0,s2
    8274:	2b81                	jal	87c4 <icmp_dest_unreach>
    8276:	bd01                	j	8086 <udp_input+0x46>

00008278 <udp_bind>:
    8278:	9441a883          	lw	a7,-1724(gp) # 20000324 <udp_pcbs>
    827c:	86aa                	mv	a3,a0
    827e:	4301                	li	t1,0
    8280:	87c6                	mv	a5,a7
    8282:	94418813          	addi	a6,gp,-1724 # 20000324 <udp_pcbs>
    8286:	e79d                	bnez	a5,82b4 <udp_bind+0x3c>
    8288:	c999                	beqz	a1,829e <udp_bind+0x26>
    828a:	3198                	lbu	a4,1(a1)
    828c:	219c                	lbu	a5,0(a1)
    828e:	0722                	slli	a4,a4,0x8
    8290:	8f5d                	or	a4,a4,a5
    8292:	21bc                	lbu	a5,2(a1)
    8294:	07c2                	slli	a5,a5,0x10
    8296:	8f5d                	or	a4,a4,a5
    8298:	31bc                	lbu	a5,3(a1)
    829a:	07e2                	slli	a5,a5,0x18
    829c:	8fd9                	or	a5,a5,a4
    829e:	c29c                	sw	a5,0(a3)
    82a0:	c625                	beqz	a2,8308 <udp_bind+0x90>
    82a2:	aab2                	sh	a2,18(a3)
    82a4:	4501                	li	a0,0
    82a6:	00031663          	bnez	t1,82b2 <udp_bind+0x3a>
    82aa:	0116a623          	sw	a7,12(a3)
    82ae:	00d82023          	sw	a3,0(a6)
    82b2:	8082                	ret
    82b4:	02d78b63          	beq	a5,a3,82ea <udp_bind+0x72>
    82b8:	2bba                	lhu	a4,18(a5)
    82ba:	02c71663          	bne	a4,a2,82e6 <udp_bind+0x6e>
    82be:	0007ae03          	lw	t3,0(a5) # 5000 <pbuf_header+0x6c>
    82c2:	000e1463          	bnez	t3,82ca <udp_bind+0x52>
    82c6:	5555                	li	a0,-11
    82c8:	8082                	ret
    82ca:	ddf5                	beqz	a1,82c6 <udp_bind+0x4e>
    82cc:	3188                	lbu	a0,1(a1)
    82ce:	2198                	lbu	a4,0(a1)
    82d0:	0522                	slli	a0,a0,0x8
    82d2:	8d59                	or	a0,a0,a4
    82d4:	21b8                	lbu	a4,2(a1)
    82d6:	0742                	slli	a4,a4,0x10
    82d8:	8d59                	or	a0,a0,a4
    82da:	31b8                	lbu	a4,3(a1)
    82dc:	0762                	slli	a4,a4,0x18
    82de:	8f49                	or	a4,a4,a0
    82e0:	d37d                	beqz	a4,82c6 <udp_bind+0x4e>
    82e2:	feee02e3          	beq	t3,a4,82c6 <udp_bind+0x4e>
    82e6:	47dc                	lw	a5,12(a5)
    82e8:	bf79                	j	8286 <udp_bind+0xe>
    82ea:	4305                	li	t1,1
    82ec:	bfed                	j	82e6 <udp_bind+0x6e>
    82ee:	2bae                	lhu	a1,18(a5)
    82f0:	00c59a63          	bne	a1,a2,8304 <udp_bind+0x8c>
    82f4:	0605                	addi	a2,a2,1
    82f6:	0642                	slli	a2,a2,0x10
    82f8:	8241                	srli	a2,a2,0x10
    82fa:	87c6                	mv	a5,a7
    82fc:	d3dd                	beqz	a5,82a2 <udp_bind+0x2a>
    82fe:	fee618e3          	bne	a2,a4,82ee <udp_bind+0x76>
    8302:	b7d1                	j	82c6 <udp_bind+0x4e>
    8304:	47dc                	lw	a5,12(a5)
    8306:	bfdd                	j	82fc <udp_bind+0x84>
    8308:	6721                	lui	a4,0x8
    830a:	87c6                	mv	a5,a7
    830c:	6605                	lui	a2,0x1
    830e:	177d                	addi	a4,a4,-1
    8310:	b7f5                	j	82fc <udp_bind+0x84>

00008312 <udp_sendto_if>:
    8312:	e45f72ef          	jal	t0,156 <__riscv_save_4>
    8316:	293e                	lhu	a5,18(a0)
    8318:	892a                	mv	s2,a0
    831a:	89ae                	mv	s3,a1
    831c:	8ab2                	mv	s5,a2
    831e:	8b36                	mv	s6,a3
    8320:	8a3a                	mv	s4,a4
    8322:	c7ad                	beqz	a5,838c <udp_sendto_if+0x7a>
    8324:	45a1                	li	a1,8
    8326:	854e                	mv	a0,s3
    8328:	c6dfc0ef          	jal	ra,4f94 <pbuf_header>
    832c:	84ce                	mv	s1,s3
    832e:	cd01                	beqz	a0,8346 <udp_sendto_if+0x34>
    8330:	4601                	li	a2,0
    8332:	45a1                	li	a1,8
    8334:	4505                	li	a0,1
    8336:	d1bfc0ef          	jal	ra,5050 <pbuf_alloc>
    833a:	84aa                	mv	s1,a0
    833c:	547d                	li	s0,-1
    833e:	cd29                	beqz	a0,8398 <udp_sendto_if+0x86>
    8340:	85ce                	mv	a1,s3
    8342:	edffc0ef          	jal	ra,5220 <pbuf_chain>
    8346:	01295503          	lhu	a0,18(s2)
    834a:	40c0                	lw	s0,4(s1)
    834c:	8dbfb0ef          	jal	ra,3c26 <htons>
    8350:	a008                	sb	a0,0(s0)
    8352:	8121                	srli	a0,a0,0x8
    8354:	b008                	sb	a0,1(s0)
    8356:	855a                	mv	a0,s6
    8358:	8cffb0ef          	jal	ra,3c26 <htons>
    835c:	00092783          	lw	a5,0(s2)
    8360:	a028                	sb	a0,2(s0)
    8362:	8121                	srli	a0,a0,0x8
    8364:	b028                	sb	a0,3(s0)
    8366:	00040323          	sb	zero,6(s0)
    836a:	000403a3          	sb	zero,7(s0)
    836e:	004a0b13          	addi	s6,s4,4
    8372:	c795                	beqz	a5,839e <udp_sendto_if+0x8c>
    8374:	004a2703          	lw	a4,4(s4)
    8378:	8b4a                	mv	s6,s2
    837a:	02e78263          	beq	a5,a4,839e <udp_sendto_if+0x8c>
    837e:	545d                	li	s0,-9
    8380:	01348c63          	beq	s1,s3,8398 <udp_sendto_if+0x86>
    8384:	8526                	mv	a0,s1
    8386:	c7dfc0ef          	jal	ra,5002 <pbuf_free>
    838a:	a039                	j	8398 <udp_sendto_if+0x86>
    838c:	4601                	li	a2,0
    838e:	85aa                	mv	a1,a0
    8390:	ee9ff0ef          	jal	ra,8278 <udp_bind>
    8394:	842a                	mv	s0,a0
    8396:	d559                	beqz	a0,8324 <udp_sendto_if+0x12>
    8398:	8522                	mv	a0,s0
    839a:	df1f706f          	j	18a <__riscv_restore_4>
    839e:	248a                	lhu	a0,8(s1)
    83a0:	887fb0ef          	jal	ra,3c26 <htons>
    83a4:	a048                	sb	a0,4(s0)
    83a6:	8121                	srli	a0,a0,0x8
    83a8:	b048                	sb	a0,5(s0)
    83aa:	01094783          	lbu	a5,16(s2)
    83ae:	8b85                	andi	a5,a5,1
    83b0:	eb99                	bnez	a5,83c6 <udp_sendto_if+0xb4>
    83b2:	249a                	lhu	a4,8(s1)
    83b4:	46c5                	li	a3,17
    83b6:	8656                	mv	a2,s5
    83b8:	85da                	mv	a1,s6
    83ba:	8526                	mv	a0,s1
    83bc:	217d                	jal	886a <inet_chksum_pseudo>
    83be:	c10d                	beqz	a0,83e0 <udp_sendto_if+0xce>
    83c0:	a068                	sb	a0,6(s0)
    83c2:	8121                	srli	a0,a0,0x8
    83c4:	b068                	sb	a0,7(s0)
    83c6:	00a94703          	lbu	a4,10(s2)
    83ca:	00b94683          	lbu	a3,11(s2)
    83ce:	8852                	mv	a6,s4
    83d0:	47c5                	li	a5,17
    83d2:	8656                	mv	a2,s5
    83d4:	85da                	mv	a1,s6
    83d6:	8526                	mv	a0,s1
    83d8:	b81fb0ef          	jal	ra,3f58 <ip_output_if>
    83dc:	842a                	mv	s0,a0
    83de:	b74d                	j	8380 <udp_sendto_if+0x6e>
    83e0:	57fd                	li	a5,-1
    83e2:	a07c                	sb	a5,6(s0)
    83e4:	b07c                	sb	a5,7(s0)
    83e6:	b7c5                	j	83c6 <udp_sendto_if+0xb4>

000083e8 <udp_sendto>:
    83e8:	d89f72ef          	jal	t0,170 <__riscv_save_0>
    83ec:	1141                	addi	sp,sp,-16
    83ee:	842a                	mv	s0,a0
    83f0:	8532                	mv	a0,a2
    83f2:	c62e                	sw	a1,12(sp)
    83f4:	c436                	sw	a3,8(sp)
    83f6:	c232                	sw	a2,4(sp)
    83f8:	87bfb0ef          	jal	ra,3c72 <ip_route>
    83fc:	c919                	beqz	a0,8412 <udp_sendto+0x2a>
    83fe:	46a2                	lw	a3,8(sp)
    8400:	4612                	lw	a2,4(sp)
    8402:	45b2                	lw	a1,12(sp)
    8404:	872a                	mv	a4,a0
    8406:	8522                	mv	a0,s0
    8408:	f0bff0ef          	jal	ra,8312 <udp_sendto_if>
    840c:	0141                	addi	sp,sp,16
    840e:	d87f706f          	j	194 <__riscv_restore_0>
    8412:	5571                	li	a0,-4
    8414:	bfe5                	j	840c <udp_sendto+0x24>

00008416 <udp_send>:
    8416:	d5bf72ef          	jal	t0,170 <__riscv_save_0>
    841a:	2956                	lhu	a3,20(a0)
    841c:	00450613          	addi	a2,a0,4 # e0000004 <_eusrstack+0xbfff0004>
    8420:	fc9ff0ef          	jal	ra,83e8 <udp_sendto>
    8424:	d71f706f          	j	194 <__riscv_restore_0>

00008428 <udp_connect>:
    8428:	d49f72ef          	jal	t0,170 <__riscv_save_0>
    842c:	293e                	lhu	a5,18(a0)
    842e:	842a                	mv	s0,a0
    8430:	84ae                	mv	s1,a1
    8432:	8932                	mv	s2,a2
    8434:	cbb1                	beqz	a5,8488 <udp_connect+0x60>
    8436:	4781                	li	a5,0
    8438:	c899                	beqz	s1,844e <udp_connect+0x26>
    843a:	3098                	lbu	a4,1(s1)
    843c:	209c                	lbu	a5,0(s1)
    843e:	0722                	slli	a4,a4,0x8
    8440:	8f5d                	or	a4,a4,a5
    8442:	20bc                	lbu	a5,2(s1)
    8444:	07c2                	slli	a5,a5,0x10
    8446:	8f5d                	or	a4,a4,a5
    8448:	30bc                	lbu	a5,3(s1)
    844a:	07e2                	slli	a5,a5,0x18
    844c:	8fd9                	or	a5,a5,a4
    844e:	2818                	lbu	a4,16(s0)
    8450:	c05c                	sw	a5,4(s0)
    8452:	01241a23          	sh	s2,20(s0)
    8456:	00476713          	ori	a4,a4,4
    845a:	a818                	sb	a4,16(s0)
    845c:	4018                	lw	a4,0(s0)
    845e:	ef05                	bnez	a4,8496 <udp_connect+0x6e>
    8460:	cf85                	beqz	a5,8498 <udp_connect+0x70>
    8462:	00440513          	addi	a0,s0,4
    8466:	80dfb0ef          	jal	ra,3c72 <ip_route>
    846a:	87aa                	mv	a5,a0
    846c:	5571                	li	a0,-4
    846e:	c395                	beqz	a5,8492 <udp_connect+0x6a>
    8470:	43dc                	lw	a5,4(a5)
    8472:	c01c                	sw	a5,0(s0)
    8474:	9441a683          	lw	a3,-1724(gp) # 20000324 <udp_pcbs>
    8478:	94418793          	addi	a5,gp,-1724 # 20000324 <udp_pcbs>
    847c:	8736                	mv	a4,a3
    847e:	e305                	bnez	a4,849e <udp_connect+0x76>
    8480:	c454                	sw	a3,12(s0)
    8482:	c380                	sw	s0,0(a5)
    8484:	4501                	li	a0,0
    8486:	a031                	j	8492 <udp_connect+0x6a>
    8488:	4601                	li	a2,0
    848a:	85aa                	mv	a1,a0
    848c:	dedff0ef          	jal	ra,8278 <udp_bind>
    8490:	d15d                	beqz	a0,8436 <udp_connect+0xe>
    8492:	d03f706f          	j	194 <__riscv_restore_0>
    8496:	fff9                	bnez	a5,8474 <udp_connect+0x4c>
    8498:	00042023          	sw	zero,0(s0)
    849c:	bfe1                	j	8474 <udp_connect+0x4c>
    849e:	fe8703e3          	beq	a4,s0,8484 <udp_connect+0x5c>
    84a2:	4758                	lw	a4,12(a4)
    84a4:	bfe9                	j	847e <udp_connect+0x56>

000084a6 <udp_recv>:
    84a6:	cd0c                	sw	a1,24(a0)
    84a8:	cd50                	sw	a2,28(a0)
    84aa:	8082                	ret

000084ac <udp_remove>:
    84ac:	cc5f72ef          	jal	t0,170 <__riscv_save_0>
    84b0:	94418713          	addi	a4,gp,-1724 # 20000324 <udp_pcbs>
    84b4:	431c                	lw	a5,0(a4)
    84b6:	85aa                	mv	a1,a0
    84b8:	02a79063          	bne	a5,a0,84d8 <udp_remove+0x2c>
    84bc:	455c                	lw	a5,12(a0)
    84be:	c31c                	sw	a5,0(a4)
    84c0:	4505                	li	a0,1
    84c2:	96ffc0ef          	jal	ra,4e30 <memp_free>
    84c6:	ccff706f          	j	194 <__riscv_restore_0>
    84ca:	47d8                	lw	a4,12(a5)
    84cc:	c709                	beqz	a4,84d6 <udp_remove+0x2a>
    84ce:	00b71463          	bne	a4,a1,84d6 <udp_remove+0x2a>
    84d2:	45d8                	lw	a4,12(a1)
    84d4:	c7d8                	sw	a4,12(a5)
    84d6:	47dc                	lw	a5,12(a5)
    84d8:	fbed                	bnez	a5,84ca <udp_remove+0x1e>
    84da:	b7dd                	j	84c0 <udp_remove+0x14>

000084dc <udp_new>:
    84dc:	c95f72ef          	jal	t0,170 <__riscv_save_0>
    84e0:	4505                	li	a0,1
    84e2:	92ffc0ef          	jal	ra,4e10 <memp_malloc>
    84e6:	842a                	mv	s0,a0
    84e8:	c909                	beqz	a0,84fa <udp_new+0x1e>
    84ea:	02000613          	li	a2,32
    84ee:	4581                	li	a1,0
    84f0:	cb1f70ef          	jal	ra,1a0 <memset>
    84f4:	f8000793          	li	a5,-128
    84f8:	b43c                	sb	a5,11(s0)
    84fa:	8522                	mv	a0,s0
    84fc:	c99f706f          	j	194 <__riscv_restore_0>

00008500 <icmp_send_response.isra.0>:
    8500:	c57f72ef          	jal	t0,156 <__riscv_save_4>
    8504:	842a                	mv	s0,a0
    8506:	8a2e                	mv	s4,a1
    8508:	89b2                	mv	s3,a2
    850a:	02400593          	li	a1,36
    850e:	4601                	li	a2,0
    8510:	4505                	li	a0,1
    8512:	b3ffc0ef          	jal	ra,5050 <pbuf_alloc>
    8516:	cd29                	beqz	a0,8570 <icmp_send_response.isra.0+0x70>
    8518:	00042903          	lw	s2,0(s0)
    851c:	4140                	lw	s0,4(a0)
    851e:	84aa                	mv	s1,a0
    8520:	4671                	li	a2,28
    8522:	85ca                	mv	a1,s2
    8524:	01440023          	sb	s4,0(s0)
    8528:	013400a3          	sb	s3,1(s0)
    852c:	00040223          	sb	zero,4(s0)
    8530:	000402a3          	sb	zero,5(s0)
    8534:	00040323          	sb	zero,6(s0)
    8538:	000403a3          	sb	zero,7(s0)
    853c:	00840513          	addi	a0,s0,8
    8540:	2965                	jal	89f8 <memcpy>
    8542:	24ae                	lhu	a1,10(s1)
    8544:	00040123          	sb	zero,2(s0)
    8548:	000401a3          	sb	zero,3(s0)
    854c:	8522                	mv	a0,s0
    854e:	211d                	jal	8974 <inet_chksum>
    8550:	a028                	sb	a0,2(s0)
    8552:	8121                	srli	a0,a0,0x8
    8554:	b028                	sb	a0,3(s0)
    8556:	4785                	li	a5,1
    8558:	4701                	li	a4,0
    855a:	08000693          	li	a3,128
    855e:	00c90613          	addi	a2,s2,12
    8562:	4581                	li	a1,0
    8564:	8526                	mv	a0,s1
    8566:	b4dfb0ef          	jal	ra,40b2 <ip_output>
    856a:	8526                	mv	a0,s1
    856c:	a97fc0ef          	jal	ra,5002 <pbuf_free>
    8570:	c1bf706f          	j	18a <__riscv_restore_4>

00008574 <icmp_input>:
    8574:	bd5f72ef          	jal	t0,148 <__riscv_save_10>
    8578:	4140                	lw	s0,4(a0)
    857a:	84aa                	mv	s1,a0
    857c:	1141                	addi	sp,sp,-16
    857e:	301c                	lbu	a5,1(s0)
    8580:	2008                	lbu	a0,0(s0)
    8582:	89ae                	mv	s3,a1
    8584:	07a2                	slli	a5,a5,0x8
    8586:	8d5d                	or	a0,a0,a5
    8588:	eacfb0ef          	jal	ra,3c34 <ntohs>
    858c:	00655913          	srli	s2,a0,0x6
    8590:	03c97913          	andi	s2,s2,60
    8594:	41200ab3          	neg	s5,s2
    8598:	0ac2                	slli	s5,s5,0x10
    859a:	410ada93          	srai	s5,s5,0x10
    859e:	85d6                	mv	a1,s5
    85a0:	8526                	mv	a0,s1
    85a2:	9f3fc0ef          	jal	ra,4f94 <pbuf_header>
    85a6:	e139                	bnez	a0,85ec <icmp_input+0x78>
    85a8:	249e                	lhu	a5,8(s1)
    85aa:	468d                	li	a3,3
    85ac:	04f6f063          	bgeu	a3,a5,85ec <icmp_input+0x78>
    85b0:	40dc                	lw	a5,4(s1)
    85b2:	2398                	lbu	a4,0(a5)
    85b4:	04d71263          	bne	a4,a3,85f8 <icmp_input+0x84>
    85b8:	2798                	lbu	a4,8(a5)
    85ba:	00878693          	addi	a3,a5,8
    85be:	3f88                	lbu	a0,25(a5)
    85c0:	8b3d                	andi	a4,a4,15
    85c2:	070a                	slli	a4,a4,0x2
    85c4:	9736                	add	a4,a4,a3
    85c6:	232c                	lbu	a1,2(a4)
    85c8:	00374803          	lbu	a6,3(a4) # 8003 <tcp_zero_window_probe+0x95>
    85cc:	2f98                	lbu	a4,24(a5)
    85ce:	0522                	slli	a0,a0,0x8
    85d0:	3394                	lbu	a3,1(a5)
    85d2:	8d59                	or	a0,a0,a4
    85d4:	2fb8                	lbu	a4,26(a5)
    85d6:	3b90                	lbu	a2,17(a5)
    85d8:	05a2                	slli	a1,a1,0x8
    85da:	0742                	slli	a4,a4,0x10
    85dc:	8f49                	or	a4,a4,a0
    85de:	3fa8                	lbu	a0,27(a5)
    85e0:	0105e5b3          	or	a1,a1,a6
    85e4:	0562                	slli	a0,a0,0x18
    85e6:	8d59                	or	a0,a0,a4
    85e8:	cd3fa0ef          	jal	ra,32ba <LwipUnreachPort>
    85ec:	8526                	mv	a0,s1
    85ee:	a15fc0ef          	jal	ra,5002 <pbuf_free>
    85f2:	0141                	addi	sp,sp,16
    85f4:	b8df706f          	j	180 <__riscv_restore_10>
    85f8:	47a1                	li	a5,8
    85fa:	fef719e3          	bne	a4,a5,85ec <icmp_input+0x78>
    85fe:	381c                	lbu	a5,17(s0)
    8600:	01044a03          	lbu	s4,16(s0)
    8604:	f0000537          	lui	a0,0xf0000
    8608:	07a2                	slli	a5,a5,0x8
    860a:	0147e7b3          	or	a5,a5,s4
    860e:	01244a03          	lbu	s4,18(s0)
    8612:	4b01                	li	s6,0
    8614:	0a42                	slli	s4,s4,0x10
    8616:	00fa67b3          	or	a5,s4,a5
    861a:	01344a03          	lbu	s4,19(s0)
    861e:	0a62                	slli	s4,s4,0x18
    8620:	00fa6a33          	or	s4,s4,a5
    8624:	e42fb0ef          	jal	ra,3c66 <ntohl>
    8628:	8c2a                	mv	s8,a0
    862a:	e0000537          	lui	a0,0xe0000
    862e:	e38fb0ef          	jal	ra,3c66 <ntohl>
    8632:	8baa                	mv	s7,a0
    8634:	85ce                	mv	a1,s3
    8636:	01040513          	addi	a0,s0,16
    863a:	aaffb0ef          	jal	ra,40e8 <ip_addr_isbroadcast>
    863e:	e519                	bnez	a0,864c <icmp_input+0xd8>
    8640:	018a7533          	and	a0,s4,s8
    8644:	41750533          	sub	a0,a0,s7
    8648:	00a03b33          	snez	s6,a0
    864c:	c61fa0ef          	jal	ra,32ac <QueryPingEnable>
    8650:	dd51                	beqz	a0,85ec <icmp_input+0x78>
    8652:	f80b0de3          	beqz	s6,85ec <icmp_input+0x78>
    8656:	249a                	lhu	a4,8(s1)
    8658:	479d                	li	a5,7
    865a:	f8e7f9e3          	bgeu	a5,a4,85ec <icmp_input+0x78>
    865e:	8526                	mv	a0,s1
    8660:	2625                	jal	8988 <inet_chksum_pbuf>
    8662:	f549                	bnez	a0,85ec <icmp_input+0x78>
    8664:	0942                	slli	s2,s2,0x10
    8666:	02200593          	li	a1,34
    866a:	8526                	mv	a0,s1
    866c:	41095913          	srai	s2,s2,0x10
    8670:	925fc0ef          	jal	ra,4f94 <pbuf_header>
    8674:	12050463          	beqz	a0,879c <icmp_input+0x228>
    8678:	85ca                	mv	a1,s2
    867a:	8526                	mv	a0,s1
    867c:	919fc0ef          	jal	ra,4f94 <pbuf_header>
    8680:	f535                	bnez	a0,85ec <icmp_input+0x78>
    8682:	248e                	lhu	a1,8(s1)
    8684:	4601                	li	a2,0
    8686:	4509                	li	a0,2
    8688:	9c9fc0ef          	jal	ra,5050 <pbuf_alloc>
    868c:	8a2a                	mv	s4,a0
    868e:	dd39                	beqz	a0,85ec <icmp_input+0x78>
    8690:	85a6                	mv	a1,s1
    8692:	ba3fc0ef          	jal	ra,5234 <pbuf_copy>
    8696:	f939                	bnez	a0,85ec <icmp_input+0x78>
    8698:	85d6                	mv	a1,s5
    869a:	8552                	mv	a0,s4
    869c:	004a2403          	lw	s0,4(s4)
    86a0:	8f5fc0ef          	jal	ra,4f94 <pbuf_header>
    86a4:	f521                	bnez	a0,85ec <icmp_input+0x78>
    86a6:	8526                	mv	a0,s1
    86a8:	95bfc0ef          	jal	ra,5002 <pbuf_free>
    86ac:	84d2                	mv	s1,s4
    86ae:	3458                	lbu	a4,13(s0)
    86b0:	245c                	lbu	a5,12(s0)
    86b2:	3814                	lbu	a3,17(s0)
    86b4:	0722                	slli	a4,a4,0x8
    86b6:	8f5d                	or	a4,a4,a5
    86b8:	247c                	lbu	a5,14(s0)
    86ba:	06a2                	slli	a3,a3,0x8
    86bc:	0044aa03          	lw	s4,4(s1)
    86c0:	07c2                	slli	a5,a5,0x10
    86c2:	8f5d                	or	a4,a4,a5
    86c4:	347c                	lbu	a5,15(s0)
    86c6:	653d                	lui	a0,0xf
    86c8:	7ff50513          	addi	a0,a0,2047 # f7ff <_data_lma+0x4faf>
    86cc:	07e2                	slli	a5,a5,0x18
    86ce:	8fd9                	or	a5,a5,a4
    86d0:	2818                	lbu	a4,16(s0)
    86d2:	a81c                	sb	a5,16(s0)
    86d4:	8ed9                	or	a3,a3,a4
    86d6:	2838                	lbu	a4,18(s0)
    86d8:	0742                	slli	a4,a4,0x10
    86da:	8ed9                	or	a3,a3,a4
    86dc:	3838                	lbu	a4,19(s0)
    86de:	0762                	slli	a4,a4,0x18
    86e0:	8f55                	or	a4,a4,a3
    86e2:	00875693          	srli	a3,a4,0x8
    86e6:	a458                	sb	a4,12(s0)
    86e8:	b454                	sb	a3,13(s0)
    86ea:	01075693          	srli	a3,a4,0x10
    86ee:	8361                	srli	a4,a4,0x18
    86f0:	b478                	sb	a4,15(s0)
    86f2:	0087d713          	srli	a4,a5,0x8
    86f6:	b818                	sb	a4,17(s0)
    86f8:	0107d713          	srli	a4,a5,0x10
    86fc:	83e1                	srli	a5,a5,0x18
    86fe:	a474                	sb	a3,14(s0)
    8700:	a838                	sb	a4,18(s0)
    8702:	b83c                	sb	a5,19(s0)
    8704:	003a4a83          	lbu	s5,3(s4)
    8708:	002a4783          	lbu	a5,2(s4)
    870c:	000a0023          	sb	zero,0(s4)
    8710:	0aa2                	slli	s5,s5,0x8
    8712:	00faeab3          	or	s5,s5,a5
    8716:	d10fb0ef          	jal	ra,3c26 <htons>
    871a:	08aae963          	bltu	s5,a0,87ac <icmp_input+0x238>
    871e:	6505                	lui	a0,0x1
    8720:	80050513          	addi	a0,a0,-2048 # 800 <__stack_size>
    8724:	d02fb0ef          	jal	ra,3c26 <htons>
    8728:	003a4783          	lbu	a5,3(s4)
    872c:	002a4703          	lbu	a4,2(s4)
    8730:	07a2                	slli	a5,a5,0x8
    8732:	8fd9                	or	a5,a5,a4
    8734:	0785                	addi	a5,a5,1
    8736:	953e                	add	a0,a0,a5
    8738:	0542                	slli	a0,a0,0x10
    873a:	8141                	srli	a0,a0,0x10
    873c:	00aa0123          	sb	a0,2(s4)
    8740:	8121                	srli	a0,a0,0x8
    8742:	00aa01a3          	sb	a0,3(s4)
    8746:	341c                	lbu	a5,9(s0)
    8748:	2408                	lbu	a0,8(s0)
    874a:	07a2                	slli	a5,a5,0x8
    874c:	8d5d                	or	a0,a0,a5
    874e:	ce6fb0ef          	jal	ra,3c34 <ntohs>
    8752:	67a1                	lui	a5,0x8
    8754:	0ff57513          	andi	a0,a0,255
    8758:	8d5d                	or	a0,a0,a5
    875a:	cccfb0ef          	jal	ra,3c26 <htons>
    875e:	a408                	sb	a0,8(s0)
    8760:	8121                	srli	a0,a0,0x8
    8762:	b408                	sb	a0,9(s0)
    8764:	45d1                	li	a1,20
    8766:	00040523          	sb	zero,10(s0)
    876a:	000405a3          	sb	zero,11(s0)
    876e:	8522                	mv	a0,s0
    8770:	2411                	jal	8974 <inet_chksum>
    8772:	a428                	sb	a0,10(s0)
    8774:	8121                	srli	a0,a0,0x8
    8776:	b428                	sb	a0,11(s0)
    8778:	85ca                	mv	a1,s2
    877a:	8526                	mv	a0,s1
    877c:	819fc0ef          	jal	ra,4f94 <pbuf_header>
    8780:	e60516e3          	bnez	a0,85ec <icmp_input+0x78>
    8784:	884e                	mv	a6,s3
    8786:	4785                	li	a5,1
    8788:	4701                	li	a4,0
    878a:	08000693          	li	a3,128
    878e:	4601                	li	a2,0
    8790:	00c40593          	addi	a1,s0,12
    8794:	8526                	mv	a0,s1
    8796:	fc2fb0ef          	jal	ra,3f58 <ip_output_if>
    879a:	bd89                	j	85ec <icmp_input+0x78>
    879c:	fde00593          	li	a1,-34
    87a0:	8526                	mv	a0,s1
    87a2:	ff2fc0ef          	jal	ra,4f94 <pbuf_header>
    87a6:	f00504e3          	beqz	a0,86ae <icmp_input+0x13a>
    87aa:	b589                	j	85ec <icmp_input+0x78>
    87ac:	6505                	lui	a0,0x1
    87ae:	80050513          	addi	a0,a0,-2048 # 800 <__stack_size>
    87b2:	c74fb0ef          	jal	ra,3c26 <htons>
    87b6:	003a4783          	lbu	a5,3(s4)
    87ba:	002a4703          	lbu	a4,2(s4)
    87be:	07a2                	slli	a5,a5,0x8
    87c0:	8fd9                	or	a5,a5,a4
    87c2:	bf95                	j	8736 <icmp_input+0x1c2>

000087c4 <icmp_dest_unreach>:
    87c4:	9adf72ef          	jal	t0,170 <__riscv_save_0>
    87c8:	0ff5f613          	andi	a2,a1,255
    87cc:	0511                	addi	a0,a0,4
    87ce:	458d                	li	a1,3
    87d0:	d31ff0ef          	jal	ra,8500 <icmp_send_response.isra.0>
    87d4:	9c1f706f          	j	194 <__riscv_restore_0>

000087d8 <icmp_time_exceeded>:
    87d8:	999f72ef          	jal	t0,170 <__riscv_save_0>
    87dc:	0ff5f613          	andi	a2,a1,255
    87e0:	0511                	addi	a0,a0,4
    87e2:	45ad                	li	a1,11
    87e4:	d1dff0ef          	jal	ra,8500 <icmp_send_response.isra.0>
    87e8:	9adf706f          	j	194 <__riscv_restore_0>

000087ec <lwip_standard_chksum>:
    87ec:	985f72ef          	jal	t0,170 <__riscv_save_0>
    87f0:	00b50833          	add	a6,a0,a1
    87f4:	0842                	slli	a6,a6,0x10
    87f6:	86aa                	mv	a3,a0
    87f8:	4701                	li	a4,0
    87fa:	01085813          	srli	a6,a6,0x10
    87fe:	4885                	li	a7,1
    8800:	40d807b3          	sub	a5,a6,a3
    8804:	07c2                	slli	a5,a5,0x10
    8806:	83c1                	srli	a5,a5,0x10
    8808:	04f8e463          	bltu	a7,a5,8850 <lwip_standard_chksum+0x64>
    880c:	0015d793          	srli	a5,a1,0x1
    8810:	00179693          	slli	a3,a5,0x1
    8814:	9536                	add	a0,a0,a3
    8816:	56f9                	li	a3,-2
    8818:	02d787b3          	mul	a5,a5,a3
    881c:	95be                	add	a1,a1,a5
    881e:	05c2                	slli	a1,a1,0x10
    8820:	81c1                	srli	a1,a1,0x10
    8822:	c581                	beqz	a1,882a <lwip_standard_chksum+0x3e>
    8824:	211c                	lbu	a5,0(a0)
    8826:	07a2                	slli	a5,a5,0x8
    8828:	973e                	add	a4,a4,a5
    882a:	6541                	lui	a0,0x10
    882c:	fff50693          	addi	a3,a0,-1 # ffff <_data_lma+0x57af>
    8830:	01075793          	srli	a5,a4,0x10
    8834:	8f75                	and	a4,a4,a3
    8836:	00e78533          	add	a0,a5,a4
    883a:	77c1                	lui	a5,0xffff0
    883c:	8fe9                	and	a5,a5,a0
    883e:	c399                	beqz	a5,8844 <lwip_standard_chksum+0x58>
    8840:	8d75                	and	a0,a0,a3
    8842:	0505                	addi	a0,a0,1
    8844:	0542                	slli	a0,a0,0x10
    8846:	8141                	srli	a0,a0,0x10
    8848:	bdefb0ef          	jal	ra,3c26 <htons>
    884c:	949f706f          	j	194 <__riscv_restore_0>
    8850:	329c                	lbu	a5,1(a3)
    8852:	2290                	lbu	a2,0(a3)
    8854:	0689                	addi	a3,a3,2
    8856:	07a2                	slli	a5,a5,0x8
    8858:	8fd1                	or	a5,a5,a2
    885a:	00879613          	slli	a2,a5,0x8
    885e:	83a1                	srli	a5,a5,0x8
    8860:	8fd1                	or	a5,a5,a2
    8862:	07c2                	slli	a5,a5,0x10
    8864:	83c1                	srli	a5,a5,0x10
    8866:	973e                	add	a4,a4,a5
    8868:	bf61                	j	8800 <lwip_standard_chksum+0x14>

0000886a <inet_chksum_pseudo>:
    886a:	8dff72ef          	jal	t0,148 <__riscv_save_10>
    886e:	200077b7          	lui	a5,0x20007
    8872:	a607a783          	lw	a5,-1440(a5) # 20006a60 <WCHCfg+0x14>
    8876:	84ba                	mv	s1,a4
    8878:	1141                	addi	sp,sp,-16
    887a:	00579713          	slli	a4,a5,0x5
    887e:	0e074963          	bltz	a4,8970 <inet_chksum_pseudo+0x106>
    8882:	6b41                	lui	s6,0x10
    8884:	892a                	mv	s2,a0
    8886:	8aae                	mv	s5,a1
    8888:	8a32                	mv	s4,a2
    888a:	4981                	li	s3,0
    888c:	4401                	li	s0,0
    888e:	1b7d                	addi	s6,s6,-1
    8890:	4b85                	li	s7,1
    8892:	08091e63          	bnez	s2,892e <inet_chksum_pseudo+0xc4>
    8896:	00098b63          	beqz	s3,88ac <inet_chksum_pseudo+0x42>
    889a:	6741                	lui	a4,0x10
    889c:	00841793          	slli	a5,s0,0x8
    88a0:	177d                	addi	a4,a4,-1
    88a2:	8021                	srli	s0,s0,0x8
    88a4:	8ff9                	and	a5,a5,a4
    88a6:	0ff47413          	andi	s0,s0,255
    88aa:	8c5d                	or	s0,s0,a5
    88ac:	001ac503          	lbu	a0,1(s5)
    88b0:	000ac783          	lbu	a5,0(s5)
    88b4:	000a4703          	lbu	a4,0(s4)
    88b8:	0522                	slli	a0,a0,0x8
    88ba:	8d5d                	or	a0,a0,a5
    88bc:	002ac783          	lbu	a5,2(s5)
    88c0:	003a4603          	lbu	a2,3(s4)
    88c4:	6941                	lui	s2,0x10
    88c6:	07c2                	slli	a5,a5,0x10
    88c8:	8d5d                	or	a0,a0,a5
    88ca:	003ac783          	lbu	a5,3(s5)
    88ce:	0662                	slli	a2,a2,0x18
    88d0:	197d                	addi	s2,s2,-1
    88d2:	07e2                	slli	a5,a5,0x18
    88d4:	8fc9                	or	a5,a5,a0
    88d6:	001a4503          	lbu	a0,1(s4)
    88da:	0522                	slli	a0,a0,0x8
    88dc:	8f49                	or	a4,a4,a0
    88de:	002a4503          	lbu	a0,2(s4)
    88e2:	0542                	slli	a0,a0,0x10
    88e4:	8d59                	or	a0,a0,a4
    88e6:	8e49                	or	a2,a2,a0
    88e8:	01267533          	and	a0,a2,s2
    88ec:	8241                	srli	a2,a2,0x10
    88ee:	0127f733          	and	a4,a5,s2
    88f2:	9532                	add	a0,a0,a2
    88f4:	953a                	add	a0,a0,a4
    88f6:	83c1                	srli	a5,a5,0x10
    88f8:	953e                	add	a0,a0,a5
    88fa:	942a                	add	s0,s0,a0
    88fc:	8536                	mv	a0,a3
    88fe:	b28fb0ef          	jal	ra,3c26 <htons>
    8902:	942a                	add	s0,s0,a0
    8904:	8526                	mv	a0,s1
    8906:	b20fb0ef          	jal	ra,3c26 <htons>
    890a:	9522                	add	a0,a0,s0
    890c:	01055413          	srli	s0,a0,0x10
    8910:	01257533          	and	a0,a0,s2
    8914:	942a                	add	s0,s0,a0
    8916:	01045513          	srli	a0,s0,0x10
    891a:	01247433          	and	s0,s0,s2
    891e:	9522                	add	a0,a0,s0
    8920:	fff54513          	not	a0,a0
    8924:	0542                	slli	a0,a0,0x10
    8926:	8141                	srli	a0,a0,0x10
    8928:	0141                	addi	sp,sp,16
    892a:	857f706f          	j	180 <__riscv_restore_10>
    892e:	00a95583          	lhu	a1,10(s2) # 1000a <_data_lma+0x57ba>
    8932:	00492503          	lw	a0,4(s2)
    8936:	c636                	sw	a3,12(sp)
    8938:	eb5ff0ef          	jal	ra,87ec <lwip_standard_chksum>
    893c:	942a                	add	s0,s0,a0
    893e:	01045793          	srli	a5,s0,0x10
    8942:	01647433          	and	s0,s0,s6
    8946:	943e                	add	s0,s0,a5
    8948:	00a95783          	lhu	a5,10(s2)
    894c:	46b2                	lw	a3,12(sp)
    894e:	8b85                	andi	a5,a5,1
    8950:	cf89                	beqz	a5,896a <inet_chksum_pseudo+0x100>
    8952:	00841793          	slli	a5,s0,0x8
    8956:	8021                	srli	s0,s0,0x8
    8958:	413b89b3          	sub	s3,s7,s3
    895c:	0167f7b3          	and	a5,a5,s6
    8960:	0ff47413          	andi	s0,s0,255
    8964:	0ff9f993          	andi	s3,s3,255
    8968:	8c5d                	or	s0,s0,a5
    896a:	00092903          	lw	s2,0(s2)
    896e:	b715                	j	8892 <inet_chksum_pseudo+0x28>
    8970:	4501                	li	a0,0
    8972:	bf5d                	j	8928 <inet_chksum_pseudo+0xbe>

00008974 <inet_chksum>:
    8974:	ffcf72ef          	jal	t0,170 <__riscv_save_0>
    8978:	e75ff0ef          	jal	ra,87ec <lwip_standard_chksum>
    897c:	fff54513          	not	a0,a0
    8980:	0542                	slli	a0,a0,0x10
    8982:	8141                	srli	a0,a0,0x10
    8984:	811f706f          	j	194 <__riscv_restore_0>

00008988 <inet_chksum_pbuf>:
    8988:	fcef72ef          	jal	t0,156 <__riscv_save_4>
    898c:	69c1                	lui	s3,0x10
    898e:	84aa                	mv	s1,a0
    8990:	4901                	li	s2,0
    8992:	4401                	li	s0,0
    8994:	19fd                	addi	s3,s3,-1
    8996:	4a05                	li	s4,1
    8998:	e095                	bnez	s1,89bc <inet_chksum_pbuf+0x34>
    899a:	00090b63          	beqz	s2,89b0 <inet_chksum_pbuf+0x28>
    899e:	6741                	lui	a4,0x10
    89a0:	00841793          	slli	a5,s0,0x8
    89a4:	177d                	addi	a4,a4,-1
    89a6:	8021                	srli	s0,s0,0x8
    89a8:	8ff9                	and	a5,a5,a4
    89aa:	0ff47413          	andi	s0,s0,255
    89ae:	8c5d                	or	s0,s0,a5
    89b0:	fff44513          	not	a0,s0
    89b4:	0542                	slli	a0,a0,0x10
    89b6:	8141                	srli	a0,a0,0x10
    89b8:	fd2f706f          	j	18a <__riscv_restore_4>
    89bc:	24ae                	lhu	a1,10(s1)
    89be:	40c8                	lw	a0,4(s1)
    89c0:	e2dff0ef          	jal	ra,87ec <lwip_standard_chksum>
    89c4:	942a                	add	s0,s0,a0
    89c6:	01045793          	srli	a5,s0,0x10
    89ca:	01347433          	and	s0,s0,s3
    89ce:	943e                	add	s0,s0,a5
    89d0:	24be                	lhu	a5,10(s1)
    89d2:	8b85                	andi	a5,a5,1
    89d4:	cf89                	beqz	a5,89ee <inet_chksum_pbuf+0x66>
    89d6:	00841793          	slli	a5,s0,0x8
    89da:	8021                	srli	s0,s0,0x8
    89dc:	412a0933          	sub	s2,s4,s2
    89e0:	0137f7b3          	and	a5,a5,s3
    89e4:	0ff47413          	andi	s0,s0,255
    89e8:	0ff97913          	andi	s2,s2,255
    89ec:	8c5d                	or	s0,s0,a5
    89ee:	4084                	lw	s1,0(s1)
    89f0:	b765                	j	8998 <inet_chksum_pbuf+0x10>

000089f2 <atoi>:
    89f2:	4629                	li	a2,10
    89f4:	4581                	li	a1,0
    89f6:	a939                	j	8e14 <strtol>

000089f8 <memcpy>:
    89f8:	00a5c7b3          	xor	a5,a1,a0
    89fc:	8b8d                	andi	a5,a5,3
    89fe:	00c50733          	add	a4,a0,a2
    8a02:	e781                	bnez	a5,8a0a <memcpy+0x12>
    8a04:	478d                	li	a5,3
    8a06:	00c7ed63          	bltu	a5,a2,8a20 <memcpy+0x28>
    8a0a:	87aa                	mv	a5,a0
    8a0c:	08e57e63          	bgeu	a0,a4,8aa8 <memcpy+0xb0>
    8a10:	2194                	lbu	a3,0(a1)
    8a12:	0785                	addi	a5,a5,1
    8a14:	0585                	addi	a1,a1,1
    8a16:	fed78fa3          	sb	a3,-1(a5)
    8a1a:	fee7ebe3          	bltu	a5,a4,8a10 <memcpy+0x18>
    8a1e:	8082                	ret
    8a20:	00357693          	andi	a3,a0,3
    8a24:	87aa                	mv	a5,a0
    8a26:	ca89                	beqz	a3,8a38 <memcpy+0x40>
    8a28:	2194                	lbu	a3,0(a1)
    8a2a:	0785                	addi	a5,a5,1
    8a2c:	0585                	addi	a1,a1,1
    8a2e:	fed78fa3          	sb	a3,-1(a5)
    8a32:	0037f693          	andi	a3,a5,3
    8a36:	bfc5                	j	8a26 <memcpy+0x2e>
    8a38:	ffc77693          	andi	a3,a4,-4
    8a3c:	fe068613          	addi	a2,a3,-32
    8a40:	06c7f063          	bgeu	a5,a2,8aa0 <memcpy+0xa8>
    8a44:	0005a383          	lw	t2,0(a1)
    8a48:	0045a283          	lw	t0,4(a1)
    8a4c:	0085af83          	lw	t6,8(a1)
    8a50:	00c5af03          	lw	t5,12(a1)
    8a54:	0105ae83          	lw	t4,16(a1)
    8a58:	0145ae03          	lw	t3,20(a1)
    8a5c:	0185a303          	lw	t1,24(a1)
    8a60:	01c5a883          	lw	a7,28(a1)
    8a64:	02458593          	addi	a1,a1,36
    8a68:	0077a023          	sw	t2,0(a5)
    8a6c:	ffc5a803          	lw	a6,-4(a1)
    8a70:	0057a223          	sw	t0,4(a5)
    8a74:	01f7a423          	sw	t6,8(a5)
    8a78:	01e7a623          	sw	t5,12(a5)
    8a7c:	01d7a823          	sw	t4,16(a5)
    8a80:	01c7aa23          	sw	t3,20(a5)
    8a84:	0067ac23          	sw	t1,24(a5)
    8a88:	0117ae23          	sw	a7,28(a5)
    8a8c:	02478793          	addi	a5,a5,36
    8a90:	ff07ae23          	sw	a6,-4(a5)
    8a94:	b775                	j	8a40 <memcpy+0x48>
    8a96:	4190                	lw	a2,0(a1)
    8a98:	0791                	addi	a5,a5,4
    8a9a:	0591                	addi	a1,a1,4
    8a9c:	fec7ae23          	sw	a2,-4(a5)
    8aa0:	fed7ebe3          	bltu	a5,a3,8a96 <memcpy+0x9e>
    8aa4:	f6e7e6e3          	bltu	a5,a4,8a10 <memcpy+0x18>
    8aa8:	8082                	ret

00008aaa <iprintf>:
    8aaa:	7139                	addi	sp,sp,-64
    8aac:	da3e                	sw	a5,52(sp)
    8aae:	d22e                	sw	a1,36(sp)
    8ab0:	d432                	sw	a2,40(sp)
    8ab2:	d636                	sw	a3,44(sp)
    8ab4:	d83a                	sw	a4,48(sp)
    8ab6:	dc42                	sw	a6,56(sp)
    8ab8:	de46                	sw	a7,60(sp)
    8aba:	84018793          	addi	a5,gp,-1984 # 20000220 <_impure_ptr>
    8abe:	cc22                	sw	s0,24(sp)
    8ac0:	4380                	lw	s0,0(a5)
    8ac2:	ca26                	sw	s1,20(sp)
    8ac4:	ce06                	sw	ra,28(sp)
    8ac6:	84aa                	mv	s1,a0
    8ac8:	c411                	beqz	s0,8ad4 <iprintf+0x2a>
    8aca:	4c1c                	lw	a5,24(s0)
    8acc:	e781                	bnez	a5,8ad4 <iprintf+0x2a>
    8ace:	8522                	mv	a0,s0
    8ad0:	766000ef          	jal	ra,9236 <__sinit>
    8ad4:	440c                	lw	a1,8(s0)
    8ad6:	1054                	addi	a3,sp,36
    8ad8:	8626                	mv	a2,s1
    8ada:	8522                	mv	a0,s0
    8adc:	c636                	sw	a3,12(sp)
    8ade:	72b000ef          	jal	ra,9a08 <_vfiprintf_r>
    8ae2:	40f2                	lw	ra,28(sp)
    8ae4:	4462                	lw	s0,24(sp)
    8ae6:	44d2                	lw	s1,20(sp)
    8ae8:	6121                	addi	sp,sp,64
    8aea:	8082                	ret

00008aec <_puts_r>:
    8aec:	1101                	addi	sp,sp,-32
    8aee:	ca26                	sw	s1,20(sp)
    8af0:	c84a                	sw	s2,16(sp)
    8af2:	ce06                	sw	ra,28(sp)
    8af4:	cc22                	sw	s0,24(sp)
    8af6:	c64e                	sw	s3,12(sp)
    8af8:	c452                	sw	s4,8(sp)
    8afa:	84aa                	mv	s1,a0
    8afc:	892e                	mv	s2,a1
    8afe:	c501                	beqz	a0,8b06 <_puts_r+0x1a>
    8b00:	4d1c                	lw	a5,24(a0)
    8b02:	e391                	bnez	a5,8b06 <_puts_r+0x1a>
    8b04:	2f0d                	jal	9236 <__sinit>
    8b06:	4c9c                	lw	a5,24(s1)
    8b08:	4480                	lw	s0,8(s1)
    8b0a:	e399                	bnez	a5,8b10 <_puts_r+0x24>
    8b0c:	8526                	mv	a0,s1
    8b0e:	2725                	jal	9236 <__sinit>
    8b10:	00002797          	auipc	a5,0x2
    8b14:	bb078793          	addi	a5,a5,-1104 # a6c0 <__sf_fake_stdin>
    8b18:	02f41b63          	bne	s0,a5,8b4e <_puts_r+0x62>
    8b1c:	40c0                	lw	s0,4(s1)
    8b1e:	245e                	lhu	a5,12(s0)
    8b20:	8ba1                	andi	a5,a5,8
    8b22:	c7b1                	beqz	a5,8b6e <_puts_r+0x82>
    8b24:	481c                	lw	a5,16(s0)
    8b26:	c7a1                	beqz	a5,8b6e <_puts_r+0x82>
    8b28:	59fd                	li	s3,-1
    8b2a:	4a29                	li	s4,10
    8b2c:	441c                	lw	a5,8(s0)
    8b2e:	00094583          	lbu	a1,0(s2)
    8b32:	17fd                	addi	a5,a5,-1
    8b34:	e9b1                	bnez	a1,8b88 <_puts_r+0x9c>
    8b36:	c41c                	sw	a5,8(s0)
    8b38:	0607dd63          	bgez	a5,8bb2 <_puts_r+0xc6>
    8b3c:	8622                	mv	a2,s0
    8b3e:	45a9                	li	a1,10
    8b40:	8526                	mv	a0,s1
    8b42:	2cc5                	jal	8e32 <__swbuf_r>
    8b44:	57fd                	li	a5,-1
    8b46:	02f50863          	beq	a0,a5,8b76 <_puts_r+0x8a>
    8b4a:	4529                	li	a0,10
    8b4c:	a035                	j	8b78 <_puts_r+0x8c>
    8b4e:	00002797          	auipc	a5,0x2
    8b52:	b9278793          	addi	a5,a5,-1134 # a6e0 <__sf_fake_stdout>
    8b56:	00f41463          	bne	s0,a5,8b5e <_puts_r+0x72>
    8b5a:	4480                	lw	s0,8(s1)
    8b5c:	b7c9                	j	8b1e <_puts_r+0x32>
    8b5e:	00002797          	auipc	a5,0x2
    8b62:	b4278793          	addi	a5,a5,-1214 # a6a0 <__sf_fake_stderr>
    8b66:	faf41ce3          	bne	s0,a5,8b1e <_puts_r+0x32>
    8b6a:	44c0                	lw	s0,12(s1)
    8b6c:	bf4d                	j	8b1e <_puts_r+0x32>
    8b6e:	85a2                	mv	a1,s0
    8b70:	8526                	mv	a0,s1
    8b72:	2eb5                	jal	8eee <__swsetup_r>
    8b74:	d955                	beqz	a0,8b28 <_puts_r+0x3c>
    8b76:	557d                	li	a0,-1
    8b78:	40f2                	lw	ra,28(sp)
    8b7a:	4462                	lw	s0,24(sp)
    8b7c:	44d2                	lw	s1,20(sp)
    8b7e:	4942                	lw	s2,16(sp)
    8b80:	49b2                	lw	s3,12(sp)
    8b82:	4a22                	lw	s4,8(sp)
    8b84:	6105                	addi	sp,sp,32
    8b86:	8082                	ret
    8b88:	c41c                	sw	a5,8(s0)
    8b8a:	0905                	addi	s2,s2,1
    8b8c:	0007d763          	bgez	a5,8b9a <_puts_r+0xae>
    8b90:	4c18                	lw	a4,24(s0)
    8b92:	00e7ca63          	blt	a5,a4,8ba6 <_puts_r+0xba>
    8b96:	01458863          	beq	a1,s4,8ba6 <_puts_r+0xba>
    8b9a:	401c                	lw	a5,0(s0)
    8b9c:	00178713          	addi	a4,a5,1
    8ba0:	c018                	sw	a4,0(s0)
    8ba2:	a38c                	sb	a1,0(a5)
    8ba4:	b761                	j	8b2c <_puts_r+0x40>
    8ba6:	8622                	mv	a2,s0
    8ba8:	8526                	mv	a0,s1
    8baa:	2461                	jal	8e32 <__swbuf_r>
    8bac:	f93510e3          	bne	a0,s3,8b2c <_puts_r+0x40>
    8bb0:	b7d9                	j	8b76 <_puts_r+0x8a>
    8bb2:	401c                	lw	a5,0(s0)
    8bb4:	00178713          	addi	a4,a5,1
    8bb8:	c018                	sw	a4,0(s0)
    8bba:	4729                	li	a4,10
    8bbc:	a398                	sb	a4,0(a5)
    8bbe:	b771                	j	8b4a <_puts_r+0x5e>

00008bc0 <puts>:
    8bc0:	84018793          	addi	a5,gp,-1984 # 20000220 <_impure_ptr>
    8bc4:	85aa                	mv	a1,a0
    8bc6:	4388                	lw	a0,0(a5)
    8bc8:	f25ff06f          	j	8aec <_puts_r>

00008bcc <sniprintf>:
    8bcc:	7135                	addi	sp,sp,-160
    8bce:	cb3e                	sw	a5,148(sp)
    8bd0:	daa6                	sw	s1,116(sp)
    8bd2:	c736                	sw	a3,140(sp)
    8bd4:	c93a                	sw	a4,144(sp)
    8bd6:	cd42                	sw	a6,152(sp)
    8bd8:	cf46                	sw	a7,156(sp)
    8bda:	84018793          	addi	a5,gp,-1984 # 20000220 <_impure_ptr>
    8bde:	de86                	sw	ra,124(sp)
    8be0:	dca2                	sw	s0,120(sp)
    8be2:	4384                	lw	s1,0(a5)
    8be4:	0005db63          	bgez	a1,8bfa <sniprintf+0x2e>
    8be8:	08b00793          	li	a5,139
    8bec:	c09c                	sw	a5,0(s1)
    8bee:	557d                	li	a0,-1
    8bf0:	50f6                	lw	ra,124(sp)
    8bf2:	5466                	lw	s0,120(sp)
    8bf4:	54d6                	lw	s1,116(sp)
    8bf6:	610d                	addi	sp,sp,160
    8bf8:	8082                	ret
    8bfa:	20800793          	li	a5,520
    8bfe:	82fc                	sh	a5,20(sp)
    8c00:	c42a                	sw	a0,8(sp)
    8c02:	cc2a                	sw	a0,24(sp)
    8c04:	4781                	li	a5,0
    8c06:	c199                	beqz	a1,8c0c <sniprintf+0x40>
    8c08:	fff58793          	addi	a5,a1,-1
    8c0c:	c83e                	sw	a5,16(sp)
    8c0e:	ce3e                	sw	a5,28(sp)
    8c10:	0174                	addi	a3,sp,140
    8c12:	57fd                	li	a5,-1
    8c14:	842e                	mv	s0,a1
    8c16:	8526                	mv	a0,s1
    8c18:	002c                	addi	a1,sp,8
    8c1a:	83fc                	sh	a5,22(sp)
    8c1c:	c236                	sw	a3,4(sp)
    8c1e:	317000ef          	jal	ra,9734 <_svfiprintf_r>
    8c22:	57fd                	li	a5,-1
    8c24:	00f55563          	bge	a0,a5,8c2e <sniprintf+0x62>
    8c28:	08b00793          	li	a5,139
    8c2c:	c09c                	sw	a5,0(s1)
    8c2e:	d069                	beqz	s0,8bf0 <sniprintf+0x24>
    8c30:	47a2                	lw	a5,8(sp)
    8c32:	00078023          	sb	zero,0(a5)
    8c36:	bf6d                	j	8bf0 <sniprintf+0x24>

00008c38 <siprintf>:
    8c38:	7135                	addi	sp,sp,-160
    8c3a:	cb3e                	sw	a5,148(sp)
    8c3c:	800007b7          	lui	a5,0x80000
    8c40:	fff7c793          	not	a5,a5
    8c44:	ce3e                	sw	a5,28(sp)
    8c46:	c83e                	sw	a5,16(sp)
    8c48:	77c1                	lui	a5,0xffff0
    8c4a:	20878793          	addi	a5,a5,520 # ffff0208 <_eusrstack+0xdffe0208>
    8c4e:	c532                	sw	a2,136(sp)
    8c50:	c736                	sw	a3,140(sp)
    8c52:	c93a                	sw	a4,144(sp)
    8c54:	cd42                	sw	a6,152(sp)
    8c56:	cf46                	sw	a7,156(sp)
    8c58:	ca3e                	sw	a5,20(sp)
    8c5a:	84018793          	addi	a5,gp,-1984 # 20000220 <_impure_ptr>
    8c5e:	c42a                	sw	a0,8(sp)
    8c60:	cc2a                	sw	a0,24(sp)
    8c62:	4388                	lw	a0,0(a5)
    8c64:	0134                	addi	a3,sp,136
    8c66:	862e                	mv	a2,a1
    8c68:	002c                	addi	a1,sp,8
    8c6a:	de86                	sw	ra,124(sp)
    8c6c:	c236                	sw	a3,4(sp)
    8c6e:	2c7000ef          	jal	ra,9734 <_svfiprintf_r>
    8c72:	47a2                	lw	a5,8(sp)
    8c74:	00078023          	sb	zero,0(a5)
    8c78:	50f6                	lw	ra,124(sp)
    8c7a:	610d                	addi	sp,sp,160
    8c7c:	8082                	ret

00008c7e <strchr>:
    8c7e:	0ff5f593          	andi	a1,a1,255
    8c82:	211c                	lbu	a5,0(a0)
    8c84:	c791                	beqz	a5,8c90 <strchr+0x12>
    8c86:	00b79363          	bne	a5,a1,8c8c <strchr+0xe>
    8c8a:	8082                	ret
    8c8c:	0505                	addi	a0,a0,1
    8c8e:	bfd5                	j	8c82 <strchr+0x4>
    8c90:	c191                	beqz	a1,8c94 <strchr+0x16>
    8c92:	4501                	li	a0,0
    8c94:	8082                	ret

00008c96 <strlen>:
    8c96:	87aa                	mv	a5,a0
    8c98:	0785                	addi	a5,a5,1
    8c9a:	fff7c703          	lbu	a4,-1(a5)
    8c9e:	ff6d                	bnez	a4,8c98 <strlen+0x2>
    8ca0:	40a78533          	sub	a0,a5,a0
    8ca4:	157d                	addi	a0,a0,-1
    8ca6:	8082                	ret

00008ca8 <strstr>:
    8ca8:	2118                	lbu	a4,0(a0)
    8caa:	219c                	lbu	a5,0(a1)
    8cac:	e701                	bnez	a4,8cb4 <strstr+0xc>
    8cae:	c391                	beqz	a5,8cb2 <strstr+0xa>
    8cb0:	4501                	li	a0,0
    8cb2:	8082                	ret
    8cb4:	4781                	li	a5,0
    8cb6:	a039                	j	8cc4 <strstr+0x1c>
    8cb8:	311c                	lbu	a5,1(a0)
    8cba:	00150713          	addi	a4,a0,1
    8cbe:	dbed                	beqz	a5,8cb0 <strstr+0x8>
    8cc0:	4781                	li	a5,0
    8cc2:	853a                	mv	a0,a4
    8cc4:	00f58733          	add	a4,a1,a5
    8cc8:	2318                	lbu	a4,0(a4)
    8cca:	d765                	beqz	a4,8cb2 <strstr+0xa>
    8ccc:	00f506b3          	add	a3,a0,a5
    8cd0:	2294                	lbu	a3,0(a3)
    8cd2:	fee693e3          	bne	a3,a4,8cb8 <strstr+0x10>
    8cd6:	0785                	addi	a5,a5,1
    8cd8:	872a                	mv	a4,a0
    8cda:	b7e5                	j	8cc2 <strstr+0x1a>

00008cdc <_strtol_l.isra.0>:
    8cdc:	7179                	addi	sp,sp,-48
    8cde:	d04a                	sw	s2,32(sp)
    8ce0:	ce4e                	sw	s3,28(sp)
    8ce2:	d606                	sw	ra,44(sp)
    8ce4:	d422                	sw	s0,40(sp)
    8ce6:	d226                	sw	s1,36(sp)
    8ce8:	89aa                	mv	s3,a0
    8cea:	892e                	mv	s2,a1
    8cec:	00190493          	addi	s1,s2,1
    8cf0:	fff4c403          	lbu	s0,-1(s1)
    8cf4:	853a                	mv	a0,a4
    8cf6:	c636                	sw	a3,12(sp)
    8cf8:	c432                	sw	a2,8(sp)
    8cfa:	c22e                	sw	a1,4(sp)
    8cfc:	c03a                	sw	a4,0(sp)
    8cfe:	257d                	jal	93ac <__locale_ctype_ptr_l>
    8d00:	9522                	add	a0,a0,s0
    8d02:	311c                	lbu	a5,1(a0)
    8d04:	4702                	lw	a4,0(sp)
    8d06:	4592                	lw	a1,4(sp)
    8d08:	8ba1                	andi	a5,a5,8
    8d0a:	4622                	lw	a2,8(sp)
    8d0c:	46b2                	lw	a3,12(sp)
    8d0e:	e3d1                	bnez	a5,8d92 <_strtol_l.isra.0+0xb6>
    8d10:	02d00793          	li	a5,45
    8d14:	08f41163          	bne	s0,a5,8d96 <_strtol_l.isra.0+0xba>
    8d18:	209c                	lbu	a5,0(s1)
    8d1a:	4305                	li	t1,1
    8d1c:	00290493          	addi	s1,s2,2
    8d20:	c6e5                	beqz	a3,8e08 <_strtol_l.isra.0+0x12c>
    8d22:	4741                	li	a4,16
    8d24:	02e69063          	bne	a3,a4,8d44 <_strtol_l.isra.0+0x68>
    8d28:	03000713          	li	a4,48
    8d2c:	00e79c63          	bne	a5,a4,8d44 <_strtol_l.isra.0+0x68>
    8d30:	209c                	lbu	a5,0(s1)
    8d32:	05800713          	li	a4,88
    8d36:	0df7f793          	andi	a5,a5,223
    8d3a:	0ce79263          	bne	a5,a4,8dfe <_strtol_l.isra.0+0x122>
    8d3e:	309c                	lbu	a5,1(s1)
    8d40:	46c1                	li	a3,16
    8d42:	0489                	addi	s1,s1,2
    8d44:	800008b7          	lui	a7,0x80000
    8d48:	00031463          	bnez	t1,8d50 <_strtol_l.isra.0+0x74>
    8d4c:	fff8c893          	not	a7,a7
    8d50:	02d8ff33          	remu	t5,a7,a3
    8d54:	4801                	li	a6,0
    8d56:	4501                	li	a0,0
    8d58:	4fa5                	li	t6,9
    8d5a:	4ee5                	li	t4,25
    8d5c:	52fd                	li	t0,-1
    8d5e:	02d8de33          	divu	t3,a7,a3
    8d62:	fd078713          	addi	a4,a5,-48
    8d66:	04efe363          	bltu	t6,a4,8dac <_strtol_l.isra.0+0xd0>
    8d6a:	87ba                	mv	a5,a4
    8d6c:	04d7de63          	bge	a5,a3,8dc8 <_strtol_l.isra.0+0xec>
    8d70:	00580d63          	beq	a6,t0,8d8a <_strtol_l.isra.0+0xae>
    8d74:	587d                	li	a6,-1
    8d76:	00ae6a63          	bltu	t3,a0,8d8a <_strtol_l.isra.0+0xae>
    8d7a:	00ae1463          	bne	t3,a0,8d82 <_strtol_l.isra.0+0xa6>
    8d7e:	00ff4663          	blt	t5,a5,8d8a <_strtol_l.isra.0+0xae>
    8d82:	4805                	li	a6,1
    8d84:	02a68533          	mul	a0,a3,a0
    8d88:	953e                	add	a0,a0,a5
    8d8a:	0485                	addi	s1,s1,1
    8d8c:	fff4c783          	lbu	a5,-1(s1)
    8d90:	bfc9                	j	8d62 <_strtol_l.isra.0+0x86>
    8d92:	8926                	mv	s2,s1
    8d94:	bfa1                	j	8cec <_strtol_l.isra.0+0x10>
    8d96:	02b00793          	li	a5,43
    8d9a:	00f40563          	beq	s0,a5,8da4 <_strtol_l.isra.0+0xc8>
    8d9e:	87a2                	mv	a5,s0
    8da0:	4301                	li	t1,0
    8da2:	bfbd                	j	8d20 <_strtol_l.isra.0+0x44>
    8da4:	209c                	lbu	a5,0(s1)
    8da6:	00290493          	addi	s1,s2,2
    8daa:	bfdd                	j	8da0 <_strtol_l.isra.0+0xc4>
    8dac:	fbf78713          	addi	a4,a5,-65
    8db0:	00eee563          	bltu	t4,a4,8dba <_strtol_l.isra.0+0xde>
    8db4:	fc978793          	addi	a5,a5,-55
    8db8:	bf55                	j	8d6c <_strtol_l.isra.0+0x90>
    8dba:	f9f78713          	addi	a4,a5,-97
    8dbe:	00eee563          	bltu	t4,a4,8dc8 <_strtol_l.isra.0+0xec>
    8dc2:	fa978793          	addi	a5,a5,-87
    8dc6:	b75d                	j	8d6c <_strtol_l.isra.0+0x90>
    8dc8:	57fd                	li	a5,-1
    8dca:	00f81f63          	bne	a6,a5,8de8 <_strtol_l.isra.0+0x10c>
    8dce:	02200793          	li	a5,34
    8dd2:	00f9a023          	sw	a5,0(s3) # 10000 <_data_lma+0x57b0>
    8dd6:	8546                	mv	a0,a7
    8dd8:	ee19                	bnez	a2,8df6 <_strtol_l.isra.0+0x11a>
    8dda:	50b2                	lw	ra,44(sp)
    8ddc:	5422                	lw	s0,40(sp)
    8dde:	5492                	lw	s1,36(sp)
    8de0:	5902                	lw	s2,32(sp)
    8de2:	49f2                	lw	s3,28(sp)
    8de4:	6145                	addi	sp,sp,48
    8de6:	8082                	ret
    8de8:	00030463          	beqz	t1,8df0 <_strtol_l.isra.0+0x114>
    8dec:	40a00533          	neg	a0,a0
    8df0:	d66d                	beqz	a2,8dda <_strtol_l.isra.0+0xfe>
    8df2:	00080463          	beqz	a6,8dfa <_strtol_l.isra.0+0x11e>
    8df6:	fff48593          	addi	a1,s1,-1
    8dfa:	c20c                	sw	a1,0(a2)
    8dfc:	bff9                	j	8dda <_strtol_l.isra.0+0xfe>
    8dfe:	03000793          	li	a5,48
    8e02:	f2a9                	bnez	a3,8d44 <_strtol_l.isra.0+0x68>
    8e04:	46a1                	li	a3,8
    8e06:	bf3d                	j	8d44 <_strtol_l.isra.0+0x68>
    8e08:	03000713          	li	a4,48
    8e0c:	f2e782e3          	beq	a5,a4,8d30 <_strtol_l.isra.0+0x54>
    8e10:	46a9                	li	a3,10
    8e12:	bf0d                	j	8d44 <_strtol_l.isra.0+0x68>

00008e14 <strtol>:
    8e14:	84018793          	addi	a5,gp,-1984 # 20000220 <_impure_ptr>
    8e18:	439c                	lw	a5,0(a5)
    8e1a:	86b2                	mv	a3,a2
    8e1c:	5398                	lw	a4,32(a5)
    8e1e:	e709                	bnez	a4,8e28 <strtol+0x14>
    8e20:	1fff7717          	auipc	a4,0x1fff7
    8e24:	25070713          	addi	a4,a4,592 # 20000070 <__global_locale>
    8e28:	862e                	mv	a2,a1
    8e2a:	85aa                	mv	a1,a0
    8e2c:	853e                	mv	a0,a5
    8e2e:	eafff06f          	j	8cdc <_strtol_l.isra.0>

00008e32 <__swbuf_r>:
    8e32:	1101                	addi	sp,sp,-32
    8e34:	cc22                	sw	s0,24(sp)
    8e36:	ca26                	sw	s1,20(sp)
    8e38:	c84a                	sw	s2,16(sp)
    8e3a:	ce06                	sw	ra,28(sp)
    8e3c:	c64e                	sw	s3,12(sp)
    8e3e:	84aa                	mv	s1,a0
    8e40:	892e                	mv	s2,a1
    8e42:	8432                	mv	s0,a2
    8e44:	c501                	beqz	a0,8e4c <__swbuf_r+0x1a>
    8e46:	4d1c                	lw	a5,24(a0)
    8e48:	e391                	bnez	a5,8e4c <__swbuf_r+0x1a>
    8e4a:	26f5                	jal	9236 <__sinit>
    8e4c:	00002797          	auipc	a5,0x2
    8e50:	87478793          	addi	a5,a5,-1932 # a6c0 <__sf_fake_stdin>
    8e54:	06f41763          	bne	s0,a5,8ec2 <__swbuf_r+0x90>
    8e58:	40c0                	lw	s0,4(s1)
    8e5a:	4c1c                	lw	a5,24(s0)
    8e5c:	c41c                	sw	a5,8(s0)
    8e5e:	245e                	lhu	a5,12(s0)
    8e60:	8ba1                	andi	a5,a5,8
    8e62:	c3c1                	beqz	a5,8ee2 <__swbuf_r+0xb0>
    8e64:	481c                	lw	a5,16(s0)
    8e66:	cfb5                	beqz	a5,8ee2 <__swbuf_r+0xb0>
    8e68:	481c                	lw	a5,16(s0)
    8e6a:	4008                	lw	a0,0(s0)
    8e6c:	0ff97993          	andi	s3,s2,255
    8e70:	0ff97913          	andi	s2,s2,255
    8e74:	8d1d                	sub	a0,a0,a5
    8e76:	485c                	lw	a5,20(s0)
    8e78:	00f54663          	blt	a0,a5,8e84 <__swbuf_r+0x52>
    8e7c:	85a2                	mv	a1,s0
    8e7e:	8526                	mv	a0,s1
    8e80:	2c69                	jal	911a <_fflush_r>
    8e82:	e525                	bnez	a0,8eea <__swbuf_r+0xb8>
    8e84:	441c                	lw	a5,8(s0)
    8e86:	0505                	addi	a0,a0,1
    8e88:	17fd                	addi	a5,a5,-1
    8e8a:	c41c                	sw	a5,8(s0)
    8e8c:	401c                	lw	a5,0(s0)
    8e8e:	00178713          	addi	a4,a5,1
    8e92:	c018                	sw	a4,0(s0)
    8e94:	01378023          	sb	s3,0(a5)
    8e98:	485c                	lw	a5,20(s0)
    8e9a:	00a78863          	beq	a5,a0,8eaa <__swbuf_r+0x78>
    8e9e:	245e                	lhu	a5,12(s0)
    8ea0:	8b85                	andi	a5,a5,1
    8ea2:	cb81                	beqz	a5,8eb2 <__swbuf_r+0x80>
    8ea4:	47a9                	li	a5,10
    8ea6:	00f91663          	bne	s2,a5,8eb2 <__swbuf_r+0x80>
    8eaa:	85a2                	mv	a1,s0
    8eac:	8526                	mv	a0,s1
    8eae:	24b5                	jal	911a <_fflush_r>
    8eb0:	ed0d                	bnez	a0,8eea <__swbuf_r+0xb8>
    8eb2:	40f2                	lw	ra,28(sp)
    8eb4:	4462                	lw	s0,24(sp)
    8eb6:	854a                	mv	a0,s2
    8eb8:	44d2                	lw	s1,20(sp)
    8eba:	4942                	lw	s2,16(sp)
    8ebc:	49b2                	lw	s3,12(sp)
    8ebe:	6105                	addi	sp,sp,32
    8ec0:	8082                	ret
    8ec2:	00002797          	auipc	a5,0x2
    8ec6:	81e78793          	addi	a5,a5,-2018 # a6e0 <__sf_fake_stdout>
    8eca:	00f41463          	bne	s0,a5,8ed2 <__swbuf_r+0xa0>
    8ece:	4480                	lw	s0,8(s1)
    8ed0:	b769                	j	8e5a <__swbuf_r+0x28>
    8ed2:	00001797          	auipc	a5,0x1
    8ed6:	7ce78793          	addi	a5,a5,1998 # a6a0 <__sf_fake_stderr>
    8eda:	f8f410e3          	bne	s0,a5,8e5a <__swbuf_r+0x28>
    8ede:	44c0                	lw	s0,12(s1)
    8ee0:	bfad                	j	8e5a <__swbuf_r+0x28>
    8ee2:	85a2                	mv	a1,s0
    8ee4:	8526                	mv	a0,s1
    8ee6:	2021                	jal	8eee <__swsetup_r>
    8ee8:	d141                	beqz	a0,8e68 <__swbuf_r+0x36>
    8eea:	597d                	li	s2,-1
    8eec:	b7d9                	j	8eb2 <__swbuf_r+0x80>

00008eee <__swsetup_r>:
    8eee:	1141                	addi	sp,sp,-16
    8ef0:	84018793          	addi	a5,gp,-1984 # 20000220 <_impure_ptr>
    8ef4:	c226                	sw	s1,4(sp)
    8ef6:	4384                	lw	s1,0(a5)
    8ef8:	c422                	sw	s0,8(sp)
    8efa:	c04a                	sw	s2,0(sp)
    8efc:	c606                	sw	ra,12(sp)
    8efe:	892a                	mv	s2,a0
    8f00:	842e                	mv	s0,a1
    8f02:	c489                	beqz	s1,8f0c <__swsetup_r+0x1e>
    8f04:	4c9c                	lw	a5,24(s1)
    8f06:	e399                	bnez	a5,8f0c <__swsetup_r+0x1e>
    8f08:	8526                	mv	a0,s1
    8f0a:	2635                	jal	9236 <__sinit>
    8f0c:	00001797          	auipc	a5,0x1
    8f10:	7b478793          	addi	a5,a5,1972 # a6c0 <__sf_fake_stdin>
    8f14:	02f41b63          	bne	s0,a5,8f4a <__swsetup_r+0x5c>
    8f18:	40c0                	lw	s0,4(s1)
    8f1a:	00c41703          	lh	a4,12(s0)
    8f1e:	01071793          	slli	a5,a4,0x10
    8f22:	83c1                	srli	a5,a5,0x10
    8f24:	0087f693          	andi	a3,a5,8
    8f28:	eaad                	bnez	a3,8f9a <__swsetup_r+0xac>
    8f2a:	0107f693          	andi	a3,a5,16
    8f2e:	ee95                	bnez	a3,8f6a <__swsetup_r+0x7c>
    8f30:	47a5                	li	a5,9
    8f32:	00f92023          	sw	a5,0(s2)
    8f36:	04076713          	ori	a4,a4,64
    8f3a:	a45a                	sh	a4,12(s0)
    8f3c:	557d                	li	a0,-1
    8f3e:	40b2                	lw	ra,12(sp)
    8f40:	4422                	lw	s0,8(sp)
    8f42:	4492                	lw	s1,4(sp)
    8f44:	4902                	lw	s2,0(sp)
    8f46:	0141                	addi	sp,sp,16
    8f48:	8082                	ret
    8f4a:	00001797          	auipc	a5,0x1
    8f4e:	79678793          	addi	a5,a5,1942 # a6e0 <__sf_fake_stdout>
    8f52:	00f41463          	bne	s0,a5,8f5a <__swsetup_r+0x6c>
    8f56:	4480                	lw	s0,8(s1)
    8f58:	b7c9                	j	8f1a <__swsetup_r+0x2c>
    8f5a:	00001797          	auipc	a5,0x1
    8f5e:	74678793          	addi	a5,a5,1862 # a6a0 <__sf_fake_stderr>
    8f62:	faf41ce3          	bne	s0,a5,8f1a <__swsetup_r+0x2c>
    8f66:	44c0                	lw	s0,12(s1)
    8f68:	bf4d                	j	8f1a <__swsetup_r+0x2c>
    8f6a:	8b91                	andi	a5,a5,4
    8f6c:	c39d                	beqz	a5,8f92 <__swsetup_r+0xa4>
    8f6e:	584c                	lw	a1,52(s0)
    8f70:	c989                	beqz	a1,8f82 <__swsetup_r+0x94>
    8f72:	04440793          	addi	a5,s0,68
    8f76:	00f58463          	beq	a1,a5,8f7e <__swsetup_r+0x90>
    8f7a:	854a                	mv	a0,s2
    8f7c:	2b89                	jal	94ce <_free_r>
    8f7e:	02042a23          	sw	zero,52(s0)
    8f82:	245e                	lhu	a5,12(s0)
    8f84:	00042223          	sw	zero,4(s0)
    8f88:	fdb7f793          	andi	a5,a5,-37
    8f8c:	a45e                	sh	a5,12(s0)
    8f8e:	481c                	lw	a5,16(s0)
    8f90:	c01c                	sw	a5,0(s0)
    8f92:	245e                	lhu	a5,12(s0)
    8f94:	0087e793          	ori	a5,a5,8
    8f98:	a45e                	sh	a5,12(s0)
    8f9a:	481c                	lw	a5,16(s0)
    8f9c:	eb99                	bnez	a5,8fb2 <__swsetup_r+0xc4>
    8f9e:	245e                	lhu	a5,12(s0)
    8fa0:	20000713          	li	a4,512
    8fa4:	2807f793          	andi	a5,a5,640
    8fa8:	00e78563          	beq	a5,a4,8fb2 <__swsetup_r+0xc4>
    8fac:	85a2                	mv	a1,s0
    8fae:	854a                	mv	a0,s2
    8fb0:	29a9                	jal	940a <__smakebuf_r>
    8fb2:	245e                	lhu	a5,12(s0)
    8fb4:	0017f713          	andi	a4,a5,1
    8fb8:	c31d                	beqz	a4,8fde <__swsetup_r+0xf0>
    8fba:	485c                	lw	a5,20(s0)
    8fbc:	00042423          	sw	zero,8(s0)
    8fc0:	40f007b3          	neg	a5,a5
    8fc4:	cc1c                	sw	a5,24(s0)
    8fc6:	481c                	lw	a5,16(s0)
    8fc8:	4501                	li	a0,0
    8fca:	fbb5                	bnez	a5,8f3e <__swsetup_r+0x50>
    8fcc:	00c41783          	lh	a5,12(s0)
    8fd0:	0807f713          	andi	a4,a5,128
    8fd4:	d72d                	beqz	a4,8f3e <__swsetup_r+0x50>
    8fd6:	0407e793          	ori	a5,a5,64
    8fda:	a45e                	sh	a5,12(s0)
    8fdc:	b785                	j	8f3c <__swsetup_r+0x4e>
    8fde:	8b89                	andi	a5,a5,2
    8fe0:	4701                	li	a4,0
    8fe2:	e391                	bnez	a5,8fe6 <__swsetup_r+0xf8>
    8fe4:	4858                	lw	a4,20(s0)
    8fe6:	c418                	sw	a4,8(s0)
    8fe8:	bff9                	j	8fc6 <__swsetup_r+0xd8>

00008fea <__sflush_r>:
    8fea:	25de                	lhu	a5,12(a1)
    8fec:	1101                	addi	sp,sp,-32
    8fee:	cc22                	sw	s0,24(sp)
    8ff0:	ca26                	sw	s1,20(sp)
    8ff2:	ce06                	sw	ra,28(sp)
    8ff4:	c84a                	sw	s2,16(sp)
    8ff6:	c64e                	sw	s3,12(sp)
    8ff8:	0087f713          	andi	a4,a5,8
    8ffc:	84aa                	mv	s1,a0
    8ffe:	842e                	mv	s0,a1
    9000:	eb79                	bnez	a4,90d6 <__sflush_r+0xec>
    9002:	41d8                	lw	a4,4(a1)
    9004:	00e04d63          	bgtz	a4,901e <__sflush_r+0x34>
    9008:	41b8                	lw	a4,64(a1)
    900a:	00e04a63          	bgtz	a4,901e <__sflush_r+0x34>
    900e:	4501                	li	a0,0
    9010:	40f2                	lw	ra,28(sp)
    9012:	4462                	lw	s0,24(sp)
    9014:	44d2                	lw	s1,20(sp)
    9016:	4942                	lw	s2,16(sp)
    9018:	49b2                	lw	s3,12(sp)
    901a:	6105                	addi	sp,sp,32
    901c:	8082                	ret
    901e:	5458                	lw	a4,44(s0)
    9020:	d77d                	beqz	a4,900e <__sflush_r+0x24>
    9022:	0004a903          	lw	s2,0(s1)
    9026:	01379693          	slli	a3,a5,0x13
    902a:	0004a023          	sw	zero,0(s1)
    902e:	0606db63          	bgez	a3,90a4 <__sflush_r+0xba>
    9032:	4870                	lw	a2,84(s0)
    9034:	245e                	lhu	a5,12(s0)
    9036:	8b91                	andi	a5,a5,4
    9038:	c799                	beqz	a5,9046 <__sflush_r+0x5c>
    903a:	405c                	lw	a5,4(s0)
    903c:	8e1d                	sub	a2,a2,a5
    903e:	585c                	lw	a5,52(s0)
    9040:	c399                	beqz	a5,9046 <__sflush_r+0x5c>
    9042:	403c                	lw	a5,64(s0)
    9044:	8e1d                	sub	a2,a2,a5
    9046:	545c                	lw	a5,44(s0)
    9048:	500c                	lw	a1,32(s0)
    904a:	4681                	li	a3,0
    904c:	8526                	mv	a0,s1
    904e:	9782                	jalr	a5
    9050:	57fd                	li	a5,-1
    9052:	245a                	lhu	a4,12(s0)
    9054:	00f51d63          	bne	a0,a5,906e <__sflush_r+0x84>
    9058:	4094                	lw	a3,0(s1)
    905a:	47f5                	li	a5,29
    905c:	06d7e863          	bltu	a5,a3,90cc <__sflush_r+0xe2>
    9060:	204007b7          	lui	a5,0x20400
    9064:	0785                	addi	a5,a5,1
    9066:	00d7d7b3          	srl	a5,a5,a3
    906a:	8b85                	andi	a5,a5,1
    906c:	c3a5                	beqz	a5,90cc <__sflush_r+0xe2>
    906e:	481c                	lw	a5,16(s0)
    9070:	00042223          	sw	zero,4(s0)
    9074:	c01c                	sw	a5,0(s0)
    9076:	01371793          	slli	a5,a4,0x13
    907a:	0007d863          	bgez	a5,908a <__sflush_r+0xa0>
    907e:	57fd                	li	a5,-1
    9080:	00f51463          	bne	a0,a5,9088 <__sflush_r+0x9e>
    9084:	409c                	lw	a5,0(s1)
    9086:	e391                	bnez	a5,908a <__sflush_r+0xa0>
    9088:	c868                	sw	a0,84(s0)
    908a:	584c                	lw	a1,52(s0)
    908c:	0124a023          	sw	s2,0(s1)
    9090:	ddbd                	beqz	a1,900e <__sflush_r+0x24>
    9092:	04440793          	addi	a5,s0,68
    9096:	00f58463          	beq	a1,a5,909e <__sflush_r+0xb4>
    909a:	8526                	mv	a0,s1
    909c:	290d                	jal	94ce <_free_r>
    909e:	02042a23          	sw	zero,52(s0)
    90a2:	b7b5                	j	900e <__sflush_r+0x24>
    90a4:	500c                	lw	a1,32(s0)
    90a6:	4601                	li	a2,0
    90a8:	4685                	li	a3,1
    90aa:	8526                	mv	a0,s1
    90ac:	9702                	jalr	a4
    90ae:	57fd                	li	a5,-1
    90b0:	862a                	mv	a2,a0
    90b2:	f8f511e3          	bne	a0,a5,9034 <__sflush_r+0x4a>
    90b6:	409c                	lw	a5,0(s1)
    90b8:	dfb5                	beqz	a5,9034 <__sflush_r+0x4a>
    90ba:	4775                	li	a4,29
    90bc:	00e78563          	beq	a5,a4,90c6 <__sflush_r+0xdc>
    90c0:	4759                	li	a4,22
    90c2:	04e79363          	bne	a5,a4,9108 <__sflush_r+0x11e>
    90c6:	0124a023          	sw	s2,0(s1)
    90ca:	b791                	j	900e <__sflush_r+0x24>
    90cc:	04076713          	ori	a4,a4,64
    90d0:	a45a                	sh	a4,12(s0)
    90d2:	557d                	li	a0,-1
    90d4:	bf35                	j	9010 <__sflush_r+0x26>
    90d6:	0105a983          	lw	s3,16(a1)
    90da:	f2098ae3          	beqz	s3,900e <__sflush_r+0x24>
    90de:	0005a903          	lw	s2,0(a1)
    90e2:	8b8d                	andi	a5,a5,3
    90e4:	0135a023          	sw	s3,0(a1)
    90e8:	41390933          	sub	s2,s2,s3
    90ec:	4701                	li	a4,0
    90ee:	e391                	bnez	a5,90f2 <__sflush_r+0x108>
    90f0:	49d8                	lw	a4,20(a1)
    90f2:	c418                	sw	a4,8(s0)
    90f4:	f1205de3          	blez	s2,900e <__sflush_r+0x24>
    90f8:	541c                	lw	a5,40(s0)
    90fa:	500c                	lw	a1,32(s0)
    90fc:	86ca                	mv	a3,s2
    90fe:	864e                	mv	a2,s3
    9100:	8526                	mv	a0,s1
    9102:	9782                	jalr	a5
    9104:	00a04763          	bgtz	a0,9112 <__sflush_r+0x128>
    9108:	245e                	lhu	a5,12(s0)
    910a:	0407e793          	ori	a5,a5,64
    910e:	a45e                	sh	a5,12(s0)
    9110:	b7c9                	j	90d2 <__sflush_r+0xe8>
    9112:	99aa                	add	s3,s3,a0
    9114:	40a90933          	sub	s2,s2,a0
    9118:	bff1                	j	90f4 <__sflush_r+0x10a>

0000911a <_fflush_r>:
    911a:	499c                	lw	a5,16(a1)
    911c:	c3a5                	beqz	a5,917c <_fflush_r+0x62>
    911e:	1101                	addi	sp,sp,-32
    9120:	cc22                	sw	s0,24(sp)
    9122:	ce06                	sw	ra,28(sp)
    9124:	842a                	mv	s0,a0
    9126:	c511                	beqz	a0,9132 <_fflush_r+0x18>
    9128:	4d1c                	lw	a5,24(a0)
    912a:	e781                	bnez	a5,9132 <_fflush_r+0x18>
    912c:	c62e                	sw	a1,12(sp)
    912e:	2221                	jal	9236 <__sinit>
    9130:	45b2                	lw	a1,12(sp)
    9132:	00001797          	auipc	a5,0x1
    9136:	58e78793          	addi	a5,a5,1422 # a6c0 <__sf_fake_stdin>
    913a:	00f59c63          	bne	a1,a5,9152 <_fflush_r+0x38>
    913e:	404c                	lw	a1,4(s0)
    9140:	00c59783          	lh	a5,12(a1)
    9144:	c79d                	beqz	a5,9172 <_fflush_r+0x58>
    9146:	8522                	mv	a0,s0
    9148:	4462                	lw	s0,24(sp)
    914a:	40f2                	lw	ra,28(sp)
    914c:	6105                	addi	sp,sp,32
    914e:	e9dff06f          	j	8fea <__sflush_r>
    9152:	00001797          	auipc	a5,0x1
    9156:	58e78793          	addi	a5,a5,1422 # a6e0 <__sf_fake_stdout>
    915a:	00f59463          	bne	a1,a5,9162 <_fflush_r+0x48>
    915e:	440c                	lw	a1,8(s0)
    9160:	b7c5                	j	9140 <_fflush_r+0x26>
    9162:	00001797          	auipc	a5,0x1
    9166:	53e78793          	addi	a5,a5,1342 # a6a0 <__sf_fake_stderr>
    916a:	fcf59be3          	bne	a1,a5,9140 <_fflush_r+0x26>
    916e:	444c                	lw	a1,12(s0)
    9170:	bfc1                	j	9140 <_fflush_r+0x26>
    9172:	40f2                	lw	ra,28(sp)
    9174:	4462                	lw	s0,24(sp)
    9176:	4501                	li	a0,0
    9178:	6105                	addi	sp,sp,32
    917a:	8082                	ret
    917c:	4501                	li	a0,0
    917e:	8082                	ret

00009180 <std>:
    9180:	1141                	addi	sp,sp,-16
    9182:	c422                	sw	s0,8(sp)
    9184:	c606                	sw	ra,12(sp)
    9186:	842a                	mv	s0,a0
    9188:	a54e                	sh	a1,12(a0)
    918a:	a572                	sh	a2,14(a0)
    918c:	00052023          	sw	zero,0(a0)
    9190:	00052223          	sw	zero,4(a0)
    9194:	00052423          	sw	zero,8(a0)
    9198:	06052223          	sw	zero,100(a0)
    919c:	00052823          	sw	zero,16(a0)
    91a0:	00052a23          	sw	zero,20(a0)
    91a4:	00052c23          	sw	zero,24(a0)
    91a8:	4621                	li	a2,8
    91aa:	4581                	li	a1,0
    91ac:	05c50513          	addi	a0,a0,92
    91b0:	ff1f60ef          	jal	ra,1a0 <memset>
    91b4:	00001797          	auipc	a5,0x1
    91b8:	ebc78793          	addi	a5,a5,-324 # a070 <__sread>
    91bc:	d05c                	sw	a5,36(s0)
    91be:	00001797          	auipc	a5,0x1
    91c2:	ede78793          	addi	a5,a5,-290 # a09c <__swrite>
    91c6:	d41c                	sw	a5,40(s0)
    91c8:	00001797          	auipc	a5,0x1
    91cc:	f1c78793          	addi	a5,a5,-228 # a0e4 <__sseek>
    91d0:	d45c                	sw	a5,44(s0)
    91d2:	00001797          	auipc	a5,0x1
    91d6:	f4278793          	addi	a5,a5,-190 # a114 <__sclose>
    91da:	d000                	sw	s0,32(s0)
    91dc:	d81c                	sw	a5,48(s0)
    91de:	40b2                	lw	ra,12(sp)
    91e0:	4422                	lw	s0,8(sp)
    91e2:	0141                	addi	sp,sp,16
    91e4:	8082                	ret

000091e6 <_cleanup_r>:
    91e6:	00000597          	auipc	a1,0x0
    91ea:	f3458593          	addi	a1,a1,-204 # 911a <_fflush_r>
    91ee:	aa91                	j	9342 <_fwalk_reent>

000091f0 <__sfmoreglue>:
    91f0:	1141                	addi	sp,sp,-16
    91f2:	c226                	sw	s1,4(sp)
    91f4:	06800613          	li	a2,104
    91f8:	fff58493          	addi	s1,a1,-1
    91fc:	02c484b3          	mul	s1,s1,a2
    9200:	c04a                	sw	s2,0(sp)
    9202:	892e                	mv	s2,a1
    9204:	c422                	sw	s0,8(sp)
    9206:	c606                	sw	ra,12(sp)
    9208:	07448593          	addi	a1,s1,116
    920c:	26ad                	jal	9576 <_malloc_r>
    920e:	842a                	mv	s0,a0
    9210:	cd01                	beqz	a0,9228 <__sfmoreglue+0x38>
    9212:	00052023          	sw	zero,0(a0)
    9216:	01252223          	sw	s2,4(a0)
    921a:	0531                	addi	a0,a0,12
    921c:	c408                	sw	a0,8(s0)
    921e:	06848613          	addi	a2,s1,104
    9222:	4581                	li	a1,0
    9224:	f7df60ef          	jal	ra,1a0 <memset>
    9228:	8522                	mv	a0,s0
    922a:	40b2                	lw	ra,12(sp)
    922c:	4422                	lw	s0,8(sp)
    922e:	4492                	lw	s1,4(sp)
    9230:	4902                	lw	s2,0(sp)
    9232:	0141                	addi	sp,sp,16
    9234:	8082                	ret

00009236 <__sinit>:
    9236:	4d1c                	lw	a5,24(a0)
    9238:	e7a5                	bnez	a5,92a0 <__sinit+0x6a>
    923a:	1141                	addi	sp,sp,-16
    923c:	c606                	sw	ra,12(sp)
    923e:	c422                	sw	s0,8(sp)
    9240:	00000797          	auipc	a5,0x0
    9244:	fa678793          	addi	a5,a5,-90 # 91e6 <_cleanup_r>
    9248:	d51c                	sw	a5,40(a0)
    924a:	86418793          	addi	a5,gp,-1948 # 20000244 <_global_impure_ptr>
    924e:	439c                	lw	a5,0(a5)
    9250:	04052423          	sw	zero,72(a0)
    9254:	04052623          	sw	zero,76(a0)
    9258:	04052823          	sw	zero,80(a0)
    925c:	00f51463          	bne	a0,a5,9264 <__sinit+0x2e>
    9260:	4785                	li	a5,1
    9262:	cd1c                	sw	a5,24(a0)
    9264:	842a                	mv	s0,a0
    9266:	2835                	jal	92a2 <__sfp>
    9268:	c048                	sw	a0,4(s0)
    926a:	8522                	mv	a0,s0
    926c:	281d                	jal	92a2 <__sfp>
    926e:	c408                	sw	a0,8(s0)
    9270:	8522                	mv	a0,s0
    9272:	2805                	jal	92a2 <__sfp>
    9274:	c448                	sw	a0,12(s0)
    9276:	4048                	lw	a0,4(s0)
    9278:	4601                	li	a2,0
    927a:	4591                	li	a1,4
    927c:	f05ff0ef          	jal	ra,9180 <std>
    9280:	4408                	lw	a0,8(s0)
    9282:	4605                	li	a2,1
    9284:	45a5                	li	a1,9
    9286:	efbff0ef          	jal	ra,9180 <std>
    928a:	4448                	lw	a0,12(s0)
    928c:	4609                	li	a2,2
    928e:	45c9                	li	a1,18
    9290:	ef1ff0ef          	jal	ra,9180 <std>
    9294:	4785                	li	a5,1
    9296:	cc1c                	sw	a5,24(s0)
    9298:	40b2                	lw	ra,12(sp)
    929a:	4422                	lw	s0,8(sp)
    929c:	0141                	addi	sp,sp,16
    929e:	8082                	ret
    92a0:	8082                	ret

000092a2 <__sfp>:
    92a2:	1141                	addi	sp,sp,-16
    92a4:	86418793          	addi	a5,gp,-1948 # 20000244 <_global_impure_ptr>
    92a8:	c226                	sw	s1,4(sp)
    92aa:	4384                	lw	s1,0(a5)
    92ac:	c04a                	sw	s2,0(sp)
    92ae:	c606                	sw	ra,12(sp)
    92b0:	4c9c                	lw	a5,24(s1)
    92b2:	c422                	sw	s0,8(sp)
    92b4:	892a                	mv	s2,a0
    92b6:	e781                	bnez	a5,92be <__sfp+0x1c>
    92b8:	8526                	mv	a0,s1
    92ba:	f7dff0ef          	jal	ra,9236 <__sinit>
    92be:	04848493          	addi	s1,s1,72
    92c2:	4480                	lw	s0,8(s1)
    92c4:	40dc                	lw	a5,4(s1)
    92c6:	17fd                	addi	a5,a5,-1
    92c8:	0007d663          	bgez	a5,92d4 <__sfp+0x32>
    92cc:	409c                	lw	a5,0(s1)
    92ce:	cfb9                	beqz	a5,932c <__sfp+0x8a>
    92d0:	4084                	lw	s1,0(s1)
    92d2:	bfc5                	j	92c2 <__sfp+0x20>
    92d4:	00c41703          	lh	a4,12(s0)
    92d8:	e739                	bnez	a4,9326 <__sfp+0x84>
    92da:	77c1                	lui	a5,0xffff0
    92dc:	0785                	addi	a5,a5,1
    92de:	06042223          	sw	zero,100(s0)
    92e2:	00042023          	sw	zero,0(s0)
    92e6:	00042223          	sw	zero,4(s0)
    92ea:	00042423          	sw	zero,8(s0)
    92ee:	c45c                	sw	a5,12(s0)
    92f0:	00042823          	sw	zero,16(s0)
    92f4:	00042a23          	sw	zero,20(s0)
    92f8:	00042c23          	sw	zero,24(s0)
    92fc:	4621                	li	a2,8
    92fe:	4581                	li	a1,0
    9300:	05c40513          	addi	a0,s0,92
    9304:	e9df60ef          	jal	ra,1a0 <memset>
    9308:	02042a23          	sw	zero,52(s0)
    930c:	02042c23          	sw	zero,56(s0)
    9310:	04042423          	sw	zero,72(s0)
    9314:	04042623          	sw	zero,76(s0)
    9318:	8522                	mv	a0,s0
    931a:	40b2                	lw	ra,12(sp)
    931c:	4422                	lw	s0,8(sp)
    931e:	4492                	lw	s1,4(sp)
    9320:	4902                	lw	s2,0(sp)
    9322:	0141                	addi	sp,sp,16
    9324:	8082                	ret
    9326:	06840413          	addi	s0,s0,104
    932a:	bf71                	j	92c6 <__sfp+0x24>
    932c:	4591                	li	a1,4
    932e:	854a                	mv	a0,s2
    9330:	ec1ff0ef          	jal	ra,91f0 <__sfmoreglue>
    9334:	c088                	sw	a0,0(s1)
    9336:	fd49                	bnez	a0,92d0 <__sfp+0x2e>
    9338:	47b1                	li	a5,12
    933a:	00f92023          	sw	a5,0(s2)
    933e:	4401                	li	s0,0
    9340:	bfe1                	j	9318 <__sfp+0x76>

00009342 <_fwalk_reent>:
    9342:	7179                	addi	sp,sp,-48
    9344:	d422                	sw	s0,40(sp)
    9346:	d04a                	sw	s2,32(sp)
    9348:	cc52                	sw	s4,24(sp)
    934a:	ca56                	sw	s5,20(sp)
    934c:	c85a                	sw	s6,16(sp)
    934e:	c65e                	sw	s7,12(sp)
    9350:	d606                	sw	ra,44(sp)
    9352:	d226                	sw	s1,36(sp)
    9354:	ce4e                	sw	s3,28(sp)
    9356:	8a2a                	mv	s4,a0
    9358:	8aae                	mv	s5,a1
    935a:	04850413          	addi	s0,a0,72
    935e:	4901                	li	s2,0
    9360:	4b05                	li	s6,1
    9362:	5bfd                	li	s7,-1
    9364:	ec09                	bnez	s0,937e <_fwalk_reent+0x3c>
    9366:	50b2                	lw	ra,44(sp)
    9368:	5422                	lw	s0,40(sp)
    936a:	854a                	mv	a0,s2
    936c:	5492                	lw	s1,36(sp)
    936e:	5902                	lw	s2,32(sp)
    9370:	49f2                	lw	s3,28(sp)
    9372:	4a62                	lw	s4,24(sp)
    9374:	4ad2                	lw	s5,20(sp)
    9376:	4b42                	lw	s6,16(sp)
    9378:	4bb2                	lw	s7,12(sp)
    937a:	6145                	addi	sp,sp,48
    937c:	8082                	ret
    937e:	4404                	lw	s1,8(s0)
    9380:	00442983          	lw	s3,4(s0)
    9384:	19fd                	addi	s3,s3,-1
    9386:	0009d463          	bgez	s3,938e <_fwalk_reent+0x4c>
    938a:	4000                	lw	s0,0(s0)
    938c:	bfe1                	j	9364 <_fwalk_reent+0x22>
    938e:	24de                	lhu	a5,12(s1)
    9390:	00fb7b63          	bgeu	s6,a5,93a6 <_fwalk_reent+0x64>
    9394:	00e49783          	lh	a5,14(s1)
    9398:	01778763          	beq	a5,s7,93a6 <_fwalk_reent+0x64>
    939c:	85a6                	mv	a1,s1
    939e:	8552                	mv	a0,s4
    93a0:	9a82                	jalr	s5
    93a2:	00a96933          	or	s2,s2,a0
    93a6:	06848493          	addi	s1,s1,104
    93aa:	bfe9                	j	9384 <_fwalk_reent+0x42>

000093ac <__locale_ctype_ptr_l>:
    93ac:	0ec52503          	lw	a0,236(a0)
    93b0:	8082                	ret

000093b2 <__swhatbuf_r>:
    93b2:	7119                	addi	sp,sp,-128
    93b4:	daa6                	sw	s1,116(sp)
    93b6:	84ae                	mv	s1,a1
    93b8:	00e59583          	lh	a1,14(a1)
    93bc:	dca2                	sw	s0,120(sp)
    93be:	de86                	sw	ra,124(sp)
    93c0:	8432                	mv	s0,a2
    93c2:	0005db63          	bgez	a1,93d8 <__swhatbuf_r+0x26>
    93c6:	24de                	lhu	a5,12(s1)
    93c8:	0006a023          	sw	zero,0(a3)
    93cc:	0807f793          	andi	a5,a5,128
    93d0:	e785                	bnez	a5,93f8 <__swhatbuf_r+0x46>
    93d2:	40000793          	li	a5,1024
    93d6:	a01d                	j	93fc <__swhatbuf_r+0x4a>
    93d8:	0830                	addi	a2,sp,24
    93da:	c636                	sw	a3,12(sp)
    93dc:	5c3000ef          	jal	ra,a19e <_fstat_r>
    93e0:	46b2                	lw	a3,12(sp)
    93e2:	fe0542e3          	bltz	a0,93c6 <__swhatbuf_r+0x14>
    93e6:	4772                	lw	a4,28(sp)
    93e8:	67bd                	lui	a5,0xf
    93ea:	8ff9                	and	a5,a5,a4
    93ec:	7779                	lui	a4,0xffffe
    93ee:	97ba                	add	a5,a5,a4
    93f0:	0017b793          	seqz	a5,a5
    93f4:	c29c                	sw	a5,0(a3)
    93f6:	bff1                	j	93d2 <__swhatbuf_r+0x20>
    93f8:	04000793          	li	a5,64
    93fc:	c01c                	sw	a5,0(s0)
    93fe:	50f6                	lw	ra,124(sp)
    9400:	5466                	lw	s0,120(sp)
    9402:	54d6                	lw	s1,116(sp)
    9404:	4501                	li	a0,0
    9406:	6109                	addi	sp,sp,128
    9408:	8082                	ret

0000940a <__smakebuf_r>:
    940a:	25de                	lhu	a5,12(a1)
    940c:	1101                	addi	sp,sp,-32
    940e:	cc22                	sw	s0,24(sp)
    9410:	ce06                	sw	ra,28(sp)
    9412:	ca26                	sw	s1,20(sp)
    9414:	c84a                	sw	s2,16(sp)
    9416:	8b89                	andi	a5,a5,2
    9418:	842e                	mv	s0,a1
    941a:	cf89                	beqz	a5,9434 <__smakebuf_r+0x2a>
    941c:	04740793          	addi	a5,s0,71
    9420:	c01c                	sw	a5,0(s0)
    9422:	c81c                	sw	a5,16(s0)
    9424:	4785                	li	a5,1
    9426:	c85c                	sw	a5,20(s0)
    9428:	40f2                	lw	ra,28(sp)
    942a:	4462                	lw	s0,24(sp)
    942c:	44d2                	lw	s1,20(sp)
    942e:	4942                	lw	s2,16(sp)
    9430:	6105                	addi	sp,sp,32
    9432:	8082                	ret
    9434:	0074                	addi	a3,sp,12
    9436:	0030                	addi	a2,sp,8
    9438:	84aa                	mv	s1,a0
    943a:	f79ff0ef          	jal	ra,93b2 <__swhatbuf_r>
    943e:	45a2                	lw	a1,8(sp)
    9440:	892a                	mv	s2,a0
    9442:	8526                	mv	a0,s1
    9444:	2a0d                	jal	9576 <_malloc_r>
    9446:	e919                	bnez	a0,945c <__smakebuf_r+0x52>
    9448:	00c41783          	lh	a5,12(s0)
    944c:	2007f713          	andi	a4,a5,512
    9450:	ff61                	bnez	a4,9428 <__smakebuf_r+0x1e>
    9452:	9bf1                	andi	a5,a5,-4
    9454:	0027e793          	ori	a5,a5,2
    9458:	a45e                	sh	a5,12(s0)
    945a:	b7c9                	j	941c <__smakebuf_r+0x12>
    945c:	00000797          	auipc	a5,0x0
    9460:	d8a78793          	addi	a5,a5,-630 # 91e6 <_cleanup_r>
    9464:	d49c                	sw	a5,40(s1)
    9466:	245e                	lhu	a5,12(s0)
    9468:	c008                	sw	a0,0(s0)
    946a:	c808                	sw	a0,16(s0)
    946c:	0807e793          	ori	a5,a5,128
    9470:	a45e                	sh	a5,12(s0)
    9472:	47a2                	lw	a5,8(sp)
    9474:	c85c                	sw	a5,20(s0)
    9476:	47b2                	lw	a5,12(sp)
    9478:	cf81                	beqz	a5,9490 <__smakebuf_r+0x86>
    947a:	00e41583          	lh	a1,14(s0)
    947e:	8526                	mv	a0,s1
    9480:	551000ef          	jal	ra,a1d0 <_isatty_r>
    9484:	c511                	beqz	a0,9490 <__smakebuf_r+0x86>
    9486:	245e                	lhu	a5,12(s0)
    9488:	9bf1                	andi	a5,a5,-4
    948a:	0017e793          	ori	a5,a5,1
    948e:	a45e                	sh	a5,12(s0)
    9490:	245e                	lhu	a5,12(s0)
    9492:	00f96933          	or	s2,s2,a5
    9496:	01241623          	sh	s2,12(s0)
    949a:	b779                	j	9428 <__smakebuf_r+0x1e>

0000949c <__ascii_mbtowc>:
    949c:	ed91                	bnez	a1,94b8 <__ascii_mbtowc+0x1c>
    949e:	1141                	addi	sp,sp,-16
    94a0:	006c                	addi	a1,sp,12
    94a2:	4501                	li	a0,0
    94a4:	ca01                	beqz	a2,94b4 <__ascii_mbtowc+0x18>
    94a6:	5579                	li	a0,-2
    94a8:	c691                	beqz	a3,94b4 <__ascii_mbtowc+0x18>
    94aa:	221c                	lbu	a5,0(a2)
    94ac:	c19c                	sw	a5,0(a1)
    94ae:	2208                	lbu	a0,0(a2)
    94b0:	00a03533          	snez	a0,a0
    94b4:	0141                	addi	sp,sp,16
    94b6:	8082                	ret
    94b8:	4501                	li	a0,0
    94ba:	ca09                	beqz	a2,94cc <__ascii_mbtowc+0x30>
    94bc:	5579                	li	a0,-2
    94be:	c699                	beqz	a3,94cc <__ascii_mbtowc+0x30>
    94c0:	221c                	lbu	a5,0(a2)
    94c2:	c19c                	sw	a5,0(a1)
    94c4:	2208                	lbu	a0,0(a2)
    94c6:	00a03533          	snez	a0,a0
    94ca:	8082                	ret
    94cc:	8082                	ret

000094ce <_free_r>:
    94ce:	c1dd                	beqz	a1,9574 <_free_r+0xa6>
    94d0:	ffc5a783          	lw	a5,-4(a1)
    94d4:	1141                	addi	sp,sp,-16
    94d6:	c422                	sw	s0,8(sp)
    94d8:	c606                	sw	ra,12(sp)
    94da:	c226                	sw	s1,4(sp)
    94dc:	ffc58413          	addi	s0,a1,-4
    94e0:	0007d363          	bgez	a5,94e6 <_free_r+0x18>
    94e4:	943e                	add	s0,s0,a5
    94e6:	84aa                	mv	s1,a0
    94e8:	5ab000ef          	jal	ra,a292 <__malloc_lock>
    94ec:	94818793          	addi	a5,gp,-1720 # 20000328 <__malloc_free_list>
    94f0:	439c                	lw	a5,0(a5)
    94f2:	ef81                	bnez	a5,950a <_free_r+0x3c>
    94f4:	00042223          	sw	zero,4(s0)
    94f8:	9481a423          	sw	s0,-1720(gp) # 20000328 <__malloc_free_list>
    94fc:	4422                	lw	s0,8(sp)
    94fe:	40b2                	lw	ra,12(sp)
    9500:	8526                	mv	a0,s1
    9502:	4492                	lw	s1,4(sp)
    9504:	0141                	addi	sp,sp,16
    9506:	58f0006f          	j	a294 <__malloc_unlock>
    950a:	00f47e63          	bgeu	s0,a5,9526 <_free_r+0x58>
    950e:	4014                	lw	a3,0(s0)
    9510:	00d40733          	add	a4,s0,a3
    9514:	00e79663          	bne	a5,a4,9520 <_free_r+0x52>
    9518:	4398                	lw	a4,0(a5)
    951a:	43dc                	lw	a5,4(a5)
    951c:	9736                	add	a4,a4,a3
    951e:	c018                	sw	a4,0(s0)
    9520:	c05c                	sw	a5,4(s0)
    9522:	bfd9                	j	94f8 <_free_r+0x2a>
    9524:	87ba                	mv	a5,a4
    9526:	43d8                	lw	a4,4(a5)
    9528:	c319                	beqz	a4,952e <_free_r+0x60>
    952a:	fee47de3          	bgeu	s0,a4,9524 <_free_r+0x56>
    952e:	4394                	lw	a3,0(a5)
    9530:	00d78633          	add	a2,a5,a3
    9534:	00861f63          	bne	a2,s0,9552 <_free_r+0x84>
    9538:	4010                	lw	a2,0(s0)
    953a:	96b2                	add	a3,a3,a2
    953c:	c394                	sw	a3,0(a5)
    953e:	00d78633          	add	a2,a5,a3
    9542:	fac71de3          	bne	a4,a2,94fc <_free_r+0x2e>
    9546:	4310                	lw	a2,0(a4)
    9548:	4358                	lw	a4,4(a4)
    954a:	96b2                	add	a3,a3,a2
    954c:	c394                	sw	a3,0(a5)
    954e:	c3d8                	sw	a4,4(a5)
    9550:	b775                	j	94fc <_free_r+0x2e>
    9552:	00c47563          	bgeu	s0,a2,955c <_free_r+0x8e>
    9556:	47b1                	li	a5,12
    9558:	c09c                	sw	a5,0(s1)
    955a:	b74d                	j	94fc <_free_r+0x2e>
    955c:	4010                	lw	a2,0(s0)
    955e:	00c406b3          	add	a3,s0,a2
    9562:	00d71663          	bne	a4,a3,956e <_free_r+0xa0>
    9566:	4314                	lw	a3,0(a4)
    9568:	4358                	lw	a4,4(a4)
    956a:	96b2                	add	a3,a3,a2
    956c:	c014                	sw	a3,0(s0)
    956e:	c058                	sw	a4,4(s0)
    9570:	c3c0                	sw	s0,4(a5)
    9572:	b769                	j	94fc <_free_r+0x2e>
    9574:	8082                	ret

00009576 <_malloc_r>:
    9576:	1101                	addi	sp,sp,-32
    9578:	ca26                	sw	s1,20(sp)
    957a:	00358493          	addi	s1,a1,3
    957e:	98f1                	andi	s1,s1,-4
    9580:	ce06                	sw	ra,28(sp)
    9582:	cc22                	sw	s0,24(sp)
    9584:	c84a                	sw	s2,16(sp)
    9586:	c64e                	sw	s3,12(sp)
    9588:	04a1                	addi	s1,s1,8
    958a:	47b1                	li	a5,12
    958c:	04f4f563          	bgeu	s1,a5,95d6 <_malloc_r+0x60>
    9590:	44b1                	li	s1,12
    9592:	04b4e463          	bltu	s1,a1,95da <_malloc_r+0x64>
    9596:	892a                	mv	s2,a0
    9598:	4fb000ef          	jal	ra,a292 <__malloc_lock>
    959c:	94818793          	addi	a5,gp,-1720 # 20000328 <__malloc_free_list>
    95a0:	4398                	lw	a4,0(a5)
    95a2:	843a                	mv	s0,a4
    95a4:	e429                	bnez	s0,95ee <_malloc_r+0x78>
    95a6:	94c18793          	addi	a5,gp,-1716 # 2000032c <__malloc_sbrk_start>
    95aa:	439c                	lw	a5,0(a5)
    95ac:	e799                	bnez	a5,95ba <_malloc_r+0x44>
    95ae:	4581                	li	a1,0
    95b0:	854a                	mv	a0,s2
    95b2:	28d000ef          	jal	ra,a03e <_sbrk_r>
    95b6:	94a1a623          	sw	a0,-1716(gp) # 2000032c <__malloc_sbrk_start>
    95ba:	85a6                	mv	a1,s1
    95bc:	854a                	mv	a0,s2
    95be:	281000ef          	jal	ra,a03e <_sbrk_r>
    95c2:	59fd                	li	s3,-1
    95c4:	07351963          	bne	a0,s3,9636 <_malloc_r+0xc0>
    95c8:	47b1                	li	a5,12
    95ca:	00f92023          	sw	a5,0(s2)
    95ce:	854a                	mv	a0,s2
    95d0:	4c5000ef          	jal	ra,a294 <__malloc_unlock>
    95d4:	a029                	j	95de <_malloc_r+0x68>
    95d6:	fa04dee3          	bgez	s1,9592 <_malloc_r+0x1c>
    95da:	47b1                	li	a5,12
    95dc:	c11c                	sw	a5,0(a0)
    95de:	4501                	li	a0,0
    95e0:	40f2                	lw	ra,28(sp)
    95e2:	4462                	lw	s0,24(sp)
    95e4:	44d2                	lw	s1,20(sp)
    95e6:	4942                	lw	s2,16(sp)
    95e8:	49b2                	lw	s3,12(sp)
    95ea:	6105                	addi	sp,sp,32
    95ec:	8082                	ret
    95ee:	401c                	lw	a5,0(s0)
    95f0:	8f85                	sub	a5,a5,s1
    95f2:	0207cf63          	bltz	a5,9630 <_malloc_r+0xba>
    95f6:	46ad                	li	a3,11
    95f8:	00f6f663          	bgeu	a3,a5,9604 <_malloc_r+0x8e>
    95fc:	c01c                	sw	a5,0(s0)
    95fe:	943e                	add	s0,s0,a5
    9600:	c004                	sw	s1,0(s0)
    9602:	a031                	j	960e <_malloc_r+0x98>
    9604:	405c                	lw	a5,4(s0)
    9606:	02871363          	bne	a4,s0,962c <_malloc_r+0xb6>
    960a:	94f1a423          	sw	a5,-1720(gp) # 20000328 <__malloc_free_list>
    960e:	854a                	mv	a0,s2
    9610:	485000ef          	jal	ra,a294 <__malloc_unlock>
    9614:	00b40513          	addi	a0,s0,11
    9618:	00440793          	addi	a5,s0,4
    961c:	9961                	andi	a0,a0,-8
    961e:	40f50733          	sub	a4,a0,a5
    9622:	df5d                	beqz	a4,95e0 <_malloc_r+0x6a>
    9624:	943a                	add	s0,s0,a4
    9626:	8f89                	sub	a5,a5,a0
    9628:	c01c                	sw	a5,0(s0)
    962a:	bf5d                	j	95e0 <_malloc_r+0x6a>
    962c:	c35c                	sw	a5,4(a4)
    962e:	b7c5                	j	960e <_malloc_r+0x98>
    9630:	8722                	mv	a4,s0
    9632:	4040                	lw	s0,4(s0)
    9634:	bf85                	j	95a4 <_malloc_r+0x2e>
    9636:	00350413          	addi	s0,a0,3
    963a:	9871                	andi	s0,s0,-4
    963c:	fc8502e3          	beq	a0,s0,9600 <_malloc_r+0x8a>
    9640:	40a405b3          	sub	a1,s0,a0
    9644:	854a                	mv	a0,s2
    9646:	1f9000ef          	jal	ra,a03e <_sbrk_r>
    964a:	fb351be3          	bne	a0,s3,9600 <_malloc_r+0x8a>
    964e:	bfad                	j	95c8 <_malloc_r+0x52>

00009650 <__ssputs_r>:
    9650:	1101                	addi	sp,sp,-32
    9652:	c84a                	sw	s2,16(sp)
    9654:	0085a903          	lw	s2,8(a1)
    9658:	cc22                	sw	s0,24(sp)
    965a:	c452                	sw	s4,8(sp)
    965c:	c05a                	sw	s6,0(sp)
    965e:	ce06                	sw	ra,28(sp)
    9660:	ca26                	sw	s1,20(sp)
    9662:	c64e                	sw	s3,12(sp)
    9664:	c256                	sw	s5,4(sp)
    9666:	842e                	mv	s0,a1
    9668:	8b32                	mv	s6,a2
    966a:	8a36                	mv	s4,a3
    966c:	0926e963          	bltu	a3,s2,96fe <__ssputs_r+0xae>
    9670:	25de                	lhu	a5,12(a1)
    9672:	4807f713          	andi	a4,a5,1152
    9676:	c351                	beqz	a4,96fa <__ssputs_r+0xaa>
    9678:	4004                	lw	s1,0(s0)
    967a:	498c                	lw	a1,16(a1)
    967c:	4858                	lw	a4,20(s0)
    967e:	8aaa                	mv	s5,a0
    9680:	40b489b3          	sub	s3,s1,a1
    9684:	448d                	li	s1,3
    9686:	02e484b3          	mul	s1,s1,a4
    968a:	4709                	li	a4,2
    968c:	02e4c4b3          	div	s1,s1,a4
    9690:	00168713          	addi	a4,a3,1
    9694:	974e                	add	a4,a4,s3
    9696:	00e4f363          	bgeu	s1,a4,969c <__ssputs_r+0x4c>
    969a:	84ba                	mv	s1,a4
    969c:	4007f793          	andi	a5,a5,1024
    96a0:	cfbd                	beqz	a5,971e <__ssputs_r+0xce>
    96a2:	85a6                	mv	a1,s1
    96a4:	8556                	mv	a0,s5
    96a6:	ed1ff0ef          	jal	ra,9576 <_malloc_r>
    96aa:	892a                	mv	s2,a0
    96ac:	e11d                	bnez	a0,96d2 <__ssputs_r+0x82>
    96ae:	47b1                	li	a5,12
    96b0:	00faa023          	sw	a5,0(s5)
    96b4:	245e                	lhu	a5,12(s0)
    96b6:	557d                	li	a0,-1
    96b8:	0407e793          	ori	a5,a5,64
    96bc:	a45e                	sh	a5,12(s0)
    96be:	40f2                	lw	ra,28(sp)
    96c0:	4462                	lw	s0,24(sp)
    96c2:	44d2                	lw	s1,20(sp)
    96c4:	4942                	lw	s2,16(sp)
    96c6:	49b2                	lw	s3,12(sp)
    96c8:	4a22                	lw	s4,8(sp)
    96ca:	4a92                	lw	s5,4(sp)
    96cc:	4b02                	lw	s6,0(sp)
    96ce:	6105                	addi	sp,sp,32
    96d0:	8082                	ret
    96d2:	480c                	lw	a1,16(s0)
    96d4:	864e                	mv	a2,s3
    96d6:	b22ff0ef          	jal	ra,89f8 <memcpy>
    96da:	245e                	lhu	a5,12(s0)
    96dc:	b7f7f793          	andi	a5,a5,-1153
    96e0:	0807e793          	ori	a5,a5,128
    96e4:	a45e                	sh	a5,12(s0)
    96e6:	01242823          	sw	s2,16(s0)
    96ea:	c844                	sw	s1,20(s0)
    96ec:	994e                	add	s2,s2,s3
    96ee:	413484b3          	sub	s1,s1,s3
    96f2:	01242023          	sw	s2,0(s0)
    96f6:	c404                	sw	s1,8(s0)
    96f8:	8952                	mv	s2,s4
    96fa:	012a7363          	bgeu	s4,s2,9700 <__ssputs_r+0xb0>
    96fe:	8952                	mv	s2,s4
    9700:	4008                	lw	a0,0(s0)
    9702:	864a                	mv	a2,s2
    9704:	85da                	mv	a1,s6
    9706:	347000ef          	jal	ra,a24c <memmove>
    970a:	441c                	lw	a5,8(s0)
    970c:	4501                	li	a0,0
    970e:	412787b3          	sub	a5,a5,s2
    9712:	c41c                	sw	a5,8(s0)
    9714:	401c                	lw	a5,0(s0)
    9716:	993e                	add	s2,s2,a5
    9718:	01242023          	sw	s2,0(s0)
    971c:	b74d                	j	96be <__ssputs_r+0x6e>
    971e:	8626                	mv	a2,s1
    9720:	8556                	mv	a0,s5
    9722:	375000ef          	jal	ra,a296 <_realloc_r>
    9726:	892a                	mv	s2,a0
    9728:	fd5d                	bnez	a0,96e6 <__ssputs_r+0x96>
    972a:	480c                	lw	a1,16(s0)
    972c:	8556                	mv	a0,s5
    972e:	da1ff0ef          	jal	ra,94ce <_free_r>
    9732:	bfb5                	j	96ae <__ssputs_r+0x5e>

00009734 <_svfiprintf_r>:
    9734:	25de                	lhu	a5,12(a1)
    9736:	7171                	addi	sp,sp,-176
    9738:	d326                	sw	s1,164(sp)
    973a:	d14a                	sw	s2,160(sp)
    973c:	cf4e                	sw	s3,156(sp)
    973e:	d706                	sw	ra,172(sp)
    9740:	d522                	sw	s0,168(sp)
    9742:	cd52                	sw	s4,152(sp)
    9744:	cb56                	sw	s5,148(sp)
    9746:	c95a                	sw	s6,144(sp)
    9748:	c75e                	sw	s7,140(sp)
    974a:	c562                	sw	s8,136(sp)
    974c:	c366                	sw	s9,132(sp)
    974e:	0807f793          	andi	a5,a5,128
    9752:	89aa                	mv	s3,a0
    9754:	892e                	mv	s2,a1
    9756:	84b2                	mv	s1,a2
    9758:	c3b9                	beqz	a5,979e <_svfiprintf_r+0x6a>
    975a:	499c                	lw	a5,16(a1)
    975c:	e3a9                	bnez	a5,979e <_svfiprintf_r+0x6a>
    975e:	04000593          	li	a1,64
    9762:	c636                	sw	a3,12(sp)
    9764:	e13ff0ef          	jal	ra,9576 <_malloc_r>
    9768:	00a92023          	sw	a0,0(s2)
    976c:	00a92823          	sw	a0,16(s2)
    9770:	46b2                	lw	a3,12(sp)
    9772:	e115                	bnez	a0,9796 <_svfiprintf_r+0x62>
    9774:	47b1                	li	a5,12
    9776:	00f9a023          	sw	a5,0(s3)
    977a:	557d                	li	a0,-1
    977c:	50ba                	lw	ra,172(sp)
    977e:	542a                	lw	s0,168(sp)
    9780:	549a                	lw	s1,164(sp)
    9782:	590a                	lw	s2,160(sp)
    9784:	49fa                	lw	s3,156(sp)
    9786:	4a6a                	lw	s4,152(sp)
    9788:	4ada                	lw	s5,148(sp)
    978a:	4b4a                	lw	s6,144(sp)
    978c:	4bba                	lw	s7,140(sp)
    978e:	4c2a                	lw	s8,136(sp)
    9790:	4c9a                	lw	s9,132(sp)
    9792:	614d                	addi	sp,sp,176
    9794:	8082                	ret
    9796:	04000793          	li	a5,64
    979a:	00f92a23          	sw	a5,20(s2)
    979e:	02000793          	li	a5,32
    97a2:	02f10ca3          	sb	a5,57(sp)
    97a6:	03000793          	li	a5,48
    97aa:	da02                	sw	zero,52(sp)
    97ac:	02f10d23          	sb	a5,58(sp)
    97b0:	ce36                	sw	a3,28(sp)
    97b2:	02500b93          	li	s7,37
    97b6:	00001a97          	auipc	s5,0x1
    97ba:	f5aa8a93          	addi	s5,s5,-166 # a710 <__sf_fake_stdout+0x30>
    97be:	4c05                	li	s8,1
    97c0:	4b29                	li	s6,10
    97c2:	8426                	mv	s0,s1
    97c4:	201c                	lbu	a5,0(s0)
    97c6:	c399                	beqz	a5,97cc <_svfiprintf_r+0x98>
    97c8:	09779963          	bne	a5,s7,985a <_svfiprintf_r+0x126>
    97cc:	40940cb3          	sub	s9,s0,s1
    97d0:	000c8e63          	beqz	s9,97ec <_svfiprintf_r+0xb8>
    97d4:	86e6                	mv	a3,s9
    97d6:	8626                	mv	a2,s1
    97d8:	85ca                	mv	a1,s2
    97da:	854e                	mv	a0,s3
    97dc:	e75ff0ef          	jal	ra,9650 <__ssputs_r>
    97e0:	57fd                	li	a5,-1
    97e2:	18f50b63          	beq	a0,a5,9978 <_svfiprintf_r+0x244>
    97e6:	56d2                	lw	a3,52(sp)
    97e8:	96e6                	add	a3,a3,s9
    97ea:	da36                	sw	a3,52(sp)
    97ec:	201c                	lbu	a5,0(s0)
    97ee:	18078563          	beqz	a5,9978 <_svfiprintf_r+0x244>
    97f2:	57fd                	li	a5,-1
    97f4:	00140493          	addi	s1,s0,1
    97f8:	d002                	sw	zero,32(sp)
    97fa:	d602                	sw	zero,44(sp)
    97fc:	d23e                	sw	a5,36(sp)
    97fe:	d402                	sw	zero,40(sp)
    9800:	060101a3          	sb	zero,99(sp)
    9804:	dc82                	sw	zero,120(sp)
    9806:	208c                	lbu	a1,0(s1)
    9808:	4615                	li	a2,5
    980a:	8556                	mv	a0,s5
    980c:	229000ef          	jal	ra,a234 <memchr>
    9810:	00148413          	addi	s0,s1,1
    9814:	5782                	lw	a5,32(sp)
    9816:	e521                	bnez	a0,985e <_svfiprintf_r+0x12a>
    9818:	0107f713          	andi	a4,a5,16
    981c:	c709                	beqz	a4,9826 <_svfiprintf_r+0xf2>
    981e:	02000713          	li	a4,32
    9822:	06e101a3          	sb	a4,99(sp)
    9826:	0087f713          	andi	a4,a5,8
    982a:	c709                	beqz	a4,9834 <_svfiprintf_r+0x100>
    982c:	02b00713          	li	a4,43
    9830:	06e101a3          	sb	a4,99(sp)
    9834:	2094                	lbu	a3,0(s1)
    9836:	02a00713          	li	a4,42
    983a:	02e68a63          	beq	a3,a4,986e <_svfiprintf_r+0x13a>
    983e:	57b2                	lw	a5,44(sp)
    9840:	8426                	mv	s0,s1
    9842:	4681                	li	a3,0
    9844:	4625                	li	a2,9
    9846:	2018                	lbu	a4,0(s0)
    9848:	00140593          	addi	a1,s0,1
    984c:	fd070713          	addi	a4,a4,-48 # ffffdfd0 <_eusrstack+0xdffedfd0>
    9850:	06e67263          	bgeu	a2,a4,98b4 <_svfiprintf_r+0x180>
    9854:	c68d                	beqz	a3,987e <_svfiprintf_r+0x14a>
    9856:	d63e                	sw	a5,44(sp)
    9858:	a01d                	j	987e <_svfiprintf_r+0x14a>
    985a:	0405                	addi	s0,s0,1
    985c:	b7a5                	j	97c4 <_svfiprintf_r+0x90>
    985e:	41550533          	sub	a0,a0,s5
    9862:	00ac1533          	sll	a0,s8,a0
    9866:	8fc9                	or	a5,a5,a0
    9868:	d03e                	sw	a5,32(sp)
    986a:	84a2                	mv	s1,s0
    986c:	bf69                	j	9806 <_svfiprintf_r+0xd2>
    986e:	4772                	lw	a4,28(sp)
    9870:	00470693          	addi	a3,a4,4
    9874:	4318                	lw	a4,0(a4)
    9876:	ce36                	sw	a3,28(sp)
    9878:	02074763          	bltz	a4,98a6 <_svfiprintf_r+0x172>
    987c:	d63a                	sw	a4,44(sp)
    987e:	2018                	lbu	a4,0(s0)
    9880:	02e00793          	li	a5,46
    9884:	04f71d63          	bne	a4,a5,98de <_svfiprintf_r+0x1aa>
    9888:	3018                	lbu	a4,1(s0)
    988a:	02a00793          	li	a5,42
    988e:	02f71b63          	bne	a4,a5,98c4 <_svfiprintf_r+0x190>
    9892:	47f2                	lw	a5,28(sp)
    9894:	0409                	addi	s0,s0,2
    9896:	00478713          	addi	a4,a5,4
    989a:	439c                	lw	a5,0(a5)
    989c:	ce3a                	sw	a4,28(sp)
    989e:	0207c163          	bltz	a5,98c0 <_svfiprintf_r+0x18c>
    98a2:	d23e                	sw	a5,36(sp)
    98a4:	a82d                	j	98de <_svfiprintf_r+0x1aa>
    98a6:	40e00733          	neg	a4,a4
    98aa:	0027e793          	ori	a5,a5,2
    98ae:	d63a                	sw	a4,44(sp)
    98b0:	d03e                	sw	a5,32(sp)
    98b2:	b7f1                	j	987e <_svfiprintf_r+0x14a>
    98b4:	036787b3          	mul	a5,a5,s6
    98b8:	4685                	li	a3,1
    98ba:	842e                	mv	s0,a1
    98bc:	97ba                	add	a5,a5,a4
    98be:	b761                	j	9846 <_svfiprintf_r+0x112>
    98c0:	57fd                	li	a5,-1
    98c2:	b7c5                	j	98a2 <_svfiprintf_r+0x16e>
    98c4:	0405                	addi	s0,s0,1
    98c6:	d202                	sw	zero,36(sp)
    98c8:	4681                	li	a3,0
    98ca:	4781                	li	a5,0
    98cc:	4625                	li	a2,9
    98ce:	2018                	lbu	a4,0(s0)
    98d0:	00140593          	addi	a1,s0,1
    98d4:	fd070713          	addi	a4,a4,-48
    98d8:	06e67663          	bgeu	a2,a4,9944 <_svfiprintf_r+0x210>
    98dc:	f2f9                	bnez	a3,98a2 <_svfiprintf_r+0x16e>
    98de:	200c                	lbu	a1,0(s0)
    98e0:	460d                	li	a2,3
    98e2:	00001517          	auipc	a0,0x1
    98e6:	e3650513          	addi	a0,a0,-458 # a718 <__sf_fake_stdout+0x38>
    98ea:	14b000ef          	jal	ra,a234 <memchr>
    98ee:	cd11                	beqz	a0,990a <_svfiprintf_r+0x1d6>
    98f0:	00001797          	auipc	a5,0x1
    98f4:	e2878793          	addi	a5,a5,-472 # a718 <__sf_fake_stdout+0x38>
    98f8:	8d1d                	sub	a0,a0,a5
    98fa:	04000793          	li	a5,64
    98fe:	00a797b3          	sll	a5,a5,a0
    9902:	5502                	lw	a0,32(sp)
    9904:	0405                	addi	s0,s0,1
    9906:	8d5d                	or	a0,a0,a5
    9908:	d02a                	sw	a0,32(sp)
    990a:	200c                	lbu	a1,0(s0)
    990c:	4619                	li	a2,6
    990e:	00001517          	auipc	a0,0x1
    9912:	e0e50513          	addi	a0,a0,-498 # a71c <__sf_fake_stdout+0x3c>
    9916:	00140493          	addi	s1,s0,1
    991a:	02b10c23          	sb	a1,56(sp)
    991e:	117000ef          	jal	ra,a234 <memchr>
    9922:	c525                	beqz	a0,998a <_svfiprintf_r+0x256>
    9924:	ffff6797          	auipc	a5,0xffff6
    9928:	6dc78793          	addi	a5,a5,1756 # 0 <_sinit>
    992c:	e795                	bnez	a5,9958 <_svfiprintf_r+0x224>
    992e:	5702                	lw	a4,32(sp)
    9930:	47f2                	lw	a5,28(sp)
    9932:	10077713          	andi	a4,a4,256
    9936:	cf09                	beqz	a4,9950 <_svfiprintf_r+0x21c>
    9938:	0791                	addi	a5,a5,4
    993a:	ce3e                	sw	a5,28(sp)
    993c:	57d2                	lw	a5,52(sp)
    993e:	97d2                	add	a5,a5,s4
    9940:	da3e                	sw	a5,52(sp)
    9942:	b541                	j	97c2 <_svfiprintf_r+0x8e>
    9944:	036787b3          	mul	a5,a5,s6
    9948:	4685                	li	a3,1
    994a:	842e                	mv	s0,a1
    994c:	97ba                	add	a5,a5,a4
    994e:	b741                	j	98ce <_svfiprintf_r+0x19a>
    9950:	079d                	addi	a5,a5,7
    9952:	9be1                	andi	a5,a5,-8
    9954:	07a1                	addi	a5,a5,8
    9956:	b7d5                	j	993a <_svfiprintf_r+0x206>
    9958:	0878                	addi	a4,sp,28
    995a:	00000697          	auipc	a3,0x0
    995e:	cf668693          	addi	a3,a3,-778 # 9650 <__ssputs_r>
    9962:	864a                	mv	a2,s2
    9964:	100c                	addi	a1,sp,32
    9966:	854e                	mv	a0,s3
    9968:	00000097          	auipc	ra,0x0
    996c:	000000e7          	jalr	zero # 0 <_sinit>
    9970:	57fd                	li	a5,-1
    9972:	8a2a                	mv	s4,a0
    9974:	fcf514e3          	bne	a0,a5,993c <_svfiprintf_r+0x208>
    9978:	00c95783          	lhu	a5,12(s2)
    997c:	557d                	li	a0,-1
    997e:	0407f793          	andi	a5,a5,64
    9982:	de079de3          	bnez	a5,977c <_svfiprintf_r+0x48>
    9986:	5552                	lw	a0,52(sp)
    9988:	bbd5                	j	977c <_svfiprintf_r+0x48>
    998a:	0878                	addi	a4,sp,28
    998c:	00000697          	auipc	a3,0x0
    9990:	cc468693          	addi	a3,a3,-828 # 9650 <__ssputs_r>
    9994:	864a                	mv	a2,s2
    9996:	100c                	addi	a1,sp,32
    9998:	854e                	mv	a0,s3
    999a:	2109                	jal	9d9c <_printf_i>
    999c:	bfd1                	j	9970 <_svfiprintf_r+0x23c>

0000999e <__sfputc_r>:
    999e:	461c                	lw	a5,8(a2)
    99a0:	17fd                	addi	a5,a5,-1
    99a2:	c61c                	sw	a5,8(a2)
    99a4:	0007da63          	bgez	a5,99b8 <__sfputc_r+0x1a>
    99a8:	4e18                	lw	a4,24(a2)
    99aa:	00e7c563          	blt	a5,a4,99b4 <__sfputc_r+0x16>
    99ae:	47a9                	li	a5,10
    99b0:	00f59463          	bne	a1,a5,99b8 <__sfputc_r+0x1a>
    99b4:	c7eff06f          	j	8e32 <__swbuf_r>
    99b8:	421c                	lw	a5,0(a2)
    99ba:	852e                	mv	a0,a1
    99bc:	00178713          	addi	a4,a5,1
    99c0:	c218                	sw	a4,0(a2)
    99c2:	a38c                	sb	a1,0(a5)
    99c4:	8082                	ret

000099c6 <__sfputs_r>:
    99c6:	1101                	addi	sp,sp,-32
    99c8:	cc22                	sw	s0,24(sp)
    99ca:	ca26                	sw	s1,20(sp)
    99cc:	c84a                	sw	s2,16(sp)
    99ce:	c64e                	sw	s3,12(sp)
    99d0:	c452                	sw	s4,8(sp)
    99d2:	ce06                	sw	ra,28(sp)
    99d4:	892a                	mv	s2,a0
    99d6:	89ae                	mv	s3,a1
    99d8:	8432                	mv	s0,a2
    99da:	00d604b3          	add	s1,a2,a3
    99de:	5a7d                	li	s4,-1
    99e0:	00941463          	bne	s0,s1,99e8 <__sfputs_r+0x22>
    99e4:	4501                	li	a0,0
    99e6:	a809                	j	99f8 <__sfputs_r+0x32>
    99e8:	200c                	lbu	a1,0(s0)
    99ea:	864e                	mv	a2,s3
    99ec:	854a                	mv	a0,s2
    99ee:	fb1ff0ef          	jal	ra,999e <__sfputc_r>
    99f2:	0405                	addi	s0,s0,1
    99f4:	ff4516e3          	bne	a0,s4,99e0 <__sfputs_r+0x1a>
    99f8:	40f2                	lw	ra,28(sp)
    99fa:	4462                	lw	s0,24(sp)
    99fc:	44d2                	lw	s1,20(sp)
    99fe:	4942                	lw	s2,16(sp)
    9a00:	49b2                	lw	s3,12(sp)
    9a02:	4a22                	lw	s4,8(sp)
    9a04:	6105                	addi	sp,sp,32
    9a06:	8082                	ret

00009a08 <_vfiprintf_r>:
    9a08:	7135                	addi	sp,sp,-160
    9a0a:	cd22                	sw	s0,152(sp)
    9a0c:	cb26                	sw	s1,148(sp)
    9a0e:	c94a                	sw	s2,144(sp)
    9a10:	c74e                	sw	s3,140(sp)
    9a12:	cf06                	sw	ra,156(sp)
    9a14:	c552                	sw	s4,136(sp)
    9a16:	c356                	sw	s5,132(sp)
    9a18:	c15a                	sw	s6,128(sp)
    9a1a:	dede                	sw	s7,124(sp)
    9a1c:	dce2                	sw	s8,120(sp)
    9a1e:	dae6                	sw	s9,116(sp)
    9a20:	89aa                	mv	s3,a0
    9a22:	84ae                	mv	s1,a1
    9a24:	8932                	mv	s2,a2
    9a26:	8436                	mv	s0,a3
    9a28:	c509                	beqz	a0,9a32 <_vfiprintf_r+0x2a>
    9a2a:	4d1c                	lw	a5,24(a0)
    9a2c:	e399                	bnez	a5,9a32 <_vfiprintf_r+0x2a>
    9a2e:	809ff0ef          	jal	ra,9236 <__sinit>
    9a32:	00001797          	auipc	a5,0x1
    9a36:	c8e78793          	addi	a5,a5,-882 # a6c0 <__sf_fake_stdin>
    9a3a:	0cf49863          	bne	s1,a5,9b0a <_vfiprintf_r+0x102>
    9a3e:	0049a483          	lw	s1,4(s3)
    9a42:	24de                	lhu	a5,12(s1)
    9a44:	8ba1                	andi	a5,a5,8
    9a46:	c7e5                	beqz	a5,9b2e <_vfiprintf_r+0x126>
    9a48:	489c                	lw	a5,16(s1)
    9a4a:	c3f5                	beqz	a5,9b2e <_vfiprintf_r+0x126>
    9a4c:	02000793          	li	a5,32
    9a50:	02f104a3          	sb	a5,41(sp)
    9a54:	03000793          	li	a5,48
    9a58:	d202                	sw	zero,36(sp)
    9a5a:	02f10523          	sb	a5,42(sp)
    9a5e:	c622                	sw	s0,12(sp)
    9a60:	02500b93          	li	s7,37
    9a64:	00001a97          	auipc	s5,0x1
    9a68:	caca8a93          	addi	s5,s5,-852 # a710 <__sf_fake_stdout+0x30>
    9a6c:	4c05                	li	s8,1
    9a6e:	4b29                	li	s6,10
    9a70:	844a                	mv	s0,s2
    9a72:	201c                	lbu	a5,0(s0)
    9a74:	c399                	beqz	a5,9a7a <_vfiprintf_r+0x72>
    9a76:	0d779f63          	bne	a5,s7,9b54 <_vfiprintf_r+0x14c>
    9a7a:	41240cb3          	sub	s9,s0,s2
    9a7e:	000c8e63          	beqz	s9,9a9a <_vfiprintf_r+0x92>
    9a82:	86e6                	mv	a3,s9
    9a84:	864a                	mv	a2,s2
    9a86:	85a6                	mv	a1,s1
    9a88:	854e                	mv	a0,s3
    9a8a:	f3dff0ef          	jal	ra,99c6 <__sfputs_r>
    9a8e:	57fd                	li	a5,-1
    9a90:	1cf50f63          	beq	a0,a5,9c6e <_vfiprintf_r+0x266>
    9a94:	5692                	lw	a3,36(sp)
    9a96:	96e6                	add	a3,a3,s9
    9a98:	d236                	sw	a3,36(sp)
    9a9a:	201c                	lbu	a5,0(s0)
    9a9c:	1c078963          	beqz	a5,9c6e <_vfiprintf_r+0x266>
    9aa0:	57fd                	li	a5,-1
    9aa2:	00140913          	addi	s2,s0,1
    9aa6:	c802                	sw	zero,16(sp)
    9aa8:	ce02                	sw	zero,28(sp)
    9aaa:	ca3e                	sw	a5,20(sp)
    9aac:	cc02                	sw	zero,24(sp)
    9aae:	040109a3          	sb	zero,83(sp)
    9ab2:	d482                	sw	zero,104(sp)
    9ab4:	00094583          	lbu	a1,0(s2)
    9ab8:	4615                	li	a2,5
    9aba:	8556                	mv	a0,s5
    9abc:	2fa5                	jal	a234 <memchr>
    9abe:	00190413          	addi	s0,s2,1
    9ac2:	47c2                	lw	a5,16(sp)
    9ac4:	e951                	bnez	a0,9b58 <_vfiprintf_r+0x150>
    9ac6:	0107f713          	andi	a4,a5,16
    9aca:	c709                	beqz	a4,9ad4 <_vfiprintf_r+0xcc>
    9acc:	02000713          	li	a4,32
    9ad0:	04e109a3          	sb	a4,83(sp)
    9ad4:	0087f713          	andi	a4,a5,8
    9ad8:	c709                	beqz	a4,9ae2 <_vfiprintf_r+0xda>
    9ada:	02b00713          	li	a4,43
    9ade:	04e109a3          	sb	a4,83(sp)
    9ae2:	00094683          	lbu	a3,0(s2)
    9ae6:	02a00713          	li	a4,42
    9aea:	06e68f63          	beq	a3,a4,9b68 <_vfiprintf_r+0x160>
    9aee:	47f2                	lw	a5,28(sp)
    9af0:	844a                	mv	s0,s2
    9af2:	4681                	li	a3,0
    9af4:	4625                	li	a2,9
    9af6:	2018                	lbu	a4,0(s0)
    9af8:	00140593          	addi	a1,s0,1
    9afc:	fd070713          	addi	a4,a4,-48
    9b00:	0ae67763          	bgeu	a2,a4,9bae <_vfiprintf_r+0x1a6>
    9b04:	cab5                	beqz	a3,9b78 <_vfiprintf_r+0x170>
    9b06:	ce3e                	sw	a5,28(sp)
    9b08:	a885                	j	9b78 <_vfiprintf_r+0x170>
    9b0a:	00001797          	auipc	a5,0x1
    9b0e:	bd678793          	addi	a5,a5,-1066 # a6e0 <__sf_fake_stdout>
    9b12:	00f49563          	bne	s1,a5,9b1c <_vfiprintf_r+0x114>
    9b16:	0089a483          	lw	s1,8(s3)
    9b1a:	b725                	j	9a42 <_vfiprintf_r+0x3a>
    9b1c:	00001797          	auipc	a5,0x1
    9b20:	b8478793          	addi	a5,a5,-1148 # a6a0 <__sf_fake_stderr>
    9b24:	f0f49fe3          	bne	s1,a5,9a42 <_vfiprintf_r+0x3a>
    9b28:	00c9a483          	lw	s1,12(s3)
    9b2c:	bf19                	j	9a42 <_vfiprintf_r+0x3a>
    9b2e:	85a6                	mv	a1,s1
    9b30:	854e                	mv	a0,s3
    9b32:	bbcff0ef          	jal	ra,8eee <__swsetup_r>
    9b36:	d919                	beqz	a0,9a4c <_vfiprintf_r+0x44>
    9b38:	557d                	li	a0,-1
    9b3a:	40fa                	lw	ra,156(sp)
    9b3c:	446a                	lw	s0,152(sp)
    9b3e:	44da                	lw	s1,148(sp)
    9b40:	494a                	lw	s2,144(sp)
    9b42:	49ba                	lw	s3,140(sp)
    9b44:	4a2a                	lw	s4,136(sp)
    9b46:	4a9a                	lw	s5,132(sp)
    9b48:	4b0a                	lw	s6,128(sp)
    9b4a:	5bf6                	lw	s7,124(sp)
    9b4c:	5c66                	lw	s8,120(sp)
    9b4e:	5cd6                	lw	s9,116(sp)
    9b50:	610d                	addi	sp,sp,160
    9b52:	8082                	ret
    9b54:	0405                	addi	s0,s0,1
    9b56:	bf31                	j	9a72 <_vfiprintf_r+0x6a>
    9b58:	41550533          	sub	a0,a0,s5
    9b5c:	00ac1533          	sll	a0,s8,a0
    9b60:	8fc9                	or	a5,a5,a0
    9b62:	c83e                	sw	a5,16(sp)
    9b64:	8922                	mv	s2,s0
    9b66:	b7b9                	j	9ab4 <_vfiprintf_r+0xac>
    9b68:	4732                	lw	a4,12(sp)
    9b6a:	00470693          	addi	a3,a4,4
    9b6e:	4318                	lw	a4,0(a4)
    9b70:	c636                	sw	a3,12(sp)
    9b72:	02074763          	bltz	a4,9ba0 <_vfiprintf_r+0x198>
    9b76:	ce3a                	sw	a4,28(sp)
    9b78:	2018                	lbu	a4,0(s0)
    9b7a:	02e00793          	li	a5,46
    9b7e:	04f71d63          	bne	a4,a5,9bd8 <_vfiprintf_r+0x1d0>
    9b82:	3018                	lbu	a4,1(s0)
    9b84:	02a00793          	li	a5,42
    9b88:	02f71b63          	bne	a4,a5,9bbe <_vfiprintf_r+0x1b6>
    9b8c:	47b2                	lw	a5,12(sp)
    9b8e:	0409                	addi	s0,s0,2
    9b90:	00478713          	addi	a4,a5,4
    9b94:	439c                	lw	a5,0(a5)
    9b96:	c63a                	sw	a4,12(sp)
    9b98:	0207c163          	bltz	a5,9bba <_vfiprintf_r+0x1b2>
    9b9c:	ca3e                	sw	a5,20(sp)
    9b9e:	a82d                	j	9bd8 <_vfiprintf_r+0x1d0>
    9ba0:	40e00733          	neg	a4,a4
    9ba4:	0027e793          	ori	a5,a5,2
    9ba8:	ce3a                	sw	a4,28(sp)
    9baa:	c83e                	sw	a5,16(sp)
    9bac:	b7f1                	j	9b78 <_vfiprintf_r+0x170>
    9bae:	036787b3          	mul	a5,a5,s6
    9bb2:	4685                	li	a3,1
    9bb4:	842e                	mv	s0,a1
    9bb6:	97ba                	add	a5,a5,a4
    9bb8:	bf3d                	j	9af6 <_vfiprintf_r+0xee>
    9bba:	57fd                	li	a5,-1
    9bbc:	b7c5                	j	9b9c <_vfiprintf_r+0x194>
    9bbe:	0405                	addi	s0,s0,1
    9bc0:	ca02                	sw	zero,20(sp)
    9bc2:	4681                	li	a3,0
    9bc4:	4781                	li	a5,0
    9bc6:	4625                	li	a2,9
    9bc8:	2018                	lbu	a4,0(s0)
    9bca:	00140593          	addi	a1,s0,1
    9bce:	fd070713          	addi	a4,a4,-48
    9bd2:	06e67463          	bgeu	a2,a4,9c3a <_vfiprintf_r+0x232>
    9bd6:	f2f9                	bnez	a3,9b9c <_vfiprintf_r+0x194>
    9bd8:	200c                	lbu	a1,0(s0)
    9bda:	460d                	li	a2,3
    9bdc:	00001517          	auipc	a0,0x1
    9be0:	b3c50513          	addi	a0,a0,-1220 # a718 <__sf_fake_stdout+0x38>
    9be4:	2d81                	jal	a234 <memchr>
    9be6:	cd11                	beqz	a0,9c02 <_vfiprintf_r+0x1fa>
    9be8:	00001797          	auipc	a5,0x1
    9bec:	b3078793          	addi	a5,a5,-1232 # a718 <__sf_fake_stdout+0x38>
    9bf0:	8d1d                	sub	a0,a0,a5
    9bf2:	04000793          	li	a5,64
    9bf6:	00a797b3          	sll	a5,a5,a0
    9bfa:	4542                	lw	a0,16(sp)
    9bfc:	0405                	addi	s0,s0,1
    9bfe:	8d5d                	or	a0,a0,a5
    9c00:	c82a                	sw	a0,16(sp)
    9c02:	200c                	lbu	a1,0(s0)
    9c04:	4619                	li	a2,6
    9c06:	00001517          	auipc	a0,0x1
    9c0a:	b1650513          	addi	a0,a0,-1258 # a71c <__sf_fake_stdout+0x3c>
    9c0e:	00140913          	addi	s2,s0,1
    9c12:	02b10423          	sb	a1,40(sp)
    9c16:	2d39                	jal	a234 <memchr>
    9c18:	c135                	beqz	a0,9c7c <_vfiprintf_r+0x274>
    9c1a:	ffff6797          	auipc	a5,0xffff6
    9c1e:	3e678793          	addi	a5,a5,998 # 0 <_sinit>
    9c22:	e795                	bnez	a5,9c4e <_vfiprintf_r+0x246>
    9c24:	4742                	lw	a4,16(sp)
    9c26:	47b2                	lw	a5,12(sp)
    9c28:	10077713          	andi	a4,a4,256
    9c2c:	cf09                	beqz	a4,9c46 <_vfiprintf_r+0x23e>
    9c2e:	0791                	addi	a5,a5,4
    9c30:	c63e                	sw	a5,12(sp)
    9c32:	5792                	lw	a5,36(sp)
    9c34:	97d2                	add	a5,a5,s4
    9c36:	d23e                	sw	a5,36(sp)
    9c38:	bd25                	j	9a70 <_vfiprintf_r+0x68>
    9c3a:	036787b3          	mul	a5,a5,s6
    9c3e:	4685                	li	a3,1
    9c40:	842e                	mv	s0,a1
    9c42:	97ba                	add	a5,a5,a4
    9c44:	b751                	j	9bc8 <_vfiprintf_r+0x1c0>
    9c46:	079d                	addi	a5,a5,7
    9c48:	9be1                	andi	a5,a5,-8
    9c4a:	07a1                	addi	a5,a5,8
    9c4c:	b7d5                	j	9c30 <_vfiprintf_r+0x228>
    9c4e:	0078                	addi	a4,sp,12
    9c50:	00000697          	auipc	a3,0x0
    9c54:	d7668693          	addi	a3,a3,-650 # 99c6 <__sfputs_r>
    9c58:	8626                	mv	a2,s1
    9c5a:	080c                	addi	a1,sp,16
    9c5c:	854e                	mv	a0,s3
    9c5e:	00000097          	auipc	ra,0x0
    9c62:	000000e7          	jalr	zero # 0 <_sinit>
    9c66:	57fd                	li	a5,-1
    9c68:	8a2a                	mv	s4,a0
    9c6a:	fcf514e3          	bne	a0,a5,9c32 <_vfiprintf_r+0x22a>
    9c6e:	24de                	lhu	a5,12(s1)
    9c70:	0407f793          	andi	a5,a5,64
    9c74:	ec0792e3          	bnez	a5,9b38 <_vfiprintf_r+0x130>
    9c78:	5512                	lw	a0,36(sp)
    9c7a:	b5c1                	j	9b3a <_vfiprintf_r+0x132>
    9c7c:	0078                	addi	a4,sp,12
    9c7e:	00000697          	auipc	a3,0x0
    9c82:	d4868693          	addi	a3,a3,-696 # 99c6 <__sfputs_r>
    9c86:	8626                	mv	a2,s1
    9c88:	080c                	addi	a1,sp,16
    9c8a:	854e                	mv	a0,s3
    9c8c:	2a01                	jal	9d9c <_printf_i>
    9c8e:	bfe1                	j	9c66 <_vfiprintf_r+0x25e>

00009c90 <_printf_common>:
    9c90:	7179                	addi	sp,sp,-48
    9c92:	ca56                	sw	s5,20(sp)
    9c94:	499c                	lw	a5,16(a1)
    9c96:	8aba                	mv	s5,a4
    9c98:	4598                	lw	a4,8(a1)
    9c9a:	d422                	sw	s0,40(sp)
    9c9c:	d226                	sw	s1,36(sp)
    9c9e:	ce4e                	sw	s3,28(sp)
    9ca0:	cc52                	sw	s4,24(sp)
    9ca2:	d606                	sw	ra,44(sp)
    9ca4:	d04a                	sw	s2,32(sp)
    9ca6:	c85a                	sw	s6,16(sp)
    9ca8:	c65e                	sw	s7,12(sp)
    9caa:	89aa                	mv	s3,a0
    9cac:	842e                	mv	s0,a1
    9cae:	84b2                	mv	s1,a2
    9cb0:	8a36                	mv	s4,a3
    9cb2:	00e7d363          	bge	a5,a4,9cb8 <_printf_common+0x28>
    9cb6:	87ba                	mv	a5,a4
    9cb8:	c09c                	sw	a5,0(s1)
    9cba:	04344703          	lbu	a4,67(s0)
    9cbe:	c319                	beqz	a4,9cc4 <_printf_common+0x34>
    9cc0:	0785                	addi	a5,a5,1
    9cc2:	c09c                	sw	a5,0(s1)
    9cc4:	401c                	lw	a5,0(s0)
    9cc6:	0207f793          	andi	a5,a5,32
    9cca:	c781                	beqz	a5,9cd2 <_printf_common+0x42>
    9ccc:	409c                	lw	a5,0(s1)
    9cce:	0789                	addi	a5,a5,2
    9cd0:	c09c                	sw	a5,0(s1)
    9cd2:	00042903          	lw	s2,0(s0)
    9cd6:	00697913          	andi	s2,s2,6
    9cda:	00091a63          	bnez	s2,9cee <_printf_common+0x5e>
    9cde:	01940b13          	addi	s6,s0,25
    9ce2:	5bfd                	li	s7,-1
    9ce4:	445c                	lw	a5,12(s0)
    9ce6:	4098                	lw	a4,0(s1)
    9ce8:	8f99                	sub	a5,a5,a4
    9cea:	04f94c63          	blt	s2,a5,9d42 <_printf_common+0xb2>
    9cee:	401c                	lw	a5,0(s0)
    9cf0:	04344683          	lbu	a3,67(s0)
    9cf4:	0207f793          	andi	a5,a5,32
    9cf8:	00d036b3          	snez	a3,a3
    9cfc:	eba5                	bnez	a5,9d6c <_printf_common+0xdc>
    9cfe:	04340613          	addi	a2,s0,67
    9d02:	85d2                	mv	a1,s4
    9d04:	854e                	mv	a0,s3
    9d06:	9a82                	jalr	s5
    9d08:	57fd                	li	a5,-1
    9d0a:	04f50363          	beq	a0,a5,9d50 <_printf_common+0xc0>
    9d0e:	401c                	lw	a5,0(s0)
    9d10:	4611                	li	a2,4
    9d12:	4098                	lw	a4,0(s1)
    9d14:	8b99                	andi	a5,a5,6
    9d16:	4454                	lw	a3,12(s0)
    9d18:	4481                	li	s1,0
    9d1a:	00c79763          	bne	a5,a2,9d28 <_printf_common+0x98>
    9d1e:	40e684b3          	sub	s1,a3,a4
    9d22:	0004d363          	bgez	s1,9d28 <_printf_common+0x98>
    9d26:	4481                	li	s1,0
    9d28:	441c                	lw	a5,8(s0)
    9d2a:	4818                	lw	a4,16(s0)
    9d2c:	00f75463          	bge	a4,a5,9d34 <_printf_common+0xa4>
    9d30:	8f99                	sub	a5,a5,a4
    9d32:	94be                	add	s1,s1,a5
    9d34:	4901                	li	s2,0
    9d36:	0469                	addi	s0,s0,26
    9d38:	5b7d                	li	s6,-1
    9d3a:	05249863          	bne	s1,s2,9d8a <_printf_common+0xfa>
    9d3e:	4501                	li	a0,0
    9d40:	a809                	j	9d52 <_printf_common+0xc2>
    9d42:	4685                	li	a3,1
    9d44:	865a                	mv	a2,s6
    9d46:	85d2                	mv	a1,s4
    9d48:	854e                	mv	a0,s3
    9d4a:	9a82                	jalr	s5
    9d4c:	01751e63          	bne	a0,s7,9d68 <_printf_common+0xd8>
    9d50:	557d                	li	a0,-1
    9d52:	50b2                	lw	ra,44(sp)
    9d54:	5422                	lw	s0,40(sp)
    9d56:	5492                	lw	s1,36(sp)
    9d58:	5902                	lw	s2,32(sp)
    9d5a:	49f2                	lw	s3,28(sp)
    9d5c:	4a62                	lw	s4,24(sp)
    9d5e:	4ad2                	lw	s5,20(sp)
    9d60:	4b42                	lw	s6,16(sp)
    9d62:	4bb2                	lw	s7,12(sp)
    9d64:	6145                	addi	sp,sp,48
    9d66:	8082                	ret
    9d68:	0905                	addi	s2,s2,1
    9d6a:	bfad                	j	9ce4 <_printf_common+0x54>
    9d6c:	00d40733          	add	a4,s0,a3
    9d70:	03000613          	li	a2,48
    9d74:	04c701a3          	sb	a2,67(a4)
    9d78:	04544703          	lbu	a4,69(s0)
    9d7c:	00168793          	addi	a5,a3,1
    9d80:	97a2                	add	a5,a5,s0
    9d82:	0689                	addi	a3,a3,2
    9d84:	04e781a3          	sb	a4,67(a5)
    9d88:	bf9d                	j	9cfe <_printf_common+0x6e>
    9d8a:	4685                	li	a3,1
    9d8c:	8622                	mv	a2,s0
    9d8e:	85d2                	mv	a1,s4
    9d90:	854e                	mv	a0,s3
    9d92:	9a82                	jalr	s5
    9d94:	fb650ee3          	beq	a0,s6,9d50 <_printf_common+0xc0>
    9d98:	0905                	addi	s2,s2,1
    9d9a:	b745                	j	9d3a <_printf_common+0xaa>

00009d9c <_printf_i>:
    9d9c:	7179                	addi	sp,sp,-48
    9d9e:	d422                	sw	s0,40(sp)
    9da0:	d226                	sw	s1,36(sp)
    9da2:	d04a                	sw	s2,32(sp)
    9da4:	ce4e                	sw	s3,28(sp)
    9da6:	d606                	sw	ra,44(sp)
    9da8:	cc52                	sw	s4,24(sp)
    9daa:	ca56                	sw	s5,20(sp)
    9dac:	c85a                	sw	s6,16(sp)
    9dae:	89b6                	mv	s3,a3
    9db0:	2d94                	lbu	a3,24(a1)
    9db2:	06900793          	li	a5,105
    9db6:	8932                	mv	s2,a2
    9db8:	84aa                	mv	s1,a0
    9dba:	842e                	mv	s0,a1
    9dbc:	04358613          	addi	a2,a1,67
    9dc0:	02f68d63          	beq	a3,a5,9dfa <_printf_i+0x5e>
    9dc4:	06d7e263          	bltu	a5,a3,9e28 <_printf_i+0x8c>
    9dc8:	05800793          	li	a5,88
    9dcc:	18f68663          	beq	a3,a5,9f58 <_printf_i+0x1bc>
    9dd0:	00d7ed63          	bltu	a5,a3,9dea <_printf_i+0x4e>
    9dd4:	20068e63          	beqz	a3,9ff0 <_printf_i+0x254>
    9dd8:	04300793          	li	a5,67
    9ddc:	0af68e63          	beq	a3,a5,9e98 <_printf_i+0xfc>
    9de0:	04240a93          	addi	s5,s0,66
    9de4:	04d40123          	sb	a3,66(s0)
    9de8:	a0c9                	j	9eaa <_printf_i+0x10e>
    9dea:	06300793          	li	a5,99
    9dee:	0af68563          	beq	a3,a5,9e98 <_printf_i+0xfc>
    9df2:	06400793          	li	a5,100
    9df6:	fef695e3          	bne	a3,a5,9de0 <_printf_i+0x44>
    9dfa:	401c                	lw	a5,0(s0)
    9dfc:	4308                	lw	a0,0(a4)
    9dfe:	0807f693          	andi	a3,a5,128
    9e02:	00450593          	addi	a1,a0,4
    9e06:	c6c5                	beqz	a3,9eae <_printf_i+0x112>
    9e08:	411c                	lw	a5,0(a0)
    9e0a:	c30c                	sw	a1,0(a4)
    9e0c:	0007d863          	bgez	a5,9e1c <_printf_i+0x80>
    9e10:	02d00713          	li	a4,45
    9e14:	40f007b3          	neg	a5,a5
    9e18:	04e401a3          	sb	a4,67(s0)
    9e1c:	00001697          	auipc	a3,0x1
    9e20:	90868693          	addi	a3,a3,-1784 # a724 <__sf_fake_stdout+0x44>
    9e24:	4729                	li	a4,10
    9e26:	a865                	j	9ede <_printf_i+0x142>
    9e28:	07000793          	li	a5,112
    9e2c:	16f68263          	beq	a3,a5,9f90 <_printf_i+0x1f4>
    9e30:	02d7e563          	bltu	a5,a3,9e5a <_printf_i+0xbe>
    9e34:	06e00793          	li	a5,110
    9e38:	18f68963          	beq	a3,a5,9fca <_printf_i+0x22e>
    9e3c:	06f00793          	li	a5,111
    9e40:	faf690e3          	bne	a3,a5,9de0 <_printf_i+0x44>
    9e44:	400c                	lw	a1,0(s0)
    9e46:	431c                	lw	a5,0(a4)
    9e48:	0805f813          	andi	a6,a1,128
    9e4c:	00478513          	addi	a0,a5,4
    9e50:	06080763          	beqz	a6,9ebe <_printf_i+0x122>
    9e54:	c308                	sw	a0,0(a4)
    9e56:	439c                	lw	a5,0(a5)
    9e58:	a885                	j	9ec8 <_printf_i+0x12c>
    9e5a:	07500793          	li	a5,117
    9e5e:	fef683e3          	beq	a3,a5,9e44 <_printf_i+0xa8>
    9e62:	07800793          	li	a5,120
    9e66:	12f68963          	beq	a3,a5,9f98 <_printf_i+0x1fc>
    9e6a:	07300793          	li	a5,115
    9e6e:	f6f699e3          	bne	a3,a5,9de0 <_printf_i+0x44>
    9e72:	431c                	lw	a5,0(a4)
    9e74:	41d0                	lw	a2,4(a1)
    9e76:	4581                	li	a1,0
    9e78:	00478693          	addi	a3,a5,4
    9e7c:	c314                	sw	a3,0(a4)
    9e7e:	0007aa83          	lw	s5,0(a5)
    9e82:	8556                	mv	a0,s5
    9e84:	2e45                	jal	a234 <memchr>
    9e86:	c501                	beqz	a0,9e8e <_printf_i+0xf2>
    9e88:	41550533          	sub	a0,a0,s5
    9e8c:	c048                	sw	a0,4(s0)
    9e8e:	405c                	lw	a5,4(s0)
    9e90:	c81c                	sw	a5,16(s0)
    9e92:	040401a3          	sb	zero,67(s0)
    9e96:	a861                	j	9f2e <_printf_i+0x192>
    9e98:	431c                	lw	a5,0(a4)
    9e9a:	04240a93          	addi	s5,s0,66
    9e9e:	00478693          	addi	a3,a5,4
    9ea2:	439c                	lw	a5,0(a5)
    9ea4:	c314                	sw	a3,0(a4)
    9ea6:	04f40123          	sb	a5,66(s0)
    9eaa:	4785                	li	a5,1
    9eac:	b7d5                	j	9e90 <_printf_i+0xf4>
    9eae:	0407f693          	andi	a3,a5,64
    9eb2:	411c                	lw	a5,0(a0)
    9eb4:	c30c                	sw	a1,0(a4)
    9eb6:	dab9                	beqz	a3,9e0c <_printf_i+0x70>
    9eb8:	07c2                	slli	a5,a5,0x10
    9eba:	87c1                	srai	a5,a5,0x10
    9ebc:	bf81                	j	9e0c <_printf_i+0x70>
    9ebe:	0405f593          	andi	a1,a1,64
    9ec2:	c308                	sw	a0,0(a4)
    9ec4:	d9c9                	beqz	a1,9e56 <_printf_i+0xba>
    9ec6:	239e                	lhu	a5,0(a5)
    9ec8:	06f00713          	li	a4,111
    9ecc:	0ee68763          	beq	a3,a4,9fba <_printf_i+0x21e>
    9ed0:	00001697          	auipc	a3,0x1
    9ed4:	85468693          	addi	a3,a3,-1964 # a724 <__sf_fake_stdout+0x44>
    9ed8:	4729                	li	a4,10
    9eda:	040401a3          	sb	zero,67(s0)
    9ede:	404c                	lw	a1,4(s0)
    9ee0:	c40c                	sw	a1,8(s0)
    9ee2:	0005c563          	bltz	a1,9eec <_printf_i+0x150>
    9ee6:	4008                	lw	a0,0(s0)
    9ee8:	996d                	andi	a0,a0,-5
    9eea:	c008                	sw	a0,0(s0)
    9eec:	e399                	bnez	a5,9ef2 <_printf_i+0x156>
    9eee:	8ab2                	mv	s5,a2
    9ef0:	cd89                	beqz	a1,9f0a <_printf_i+0x16e>
    9ef2:	8ab2                	mv	s5,a2
    9ef4:	02e7f5b3          	remu	a1,a5,a4
    9ef8:	1afd                	addi	s5,s5,-1
    9efa:	95b6                	add	a1,a1,a3
    9efc:	218c                	lbu	a1,0(a1)
    9efe:	00ba8023          	sb	a1,0(s5)
    9f02:	02e7d5b3          	divu	a1,a5,a4
    9f06:	0ce7f063          	bgeu	a5,a4,9fc6 <_printf_i+0x22a>
    9f0a:	47a1                	li	a5,8
    9f0c:	00f71e63          	bne	a4,a5,9f28 <_printf_i+0x18c>
    9f10:	401c                	lw	a5,0(s0)
    9f12:	8b85                	andi	a5,a5,1
    9f14:	cb91                	beqz	a5,9f28 <_printf_i+0x18c>
    9f16:	4058                	lw	a4,4(s0)
    9f18:	481c                	lw	a5,16(s0)
    9f1a:	00e7c763          	blt	a5,a4,9f28 <_printf_i+0x18c>
    9f1e:	03000793          	li	a5,48
    9f22:	fefa8fa3          	sb	a5,-1(s5)
    9f26:	1afd                	addi	s5,s5,-1
    9f28:	41560633          	sub	a2,a2,s5
    9f2c:	c810                	sw	a2,16(s0)
    9f2e:	874e                	mv	a4,s3
    9f30:	86ca                	mv	a3,s2
    9f32:	0070                	addi	a2,sp,12
    9f34:	85a2                	mv	a1,s0
    9f36:	8526                	mv	a0,s1
    9f38:	d59ff0ef          	jal	ra,9c90 <_printf_common>
    9f3c:	5a7d                	li	s4,-1
    9f3e:	0b451d63          	bne	a0,s4,9ff8 <_printf_i+0x25c>
    9f42:	557d                	li	a0,-1
    9f44:	50b2                	lw	ra,44(sp)
    9f46:	5422                	lw	s0,40(sp)
    9f48:	5492                	lw	s1,36(sp)
    9f4a:	5902                	lw	s2,32(sp)
    9f4c:	49f2                	lw	s3,28(sp)
    9f4e:	4a62                	lw	s4,24(sp)
    9f50:	4ad2                	lw	s5,20(sp)
    9f52:	4b42                	lw	s6,16(sp)
    9f54:	6145                	addi	sp,sp,48
    9f56:	8082                	ret
    9f58:	04d582a3          	sb	a3,69(a1)
    9f5c:	00000697          	auipc	a3,0x0
    9f60:	7c868693          	addi	a3,a3,1992 # a724 <__sf_fake_stdout+0x44>
    9f64:	400c                	lw	a1,0(s0)
    9f66:	4308                	lw	a0,0(a4)
    9f68:	0805f813          	andi	a6,a1,128
    9f6c:	411c                	lw	a5,0(a0)
    9f6e:	0511                	addi	a0,a0,4
    9f70:	02080d63          	beqz	a6,9faa <_printf_i+0x20e>
    9f74:	c308                	sw	a0,0(a4)
    9f76:	0015f713          	andi	a4,a1,1
    9f7a:	c701                	beqz	a4,9f82 <_printf_i+0x1e6>
    9f7c:	0205e593          	ori	a1,a1,32
    9f80:	c00c                	sw	a1,0(s0)
    9f82:	4741                	li	a4,16
    9f84:	fbb9                	bnez	a5,9eda <_printf_i+0x13e>
    9f86:	400c                	lw	a1,0(s0)
    9f88:	fdf5f593          	andi	a1,a1,-33
    9f8c:	c00c                	sw	a1,0(s0)
    9f8e:	b7b1                	j	9eda <_printf_i+0x13e>
    9f90:	419c                	lw	a5,0(a1)
    9f92:	0207e793          	ori	a5,a5,32
    9f96:	c19c                	sw	a5,0(a1)
    9f98:	07800793          	li	a5,120
    9f9c:	04f402a3          	sb	a5,69(s0)
    9fa0:	00000697          	auipc	a3,0x0
    9fa4:	79868693          	addi	a3,a3,1944 # a738 <__sf_fake_stdout+0x58>
    9fa8:	bf75                	j	9f64 <_printf_i+0x1c8>
    9faa:	0405f813          	andi	a6,a1,64
    9fae:	c308                	sw	a0,0(a4)
    9fb0:	fc0803e3          	beqz	a6,9f76 <_printf_i+0x1da>
    9fb4:	07c2                	slli	a5,a5,0x10
    9fb6:	83c1                	srli	a5,a5,0x10
    9fb8:	bf7d                	j	9f76 <_printf_i+0x1da>
    9fba:	00000697          	auipc	a3,0x0
    9fbe:	76a68693          	addi	a3,a3,1898 # a724 <__sf_fake_stdout+0x44>
    9fc2:	4721                	li	a4,8
    9fc4:	bf19                	j	9eda <_printf_i+0x13e>
    9fc6:	87ae                	mv	a5,a1
    9fc8:	b735                	j	9ef4 <_printf_i+0x158>
    9fca:	4194                	lw	a3,0(a1)
    9fcc:	431c                	lw	a5,0(a4)
    9fce:	49cc                	lw	a1,20(a1)
    9fd0:	0806f813          	andi	a6,a3,128
    9fd4:	00478513          	addi	a0,a5,4
    9fd8:	00080663          	beqz	a6,9fe4 <_printf_i+0x248>
    9fdc:	c308                	sw	a0,0(a4)
    9fde:	439c                	lw	a5,0(a5)
    9fe0:	c38c                	sw	a1,0(a5)
    9fe2:	a039                	j	9ff0 <_printf_i+0x254>
    9fe4:	c308                	sw	a0,0(a4)
    9fe6:	0406f693          	andi	a3,a3,64
    9fea:	439c                	lw	a5,0(a5)
    9fec:	daf5                	beqz	a3,9fe0 <_printf_i+0x244>
    9fee:	a38e                	sh	a1,0(a5)
    9ff0:	00042823          	sw	zero,16(s0)
    9ff4:	8ab2                	mv	s5,a2
    9ff6:	bf25                	j	9f2e <_printf_i+0x192>
    9ff8:	4814                	lw	a3,16(s0)
    9ffa:	8656                	mv	a2,s5
    9ffc:	85ca                	mv	a1,s2
    9ffe:	8526                	mv	a0,s1
    a000:	9982                	jalr	s3
    a002:	f54500e3          	beq	a0,s4,9f42 <_printf_i+0x1a6>
    a006:	401c                	lw	a5,0(s0)
    a008:	8b89                	andi	a5,a5,2
    a00a:	e78d                	bnez	a5,a034 <_printf_i+0x298>
    a00c:	47b2                	lw	a5,12(sp)
    a00e:	4448                	lw	a0,12(s0)
    a010:	f2f55ae3          	bge	a0,a5,9f44 <_printf_i+0x1a8>
    a014:	853e                	mv	a0,a5
    a016:	b73d                	j	9f44 <_printf_i+0x1a8>
    a018:	4685                	li	a3,1
    a01a:	8656                	mv	a2,s5
    a01c:	85ca                	mv	a1,s2
    a01e:	8526                	mv	a0,s1
    a020:	9982                	jalr	s3
    a022:	f36500e3          	beq	a0,s6,9f42 <_printf_i+0x1a6>
    a026:	0a05                	addi	s4,s4,1
    a028:	445c                	lw	a5,12(s0)
    a02a:	4732                	lw	a4,12(sp)
    a02c:	8f99                	sub	a5,a5,a4
    a02e:	fefa45e3          	blt	s4,a5,a018 <_printf_i+0x27c>
    a032:	bfe9                	j	a00c <_printf_i+0x270>
    a034:	4a01                	li	s4,0
    a036:	01940a93          	addi	s5,s0,25
    a03a:	5b7d                	li	s6,-1
    a03c:	b7f5                	j	a028 <_printf_i+0x28c>

0000a03e <_sbrk_r>:
    a03e:	1141                	addi	sp,sp,-16
    a040:	c422                	sw	s0,8(sp)
    a042:	842a                	mv	s0,a0
    a044:	852e                	mv	a0,a1
    a046:	1fffd797          	auipc	a5,0x1fffd
    a04a:	a807af23          	sw	zero,-1378(a5) # 20006ae4 <errno>
    a04e:	c606                	sw	ra,12(sp)
    a050:	f3df70ef          	jal	ra,1f8c <_sbrk>
    a054:	57fd                	li	a5,-1
    a056:	00f51963          	bne	a0,a5,a068 <_sbrk_r+0x2a>
    a05a:	1fffd797          	auipc	a5,0x1fffd
    a05e:	a8a78793          	addi	a5,a5,-1398 # 20006ae4 <errno>
    a062:	439c                	lw	a5,0(a5)
    a064:	c391                	beqz	a5,a068 <_sbrk_r+0x2a>
    a066:	c01c                	sw	a5,0(s0)
    a068:	40b2                	lw	ra,12(sp)
    a06a:	4422                	lw	s0,8(sp)
    a06c:	0141                	addi	sp,sp,16
    a06e:	8082                	ret

0000a070 <__sread>:
    a070:	1141                	addi	sp,sp,-16
    a072:	c422                	sw	s0,8(sp)
    a074:	842e                	mv	s0,a1
    a076:	00e59583          	lh	a1,14(a1)
    a07a:	c606                	sw	ra,12(sp)
    a07c:	2c8d                	jal	a2ee <_read_r>
    a07e:	00054963          	bltz	a0,a090 <__sread+0x20>
    a082:	487c                	lw	a5,84(s0)
    a084:	97aa                	add	a5,a5,a0
    a086:	c87c                	sw	a5,84(s0)
    a088:	40b2                	lw	ra,12(sp)
    a08a:	4422                	lw	s0,8(sp)
    a08c:	0141                	addi	sp,sp,16
    a08e:	8082                	ret
    a090:	245e                	lhu	a5,12(s0)
    a092:	777d                	lui	a4,0xfffff
    a094:	177d                	addi	a4,a4,-1
    a096:	8ff9                	and	a5,a5,a4
    a098:	a45e                	sh	a5,12(s0)
    a09a:	b7fd                	j	a088 <__sread+0x18>

0000a09c <__swrite>:
    a09c:	25de                	lhu	a5,12(a1)
    a09e:	1101                	addi	sp,sp,-32
    a0a0:	cc22                	sw	s0,24(sp)
    a0a2:	ca26                	sw	s1,20(sp)
    a0a4:	c84a                	sw	s2,16(sp)
    a0a6:	c64e                	sw	s3,12(sp)
    a0a8:	ce06                	sw	ra,28(sp)
    a0aa:	1007f793          	andi	a5,a5,256
    a0ae:	84aa                	mv	s1,a0
    a0b0:	842e                	mv	s0,a1
    a0b2:	8932                	mv	s2,a2
    a0b4:	89b6                	mv	s3,a3
    a0b6:	c791                	beqz	a5,a0c2 <__swrite+0x26>
    a0b8:	00e59583          	lh	a1,14(a1)
    a0bc:	4689                	li	a3,2
    a0be:	4601                	li	a2,0
    a0c0:	2281                	jal	a200 <_lseek_r>
    a0c2:	245e                	lhu	a5,12(s0)
    a0c4:	777d                	lui	a4,0xfffff
    a0c6:	177d                	addi	a4,a4,-1
    a0c8:	8ff9                	and	a5,a5,a4
    a0ca:	a45e                	sh	a5,12(s0)
    a0cc:	00e41583          	lh	a1,14(s0)
    a0d0:	4462                	lw	s0,24(sp)
    a0d2:	40f2                	lw	ra,28(sp)
    a0d4:	86ce                	mv	a3,s3
    a0d6:	864a                	mv	a2,s2
    a0d8:	49b2                	lw	s3,12(sp)
    a0da:	4942                	lw	s2,16(sp)
    a0dc:	8526                	mv	a0,s1
    a0de:	44d2                	lw	s1,20(sp)
    a0e0:	6105                	addi	sp,sp,32
    a0e2:	a899                	j	a138 <_write_r>

0000a0e4 <__sseek>:
    a0e4:	1141                	addi	sp,sp,-16
    a0e6:	c422                	sw	s0,8(sp)
    a0e8:	842e                	mv	s0,a1
    a0ea:	00e59583          	lh	a1,14(a1)
    a0ee:	c606                	sw	ra,12(sp)
    a0f0:	2a01                	jal	a200 <_lseek_r>
    a0f2:	57fd                	li	a5,-1
    a0f4:	245a                	lhu	a4,12(s0)
    a0f6:	00f51a63          	bne	a0,a5,a10a <__sseek+0x26>
    a0fa:	77fd                	lui	a5,0xfffff
    a0fc:	17fd                	addi	a5,a5,-1
    a0fe:	8ff9                	and	a5,a5,a4
    a100:	a45e                	sh	a5,12(s0)
    a102:	40b2                	lw	ra,12(sp)
    a104:	4422                	lw	s0,8(sp)
    a106:	0141                	addi	sp,sp,16
    a108:	8082                	ret
    a10a:	6785                	lui	a5,0x1
    a10c:	8fd9                	or	a5,a5,a4
    a10e:	a45e                	sh	a5,12(s0)
    a110:	c868                	sw	a0,84(s0)
    a112:	bfc5                	j	a102 <__sseek+0x1e>

0000a114 <__sclose>:
    a114:	00e59583          	lh	a1,14(a1)
    a118:	a899                	j	a16e <_close_r>

0000a11a <__ascii_wctomb>:
    a11a:	cd89                	beqz	a1,a134 <__ascii_wctomb+0x1a>
    a11c:	0ff00793          	li	a5,255
    a120:	00c7f763          	bgeu	a5,a2,a12e <__ascii_wctomb+0x14>
    a124:	08a00793          	li	a5,138
    a128:	c11c                	sw	a5,0(a0)
    a12a:	557d                	li	a0,-1
    a12c:	8082                	ret
    a12e:	a190                	sb	a2,0(a1)
    a130:	4505                	li	a0,1
    a132:	8082                	ret
    a134:	4501                	li	a0,0
    a136:	8082                	ret

0000a138 <_write_r>:
    a138:	1141                	addi	sp,sp,-16
    a13a:	c422                	sw	s0,8(sp)
    a13c:	842a                	mv	s0,a0
    a13e:	852e                	mv	a0,a1
    a140:	85b2                	mv	a1,a2
    a142:	8636                	mv	a2,a3
    a144:	1fffd797          	auipc	a5,0x1fffd
    a148:	9a07a023          	sw	zero,-1632(a5) # 20006ae4 <errno>
    a14c:	c606                	sw	ra,12(sp)
    a14e:	e01f70ef          	jal	ra,1f4e <_write>
    a152:	57fd                	li	a5,-1
    a154:	00f51963          	bne	a0,a5,a166 <_write_r+0x2e>
    a158:	1fffd797          	auipc	a5,0x1fffd
    a15c:	98c78793          	addi	a5,a5,-1652 # 20006ae4 <errno>
    a160:	439c                	lw	a5,0(a5)
    a162:	c391                	beqz	a5,a166 <_write_r+0x2e>
    a164:	c01c                	sw	a5,0(s0)
    a166:	40b2                	lw	ra,12(sp)
    a168:	4422                	lw	s0,8(sp)
    a16a:	0141                	addi	sp,sp,16
    a16c:	8082                	ret

0000a16e <_close_r>:
    a16e:	1141                	addi	sp,sp,-16
    a170:	c422                	sw	s0,8(sp)
    a172:	842a                	mv	s0,a0
    a174:	852e                	mv	a0,a1
    a176:	1fffd797          	auipc	a5,0x1fffd
    a17a:	9607a723          	sw	zero,-1682(a5) # 20006ae4 <errno>
    a17e:	c606                	sw	ra,12(sp)
    a180:	2a5d                	jal	a336 <_close>
    a182:	57fd                	li	a5,-1
    a184:	00f51963          	bne	a0,a5,a196 <_close_r+0x28>
    a188:	1fffd797          	auipc	a5,0x1fffd
    a18c:	95c78793          	addi	a5,a5,-1700 # 20006ae4 <errno>
    a190:	439c                	lw	a5,0(a5)
    a192:	c391                	beqz	a5,a196 <_close_r+0x28>
    a194:	c01c                	sw	a5,0(s0)
    a196:	40b2                	lw	ra,12(sp)
    a198:	4422                	lw	s0,8(sp)
    a19a:	0141                	addi	sp,sp,16
    a19c:	8082                	ret

0000a19e <_fstat_r>:
    a19e:	1141                	addi	sp,sp,-16
    a1a0:	c422                	sw	s0,8(sp)
    a1a2:	842a                	mv	s0,a0
    a1a4:	852e                	mv	a0,a1
    a1a6:	85b2                	mv	a1,a2
    a1a8:	1fffd797          	auipc	a5,0x1fffd
    a1ac:	9207ae23          	sw	zero,-1732(a5) # 20006ae4 <errno>
    a1b0:	c606                	sw	ra,12(sp)
    a1b2:	2a51                	jal	a346 <_fstat>
    a1b4:	57fd                	li	a5,-1
    a1b6:	00f51963          	bne	a0,a5,a1c8 <_fstat_r+0x2a>
    a1ba:	1fffd797          	auipc	a5,0x1fffd
    a1be:	92a78793          	addi	a5,a5,-1750 # 20006ae4 <errno>
    a1c2:	439c                	lw	a5,0(a5)
    a1c4:	c391                	beqz	a5,a1c8 <_fstat_r+0x2a>
    a1c6:	c01c                	sw	a5,0(s0)
    a1c8:	40b2                	lw	ra,12(sp)
    a1ca:	4422                	lw	s0,8(sp)
    a1cc:	0141                	addi	sp,sp,16
    a1ce:	8082                	ret

0000a1d0 <_isatty_r>:
    a1d0:	1141                	addi	sp,sp,-16
    a1d2:	c422                	sw	s0,8(sp)
    a1d4:	842a                	mv	s0,a0
    a1d6:	852e                	mv	a0,a1
    a1d8:	1fffd797          	auipc	a5,0x1fffd
    a1dc:	9007a623          	sw	zero,-1780(a5) # 20006ae4 <errno>
    a1e0:	c606                	sw	ra,12(sp)
    a1e2:	2a95                	jal	a356 <_isatty>
    a1e4:	57fd                	li	a5,-1
    a1e6:	00f51963          	bne	a0,a5,a1f8 <_isatty_r+0x28>
    a1ea:	1fffd797          	auipc	a5,0x1fffd
    a1ee:	8fa78793          	addi	a5,a5,-1798 # 20006ae4 <errno>
    a1f2:	439c                	lw	a5,0(a5)
    a1f4:	c391                	beqz	a5,a1f8 <_isatty_r+0x28>
    a1f6:	c01c                	sw	a5,0(s0)
    a1f8:	40b2                	lw	ra,12(sp)
    a1fa:	4422                	lw	s0,8(sp)
    a1fc:	0141                	addi	sp,sp,16
    a1fe:	8082                	ret

0000a200 <_lseek_r>:
    a200:	1141                	addi	sp,sp,-16
    a202:	c422                	sw	s0,8(sp)
    a204:	842a                	mv	s0,a0
    a206:	852e                	mv	a0,a1
    a208:	85b2                	mv	a1,a2
    a20a:	8636                	mv	a2,a3
    a20c:	1fffd797          	auipc	a5,0x1fffd
    a210:	8c07ac23          	sw	zero,-1832(a5) # 20006ae4 <errno>
    a214:	c606                	sw	ra,12(sp)
    a216:	2a81                	jal	a366 <_lseek>
    a218:	57fd                	li	a5,-1
    a21a:	00f51963          	bne	a0,a5,a22c <_lseek_r+0x2c>
    a21e:	1fffd797          	auipc	a5,0x1fffd
    a222:	8c678793          	addi	a5,a5,-1850 # 20006ae4 <errno>
    a226:	439c                	lw	a5,0(a5)
    a228:	c391                	beqz	a5,a22c <_lseek_r+0x2c>
    a22a:	c01c                	sw	a5,0(s0)
    a22c:	40b2                	lw	ra,12(sp)
    a22e:	4422                	lw	s0,8(sp)
    a230:	0141                	addi	sp,sp,16
    a232:	8082                	ret

0000a234 <memchr>:
    a234:	0ff5f593          	andi	a1,a1,255
    a238:	962a                	add	a2,a2,a0
    a23a:	00c51463          	bne	a0,a2,a242 <memchr+0xe>
    a23e:	4501                	li	a0,0
    a240:	8082                	ret
    a242:	211c                	lbu	a5,0(a0)
    a244:	feb78ee3          	beq	a5,a1,a240 <memchr+0xc>
    a248:	0505                	addi	a0,a0,1
    a24a:	bfc5                	j	a23a <memchr+0x6>

0000a24c <memmove>:
    a24c:	04a5f163          	bgeu	a1,a0,a28e <memmove+0x42>
    a250:	00c586b3          	add	a3,a1,a2
    a254:	02d57d63          	bgeu	a0,a3,a28e <memmove+0x42>
    a258:	fff64593          	not	a1,a2
    a25c:	4781                	li	a5,0
    a25e:	17fd                	addi	a5,a5,-1
    a260:	00f59363          	bne	a1,a5,a266 <memmove+0x1a>
    a264:	8082                	ret
    a266:	00f68733          	add	a4,a3,a5
    a26a:	00074803          	lbu	a6,0(a4) # fffff000 <_eusrstack+0xdffef000>
    a26e:	00c78733          	add	a4,a5,a2
    a272:	972a                	add	a4,a4,a0
    a274:	01070023          	sb	a6,0(a4)
    a278:	b7dd                	j	a25e <memmove+0x12>
    a27a:	00f58733          	add	a4,a1,a5
    a27e:	2314                	lbu	a3,0(a4)
    a280:	00f50733          	add	a4,a0,a5
    a284:	0785                	addi	a5,a5,1
    a286:	a314                	sb	a3,0(a4)
    a288:	fef619e3          	bne	a2,a5,a27a <memmove+0x2e>
    a28c:	8082                	ret
    a28e:	4781                	li	a5,0
    a290:	bfe5                	j	a288 <memmove+0x3c>

0000a292 <__malloc_lock>:
    a292:	8082                	ret

0000a294 <__malloc_unlock>:
    a294:	8082                	ret

0000a296 <_realloc_r>:
    a296:	e581                	bnez	a1,a29e <_realloc_r+0x8>
    a298:	85b2                	mv	a1,a2
    a29a:	adcff06f          	j	9576 <_malloc_r>
    a29e:	1101                	addi	sp,sp,-32
    a2a0:	cc22                	sw	s0,24(sp)
    a2a2:	ce06                	sw	ra,28(sp)
    a2a4:	ca26                	sw	s1,20(sp)
    a2a6:	c84a                	sw	s2,16(sp)
    a2a8:	c64e                	sw	s3,12(sp)
    a2aa:	8432                	mv	s0,a2
    a2ac:	ee01                	bnez	a2,a2c4 <_realloc_r+0x2e>
    a2ae:	a20ff0ef          	jal	ra,94ce <_free_r>
    a2b2:	4901                	li	s2,0
    a2b4:	40f2                	lw	ra,28(sp)
    a2b6:	4462                	lw	s0,24(sp)
    a2b8:	854a                	mv	a0,s2
    a2ba:	44d2                	lw	s1,20(sp)
    a2bc:	4942                	lw	s2,16(sp)
    a2be:	49b2                	lw	s3,12(sp)
    a2c0:	6105                	addi	sp,sp,32
    a2c2:	8082                	ret
    a2c4:	84ae                	mv	s1,a1
    a2c6:	89aa                	mv	s3,a0
    a2c8:	28a9                	jal	a322 <_malloc_usable_size_r>
    a2ca:	8926                	mv	s2,s1
    a2cc:	fe8574e3          	bgeu	a0,s0,a2b4 <_realloc_r+0x1e>
    a2d0:	85a2                	mv	a1,s0
    a2d2:	854e                	mv	a0,s3
    a2d4:	aa2ff0ef          	jal	ra,9576 <_malloc_r>
    a2d8:	892a                	mv	s2,a0
    a2da:	dd69                	beqz	a0,a2b4 <_realloc_r+0x1e>
    a2dc:	85a6                	mv	a1,s1
    a2de:	8622                	mv	a2,s0
    a2e0:	f18fe0ef          	jal	ra,89f8 <memcpy>
    a2e4:	85a6                	mv	a1,s1
    a2e6:	854e                	mv	a0,s3
    a2e8:	9e6ff0ef          	jal	ra,94ce <_free_r>
    a2ec:	b7e1                	j	a2b4 <_realloc_r+0x1e>

0000a2ee <_read_r>:
    a2ee:	1141                	addi	sp,sp,-16
    a2f0:	c422                	sw	s0,8(sp)
    a2f2:	842a                	mv	s0,a0
    a2f4:	852e                	mv	a0,a1
    a2f6:	85b2                	mv	a1,a2
    a2f8:	8636                	mv	a2,a3
    a2fa:	1fffc797          	auipc	a5,0x1fffc
    a2fe:	7e07a523          	sw	zero,2026(a5) # 20006ae4 <errno>
    a302:	c606                	sw	ra,12(sp)
    a304:	288d                	jal	a376 <_read>
    a306:	57fd                	li	a5,-1
    a308:	00f51963          	bne	a0,a5,a31a <_read_r+0x2c>
    a30c:	1fffc797          	auipc	a5,0x1fffc
    a310:	7d878793          	addi	a5,a5,2008 # 20006ae4 <errno>
    a314:	439c                	lw	a5,0(a5)
    a316:	c391                	beqz	a5,a31a <_read_r+0x2c>
    a318:	c01c                	sw	a5,0(s0)
    a31a:	40b2                	lw	ra,12(sp)
    a31c:	4422                	lw	s0,8(sp)
    a31e:	0141                	addi	sp,sp,16
    a320:	8082                	ret

0000a322 <_malloc_usable_size_r>:
    a322:	ffc5a783          	lw	a5,-4(a1)
    a326:	ffc78513          	addi	a0,a5,-4
    a32a:	0007d563          	bgez	a5,a334 <_malloc_usable_size_r+0x12>
    a32e:	95aa                	add	a1,a1,a0
    a330:	419c                	lw	a5,0(a1)
    a332:	953e                	add	a0,a0,a5
    a334:	8082                	ret

0000a336 <_close>:
    a336:	05800793          	li	a5,88
    a33a:	1fffc717          	auipc	a4,0x1fffc
    a33e:	7af72523          	sw	a5,1962(a4) # 20006ae4 <errno>
    a342:	557d                	li	a0,-1
    a344:	8082                	ret

0000a346 <_fstat>:
    a346:	05800793          	li	a5,88
    a34a:	1fffc717          	auipc	a4,0x1fffc
    a34e:	78f72d23          	sw	a5,1946(a4) # 20006ae4 <errno>
    a352:	557d                	li	a0,-1
    a354:	8082                	ret

0000a356 <_isatty>:
    a356:	05800793          	li	a5,88
    a35a:	1fffc717          	auipc	a4,0x1fffc
    a35e:	78f72523          	sw	a5,1930(a4) # 20006ae4 <errno>
    a362:	4501                	li	a0,0
    a364:	8082                	ret

0000a366 <_lseek>:
    a366:	05800793          	li	a5,88
    a36a:	1fffc717          	auipc	a4,0x1fffc
    a36e:	76f72d23          	sw	a5,1914(a4) # 20006ae4 <errno>
    a372:	557d                	li	a0,-1
    a374:	8082                	ret

0000a376 <_read>:
    a376:	05800793          	li	a5,88
    a37a:	1fffc717          	auipc	a4,0x1fffc
    a37e:	76f72523          	sw	a5,1898(a4) # 20006ae4 <errno>
    a382:	557d                	li	a0,-1
    a384:	8082                	ret
    a386:	0000                	unimp
    a388:	514d                	li	sp,-13
    a38a:	4354                	lw	a3,4(a4)
    a38c:	0000                	unimp
    a38e:	0000                	unimp
    a390:	0004                	0x4
	...
    a39e:	0000                	unimp
    a3a0:	003c                	addi	a5,sp,8
    a3a2:	0001                	nop
    a3a4:	514d                	li	sp,-13
    a3a6:	5754                	lw	a3,44(a4)
	...
    a3e0:	514d                	li	sp,-13
    a3e2:	5454                	lw	a3,44(s0)
    a3e4:	0000                	unimp
    a3e6:	0000                	unimp
    a3e8:	514d                	li	sp,-13
    a3ea:	7349                	lui	t1,0xffff2
    a3ec:	7064                	flw	fs1,100(s0)
    a3ee:	0000                	unimp
    a3f0:	4150                	lw	a2,4(a0)
    a3f2:	3531                	jal	a1fe <_isatty_r+0x2e>
    a3f4:	7220                	flw	fs0,96(a2)
    a3f6:	7761                	lui	a4,0xffff8
    a3f8:	7320                	flw	fs0,96(a4)
    a3fa:	6174                	flw	fa3,68(a0)
    a3fc:	6574                	flw	fa3,76(a0)
    a3fe:	203a                	lhu	a4,2(s0)
    a400:	7830                	flw	fa2,112(s0)
    a402:	3025                	jal	9c2a <_vfiprintf_r+0x222>
    a404:	5834                	lw	a3,112(s0)
    a406:	000a                	c.slli	zero,0x2
    a408:	4455                	li	s0,21
    a40a:	2050                	lbu	a2,4(s0)
    a40c:	646e6553          	0x646e6553
    a410:	7420                	flw	fs0,104(s0)
    a412:	3031206f          	j	1cf14 <_data_lma+0x126c4>
    a416:	312e                	lhu	a1,34(a0)
    a418:	332e                	lhu	a1,34(a4)
    a41a:	252e                	lhu	a1,10(a0)
    a41c:	2064                	lbu	s1,6(s0)
    a41e:	654c                	flw	fa1,12(a0)
    a420:	3a6e                	lhu	a1,54(a2)
    a422:	6425                	lui	s0,0x9
    a424:	0a0d                	addi	s4,s4,3
    a426:	0000                	unimp
    a428:	514d                	li	sp,-13
    a42a:	5454                	lw	a3,44(s0)
    a42c:	5420                	lw	s0,104(s0)
    a42e:	53205043          	fmadd.d	ft0,ft0,fs2,fa0,unknown
    a432:	656b636f          	jal	t1,c0a88 <_data_lma+0xb6238>
    a436:	2074                	lbu	a3,6(s0)
    a438:	61657243          	fmadd.s	ft4,fa0,fs6,fa2
    a43c:	6574                	flw	fa3,76(a0)
    a43e:	3a64                	lbu	s1,23(a2)
    a440:	2520                	lbu	s0,10(a0)
    a442:	0d64                	addi	s1,sp,668
    a444:	000a                	c.slli	zero,0x2
    a446:	0000                	unimp
    a448:	4455                	li	s0,21
    a44a:	2050                	lbu	a2,4(s0)
    a44c:	6b636f53          	0x6b636f53
    a450:	7465                	lui	s0,0xffff9
    a452:	4320                	lw	s0,64(a4)
    a454:	6572                	flw	fa0,28(sp)
    a456:	7461                	lui	s0,0xffff8
    a458:	6465                	lui	s0,0x19
    a45a:	203a                	lhu	a4,2(s0)
    a45c:	6425                	lui	s0,0x9
    a45e:	0a0d                	addi	s4,s4,3
    a460:	0000                	unimp
    a462:	0000                	unimp
    a464:	4850                	lw	a2,20(s0)
    a466:	2059                	jal	a4ec <_read+0x176>
    a468:	694c                	flw	fa1,20(a0)
    a46a:	6b6e                	flw	fs6,216(sp)
    a46c:	5320                	lw	s0,96(a4)
    a46e:	6375                	lui	t1,0x1d
    a470:	73736563          	bltu	t1,s7,ab9a <_data_lma+0x34a>
    a474:	000d                	c.nop	3
    a476:	0000                	unimp
    a478:	514d                	li	sp,-13
    a47a:	5454                	lw	a3,44(s0)
    a47c:	5420                	lw	s0,104(s0)
    a47e:	43205043          	fmadd.d	ft0,ft0,fs2,fs0,unknown
    a482:	656e6e6f          	jal	t3,f0ad8 <_data_lma+0xe6288>
    a486:	64657463          	bgeu	a0,t1,aace <_data_lma+0x27e>
    a48a:	0d21                	addi	s10,s10,8
    a48c:	0000                	unimp
    a48e:	0000                	unimp
    a490:	514d                	li	sp,-13
    a492:	5454                	lw	a3,44(s0)
    a494:	5420                	lw	s0,104(s0)
    a496:	44205043          	0x44205043
    a49a:	7369                	lui	t1,0xffffa
    a49c:	6e6e6f63          	bltu	t3,t1,ab9a <_data_lma+0x34a>
    a4a0:	6365                	lui	t1,0x19
    a4a2:	6574                	flw	fa3,76(a0)
    a4a4:	2164                	lbu	s1,6(a0)
    a4a6:	000d                	c.nop	3
    a4a8:	7245                	lui	tp,0xffff1
    a4aa:	6f72                	flw	ft10,28(sp)
    a4ac:	3a72                	lhu	a2,54(a2)
    a4ae:	2520                	lbu	s0,10(a0)
    a4b0:	3230                	lbu	a2,3(a2)
    a4b2:	0d58                	addi	a4,sp,660
    a4b4:	000a                	c.slli	zero,0x2
    a4b6:	0000                	unimp
    a4b8:	6148                	flw	fa0,4(a0)
    a4ba:	6472                	flw	fs0,28(sp)
    a4bc:	6146                	flw	ft2,80(sp)
    a4be:	6c75                	lui	s8,0x1d
    a4c0:	5f74                	lw	a3,124(a4)
    a4c2:	6148                	flw	fa0,4(a0)
    a4c4:	646e                	flw	fs0,216(sp)
    a4c6:	656c                	flw	fa1,76(a0)
    a4c8:	0d72                	slli	s10,s10,0x1c
    a4ca:	0000                	unimp
    a4cc:	636d                	lui	t1,0x1b
    a4ce:	7561                	lui	a0,0xffff8
    a4d0:	253a6573          	csrrsi	a0,0x253,20
    a4d4:	3830                	lbu	a2,19(s0)
    a4d6:	0d78                	addi	a4,sp,668
    a4d8:	000a                	c.slli	zero,0x2
    a4da:	0000                	unimp
    a4dc:	746d                	lui	s0,0xffffb
    a4de:	6176                	flw	ft2,92(sp)
    a4e0:	3a6c                	lbu	a1,23(a2)
    a4e2:	3025                	jal	9d0a <_printf_common+0x7a>
    a4e4:	7838                	flw	fa4,112(s0)
    a4e6:	0a0d                	addi	s4,s4,3
    a4e8:	0000                	unimp
    a4ea:	0000                	unimp
    a4ec:	656d                	lui	a0,0x1b
    a4ee:	6370                	flw	fa2,68(a4)
    a4f0:	253a                	lhu	a4,10(a0)
    a4f2:	3830                	lbu	a2,19(s0)
    a4f4:	0d78                	addi	a4,sp,668
    a4f6:	000a                	c.slli	zero,0x2
    a4f8:	0e98                	addi	a4,sp,848
    a4fa:	0000                	unimp
    a4fc:	0eb6                	slli	t4,t4,0xd
    a4fe:	0000                	unimp
    a500:	0ee8                	addi	a0,sp,860
    a502:	0000                	unimp
    a504:	0f38                	addi	a4,sp,920
    a506:	0000                	unimp
    a508:	0f7a                	slli	t5,t5,0x1e
    a50a:	0000                	unimp
    a50c:	514d                	li	sp,-13
    a50e:	5454                	lw	a3,44(s0)
    a510:	5020                	lw	s0,96(s0)
    a512:	7961                	lui	s2,0xffff8
    a514:	6f6c                	flw	fa1,92(a4)
    a516:	6461                	lui	s0,0x18
    a518:	203a                	lhu	a4,2(s0)
    a51a:	7325                	lui	t1,0xfffe9
    a51c:	0a0d                	addi	s4,s4,3
    a51e:	0000                	unimp
    a520:	626d                	lui	tp,0x1b
    a522:	695f 0064 0000      	0x64695f
    a528:	5f737973          	csrrci	s2,0x5f7,6
    a52c:	6974                	flw	fa3,84(a0)
    a52e:	656d                	lui	a0,0x1b
    a530:	0000                	unimp
    a532:	0000                	unimp
    a534:	7362                	flw	ft6,56(sp)
    a536:	695f 0064 0000      	0x64695f
    a53c:	736e6573          	csrrsi	a0,0x736,28
    a540:	695f726f          	jal	tp,1023d4 <_data_lma+0xf7b84>
    a544:	0064                	addi	s1,sp,12
    a546:	0000                	unimp
    a548:	6f6d                	lui	t5,0x1b
    a54a:	6564                	flw	fs1,76(a0)
    a54c:	0000                	unimp
    a54e:	0000                	unimp
    a550:	4d495423          	0x4d495423
    a554:	3a45                	jal	9f04 <_printf_i+0x168>
    a556:	7325                	lui	t1,0xfffe9
    a558:	4d2c                	lw	a1,88(a0)
    a55a:	3a42                	lhu	s0,52(a2)
    a55c:	7325                	lui	t1,0xfffe9
    a55e:	422c                	lw	a1,64(a2)
    a560:	73253a53          	0x73253a53
    a564:	532c                	lw	a1,96(a4)
    a566:	4449                	li	s0,18
    a568:	253a                	lhu	a4,10(a0)
    a56a:	4f4d2c73          	csrrs	s8,0x4f4,s10
    a56e:	4544                	lw	s1,12(a0)
    a570:	253a                	lhu	a4,10(a0)
    a572:	0a0d3b73          	csrrc	s6,0xa0,s10
    a576:	0000                	unimp
    a578:	2522                	lhu	s0,10(a0)
    a57a:	00002273          	csrr	tp,ustatus
    a57e:	0000                	unimp
    a580:	6e49                	lui	t3,0x12
    a582:	7469                	lui	s0,0xffffa
    a584:	5720                	lw	s0,104(a4)
    a586:	454e4843          	0x454e4843
    a58a:	2e54                	lbu	a3,28(a2)
    a58c:	2e2e                	lhu	a1,26(a2)
    a58e:	000d                	c.nop	3
    a590:	5049                	c.li	zero,-14
    a592:	203a                	lhu	a4,2(s0)
    a594:	6425                	lui	s0,0x9
    a596:	252e                	lhu	a1,10(a0)
    a598:	2e64                	lbu	s1,30(a2)
    a59a:	6425                	lui	s0,0x9
    a59c:	252e                	lhu	a1,10(a0)
    a59e:	0d64                	addi	s1,sp,668
    a5a0:	000a                	c.slli	zero,0x2
    a5a2:	0000                	unimp
    a5a4:	654e                	flw	fa0,208(sp)
    a5a6:	2074                	lbu	a3,6(s0)
    a5a8:	694c                	flw	fa1,20(a0)
    a5aa:	6b6e                	flw	fs6,216(sp)
    a5ac:	6465                	lui	s0,0x19
    a5ae:	202c                	lbu	a1,2(s0)
    a5b0:	6e6e6f43          	fmadd.q	ft10,ft8,ft6,fa3,unknown
    a5b4:	6365                	lui	t1,0x19
    a5b6:	6974                	flw	fa3,84(a0)
    a5b8:	676e                	flw	fa4,216(sp)
    a5ba:	5420                	lw	s0,104(s0)
    a5bc:	2e2e5043          	fmadd.q	ft0,ft8,ft2,ft5,unknown
    a5c0:	0d2e                	slli	s10,s10,0xb
    a5c2:	0000                	unimp
    a5c4:	4354                	lw	a3,4(a4)
    a5c6:	2050                	lbu	a2,4(s0)
    a5c8:	6954                	flw	fa3,20(a0)
    a5ca:	656d                	lui	a0,0x1b
    a5cc:	2c74756f          	jal	a0,52092 <_data_lma+0x47842>
    a5d0:	5220                	lw	s0,96(a2)
    a5d2:	7465                	lui	s0,0xffff9
    a5d4:	7972                	flw	fs2,60(sp)
    a5d6:	2e2e                	lhu	a1,26(a2)
    a5d8:	0d2e                	slli	s10,s10,0xb
    a5da:	0000                	unimp
    a5dc:	32334843          	fmadd.d	fa6,ft6,ft3,ft6,rmm
    a5e0:	3256                	lhu	a3,36(a2)
    a5e2:	3830                	lbu	a2,19(s0)
    a5e4:	435f 696c 6e65      	0x6e65696c435f
    a5ea:	0074                	addi	a3,sp,12
    a5ec:	746e6553          	0x746e6553
    a5f0:	4d20                	lw	s0,88(a0)
    a5f2:	5451                	li	s0,-12
    a5f4:	2054                	lbu	a3,4(s0)
    a5f6:	6e6e6f43          	fmadd.q	ft10,ft8,ft6,fa3,unknown
    a5fa:	6365                	lui	t1,0x19
    a5fc:	0d74                	addi	a3,sp,668
    a5fe:	0000                	unimp
    a600:	6174                	flw	fa3,68(a0)
    a602:	642f6b73          	csrrsi	s6,0x642,30
    a606:	6c6e776f          	jal	a4,f1ccc <_data_lma+0xe747c>
    a60a:	6e69                	lui	t3,0x1a
    a60c:	0000006b          	0x6b
    a610:	746e6553          	0x746e6553
    a614:	5320                	lw	s0,96(a4)
    a616:	6275                	lui	tp,0x1d
    a618:	69726373          	csrrsi	t1,0x697,4
    a61c:	6562                	flw	fa0,24(sp)
    a61e:	000d                	c.nop	3

0000a620 <MemNum>:
    a620:	0000 0001 0001 0000 0002 0000 0004 0004     ................

0000a630 <MemSize>:
    a630:	001c 0020 00b4 0024 0014 0020 0010 0600     .. ...$... .....

0000a640 <ErrTable>:
    a640:	1100 1312 1514 1716 1918 1b1a 1d1c 1f1e     ................
    a650:	5a84 0000 5aca 0000 5ae4 0000 5af4 0000     .Z...Z...Z...Z..
    a660:	5af4 0000 5ae0 0000 5ae0 0000 5b02 0000     .Z...Z...Z...[..

0000a670 <tcp_backoff>:
    a670:	0201 0403 0605 0707 0707 0707 0007 0000     ................
    a680:	6fe8 0000 70f6 0000 71e2 0000 71ea 0000     .o...p...q...q..
    a690:	7290 0000 71e2 0000 72d6 0000 7312 0000     .r...q...r...s..

0000a6a0 <__sf_fake_stderr>:
	...

0000a6c0 <__sf_fake_stdin>:
	...

0000a6e0 <__sf_fake_stdout>:
	...
    a700:	0043 0000 4f50 4953 0058 0000 002e 0000     C...POSIX.......
    a710:	2d23 2b30 0020 0000 6c68 004c 6665 4567     #-0+ ...hlL.efgE
    a720:	4746 0000 3130 3332 3534 3736 3938 4241     FG..0123456789AB
    a730:	4443 4645 0000 0000 3130 3332 3534 3736     CDEF....01234567
    a740:	3938 6261 6463 6665 0000 0000               89abcdef....

0000a74c <_ctype_>:
    a74c:	2000 2020 2020 2020 2020 2828 2828 2028     .         ((((( 
    a75c:	2020 2020 2020 2020 2020 2020 2020 2020                     
    a76c:	8820 1010 1010 1010 1010 1010 1010 1010      ...............
    a77c:	0410 0404 0404 0404 0404 1004 1010 1010     ................
    a78c:	1010 4141 4141 4141 0101 0101 0101 0101     ..AAAAAA........
    a79c:	0101 0101 0101 0101 0101 0101 1010 1010     ................
    a7ac:	1010 4242 4242 4242 0202 0202 0202 0202     ..BBBBBB........
    a7bc:	0202 0202 0202 0202 0202 0202 1010 1010     ................
    a7cc:	0020 0000 0000 0000 0000 0000 0000 0000      ...............
	...
