:040000006F10A01CC1
:1000040000000000000000000E0C0000120C0000B4
:1000140000000000C8110000000000000000000003
:10002400C8110000C811000000000000000000001A
:10003400C811000000000000C8110000000000000A
:10004400C8110000C8110000C8110000C811000048
:10005400C8110000C8110000C8110000C811000038
:10006400C8110000C8110000C8110000C811000028
:10007400C8110000C8110000C8110000C811000018
:10008400C8110000C8110000C8110000C811000008
:10009400C8110000C8110000C8110000C8110000F8
:1000A400C8110000720C0000C8110000C811000043
:1000B4005E0C0000C8110000C8110000C811000047
:1000C400C8110000C8110000C8110000C8110000C8
:1000D400C8110000C8110000C8110000C8110000B8
:1000E400C8110000C8110000C8110000C8110000A8
:1000F400C8110000560C0000C8110000C81100000F
:10010400C8110000C8110000C8110000C811000087
:10011400C8110000C8110000000000000000000029
:1001240000000000000000000000000000000000CB
:0C013400000000000000000000000000BF
:10014000397101436EC619A0397141536AC866CA34
:1001500062CC5ECE19A0397101535AD056D252D416
:100160004ED64AD826DA22DC06DE3301614082828E
:1001700041114AC026C222C406C68282B24D410144
:10018000024D924C224CB24B4101024B924A224A00
:10019000B2494101024992442244B2404101828065
:1001A0003D432A876373C3029377F700BDEFADE544
:1001B000937606FF3D8ABA960CC34CC30CC74CC756
:1001C0004107E36BD7FE11E28280B306C3408A0683
:1001D0009702000096966780A6002307B700A30643
:1001E000B7002306B700A305B7002305B700A30493
:1001F000B7002304B700A303B7002303B700A3028B
:10020000B7002302B700A301B7002301B700A30082
:10021000B7002300B700828093F5F50F9396850011
:10022000D58D93960501D58D61B7939627009702DA
:10023000000096968682E78086FA9680C1171D8F09
:100240003E96E374C3F8A5B7EFF29FF21C250D4765
:1002500041112A84B1446387E700114781446393C5
:10026000E700A94431469305C4000A85EF80C078B1
:100270000A8535293C3C0905AA948DC7314693056A
:1002800044020A85EF8040770A8515212A89314684
:10029000930504030A85EF8020760A8509294A958B
:1002A0001105AA943C4099E33C4499CB314693050F
:1002B00004040A85EF8040740A85D52E0905AA94A6
:1002C0007C4499E37C4899CB31469305C4040A8564
:1002D000EF8080720A85E12E0905AA9426854101E6
:1002E00055BDEFF25FE779712AD62A8932852EC68D
:1002F000B284993F2A847124B24563C4A510C145D4
:100300006810CD243255A285ED2AB25798243E9527
:100310002AD69147631FF70CB7A500009385053EC9
:100320006810C52C91456810752CBC2CB83C858B89
:100330003337E0000A078607D98F19CB03C7D403E8
:100340000D8B0E07D98F03C7C403058B1607D98FF2
:10035000B84019E3B84419C393E70708F84419E310
:10036000F84819C393E7070413F4F70F93198401AE
:1003700093D98941CE856810B5248E2C68108D2CB8
:1003800031469385C4000808EF8000670C086810A8
:100390006D24BC3C9DC33146938544020808EF8020
:1003A000A0650C086810512C938504033146080899
:1003B000EF8080640C086810492463DB0900938592
:1003C000040431460808EF8020630C086810B52447
:1003D0009377040491CB9385C40431460808EF80D9
:1003E000A0610C086810912C3255330525414561F8
:1003F00069BBB7A500009385853E6810192C8D4513
:100400001DB77955EDB7EFF2BFD641112AC6854722
:1004100063D2B7023D8A93154600E2052A84E1853E
:100420006800C92232458145E928B2473E95018DD1
:1004300041018DB37955EDBFEFF29FD33146E137DE
:1004400091BBEFF25FD101112A84280832C63A8BA2
:10045000BE892E89B68A428A46CC02CEAD2A137551
:10046000F50F1377050F9307000332468144631F8E
:10047000F70493573500858B1CA0935715008D8B7F
:100480002320F900058908A262456C081522624400
:10049000F247AA842A9422CC3E9422862C085A85BC
:1004A000C92A0DC5E247B307F44063C10702832799
:1004B00009006356F000280831222390AA00E24781
:1004C00085441D8C23208A0023A0F9002685056120
:1004D0006DB903A78186014681469387818663CBE8
:1004E000B600AE8663D305008146369711C298C325
:1004F0002E8582803306D7001022850610A105467E
:10050000F9BF0147130600089306F007B3E7C502D9
:10051000E207E187B3C8C50263D4B60093E707F8E2
:1005200005073308E500A30FF8FE63C4B6003A855B
:100530008280C685E1BFEFF21FC24111AA892E89D0
:1005400023A0050001448544154A050463084403BB
:1005500085451305F100829985476311F5029C8753
:1005600013F7F707B306970203270900E207E187AD
:100570009E0436972320E900E3C907FC2285410148
:1005800029B1930615001307F007AA876344D70023
:1005900009058280116763D4E6000D058280370764
:1005A0002000791715056344D70013854700828022
:1005B000EFF21FBC23A4A186370500001305254DCB
:1005C0009D3FC9BE1C4198239433890722071CC153
:1005D0003305D70082801C412A8785070385F7FFF2
:1005E0001CC382801C418CA31C4185071CC18280D6
:1005F00013070010B3C6E5021C41B3E5E50294A35E
:100600001C419386170014C18CB31C4185071CC183
:100610008280EFF2FFB52A842E852E89EF80A067B5
:10062000AA84AA852285E93708402686CA85EF80F4
:10063000A03C0840269508C0B1BEEFF27FB3C04190
:10064000AE8463518002A2852A895D378C440325DC
:1006500009002286EF80403A832709003E94232038
:1006600089000DBE8C4199C16D37E5BF8145493781
:10067000CDBFEFF2FFAF9C4105474111B307F640F4
:100680002A846347F700014523200400410119B67D
:100690002E8532C62EC43D37A245324648C09C4105
:1006A0003E95E362A6FE1CC488C10545F1BFAA873A
:1006B000084111C5EFF2DFABEF80E05DE1BCC8435C
:1006C0008280EFF25FA941112A89AE8989440144F1
:1006D000314A634524012685410145BCB3054403E5
:1006E00031460A850504CE95EF8000310A85C13771
:1006F0000D05AA94F9BFEFF21FA679712E8B2AD6A9
:10070000AA84BE853A8532C636843A89BE89428A31
:100710004D3FAA8ABD356340AB06324668109375DB
:1007200016008E0593E52508E205E185653D325505
:10073000D685B14AF933B257A28501443E952AD6EF
:1007400068107D35634624013255058D456135BC01
:10075000B305540331460808CE95EF80E0290C0814
:100760006810E13D93172400D29783850700681035
:1007700005048D3DC1BF7955D1BFEFF2FF9C01113A
:100780008545054502C202C402C602C802CA02CC9F
:1007900002CEEF00F05D85451305C003EF00505D0C
:1007A000854537054000EF00905E85451305002024
:1007B000EF00105C3165EF00B04C0D44C149A1471A
:1007C0004C0037150140B71401407C824EC622C44C
:1007D000EF005028930700084C00138504807C82AA
:1007E0004EC622C4056BEF00F02693072B004C0089
:1007F000138504C07C824EC622C4EF00B0251309C5
:100800008004E17B4C0013850480231271014AC6E9
:1008100022C4EF00302483A5848037A5000013058F
:10082000053FB3F57501C205C181EF80002893072C
:1008300080034C00138504C07C824AC622C4896AA6
:10084000EF00502193870AC04C00371501407C828D
:100850004AC622C4EF001020114C4C0013850440FE
:10086000138A0480231281014AC622C4EF00901E1D
:100870004C00528560824AC622C4EF00B01D4C0075
:10088000138504C0231281014AC622C4EF00901CC4
:10089000F9774C00371501407C824AC622C4EF002C
:1008A000701B93870AE04C0052857C824AC622C4A2
:1008B000EF00501A4C005285231231014AC622C45F
:1008C000EF005019C5474C00371501407C824AC6DD
:1008D00022C4EF0030184C00138504C023127101AC
:1008E0004AC622C4EF001017930700024C0052853D
:1008F0007C824EC622C4EF00F01589474C003715A4
:1009000001407C824EC622C41169EF00B0149307E7
:1009100009024C00138504C07C824EC622C4EF003D
:100920007013F1474C00138504C0130B0BC0231246
:1009300061013EC622C4EF00F011E1679387076AA8
:100940003EC8B707FFBF3ECA231E2101B7070004F8
:100950003769004089070C08130509803ECCEF0079
:10096000F01B130509808545EF00D02A52859305B9
:100970000008EF00301AA14537150140EF0090192B
:100980008565138504C08905EF00D01893070030F2
:100990004C00138504C07C824EC622C4EF00900B2D
:1009A000138504C093050030EF001017930700046F
:1009B00011494C0052857C824AC622C4EF0090093E
:1009C0004C0037150140231221014AC622C4EF0012
:1009D00070084C00850A138504C0231251014AC6D1
:1009E00022C4EF00300705616FF08FF901CDEFF2FF
:1009F0002FF8AA8537A500001305854AEF80E00A85
:100A00006FF04FF98280EFF2AFF639711306C00331
:100A100081454800EFF0CFF8B707002083A7071EF5
:100A2000938471813ED89307803E3ED49307007D26
:100A30003ED689473ED0B7070020938707333EC68E
:100A40004C009307005C138571813EC8EF107074F1
:100A50008C202A8437A5000013058544EF80E0042C
:100A60002285693721616FF0EFF2EFF26FF0397193
:100A70001306C00381454800EFF08FF283A7018180
:100A8000138461813ED883D741814C0013856181F5
:100A90003ED48567938787BB3ED68D473ED09387EC
:100AA00001F13EC69307005C3EC8EF10906E0C202B
:100AB000AA8437A5000013058542EF70107F2685B4
:100AC00035370820EF20E062153721616FF08FEC99
:100AD000EFF26FE8938471812A8988209307F00FE1
:100AE00041116308F5049309C003B3073503377454
:100AF00000201304C490A297D857A30521013AC23D
:100B00001307A01078840D4758852247D8D732C6DE
:100B10007000EF206041324637A50000CA851305FA
:100B20008540EF7090789C20B38737033E949247BE
:100B30005CD441016FF06FE5EFF28FE393F745006E
:100B400041112A84AE848DCB8145EF20C01483C728
:100B500061812AC6639387067D159307E07F63ED65
:100B6000A700B71500207000938505EB2285EF20C4
:100B700000043886239CE18693F7840091CF83C7D5
:100B80006181639B870037A5000013058547EF80CF
:100B9000200305472389E186C18889CC83C7618109
:100BA000639A870037A5000013050549EF804001CF
:100BB0002389018641016FF0EFDD700081452285B8
:100BC000EF10F07E55BFEFF2AFDAEF20004E9377D3
:100BD00045002A8499CBEF202051118919C537A5EA
:100BE000000013054546EF70B07D418819CC0145E2
:100BF000EF20E04CAA8519C101453D3F0545EF2096
:100C0000004CAA8519C10545053F6FF0AFD87300A8
:100C1000203037A500001305854BEF70707AEF1078
:100C2000E039AA8537A500001305C54CEF70F067C1
:100C3000EF102039AA8537A500001305C54DEF70C8
:100C4000D066EF104037AA8537A500001305C54EC2
:100C5000EF70B06501A0EF108003730020302945CC
:100C6000EF00D036854537050040EF00101F7300B8
:100C70002030373501408545130505C0EF00F01DD4
:100C800073002030EFF2CFCE0111B2842E86B7A5CB
:100C900000002A89938585570A853684EF70D079BC
:100CA0008A854A85EF80400011E5238004000561B4
:100CB0006FF04FCE9305A003EF70707C7DD50505D6
:100CC0001307000283070500F59B638FE702814746
:100CD000130620029305C0021308D0077D143307C2
:100CE000F50003070700B386F4009378F7FD638AE5
:100CF00008006308C7006306B7006304070163C701
:100D000087002380060065B705056DBF98A285079B
:100D1000F9B7EFF2EFC59307F07F0D712A8463D224
:100D2000B70AA30F057E37A50000A2851305C5509D
:100D3000EF70B057B7A500002285A94670009385D3
:100D400005528937B7A5000022859306000290005E
:100D500093858552053FB7A500002285A946300836
:100D6000938545530537B7A500002285A946501045
:100D70009385C553013FB7A500002285C1461018D1
:100D80009385855401376800EF70B0462A84635715
:100D9000A00237A60000130606559305001093081D
:100DA0000103130841023C08780094008810EF709A
:100DB000F0612A868C101375F40F193B35616FF0C2
:100DC0006FBDAA9523800500B9BFEFF26FBA41113C
:100DD00032C61375F50F7000EF20001541016FF05A
:100DE0006FBBEFF26FB61971392C716513050520D1
:100DF000EF10E00FEFF07F98EF1040061305803EF4
:100E0000EF10800B9305703E13057007CD2C992EC3
:100E100037A5000013050558EF70905A938781801D
:100E2000B4239033B83383C5818037A50000130500
:100E30000559EF7090471385C186EF003017B7054D
:100E400000209386C1861386C1809385451E138535
:100E50008180EF007078A96937AA0000B7AA000066
:100E6000EFF0DFB80149453681449389894F130A71
:100E70000A60938ACA5D914CEF00B03DEF20001FDD
:100E800011C1913383A7418713844187E3E6FCFEB8
:100E90008A07CE979C438287EF200025118961DD68
:100EA00037A500001305455AEF7090517D3E8547E8
:100EB0001CC08144C9B783C7218799C389471CC017
:100EC000E16785049387076AE3F797FA37A500007F
:100ED0001305455CEF70D04E03C561818145EF205D
:100EE000E0362320040041BFA965130680059385E1
:100EF00085382810EF705030B71C00208D47301017
:100F00009305004013850C6B2308F10256DAEFF0CD
:100F10004FBD2A8603C5618193850C6B7D35130512
:100F2000401FEF00707937A500008D471305C55E9F
:100F30001CC0EF70F04881B7B71C002013084102B5
:100F4000054785463C1001469305004013850C6B10
:100F500002D602D852D402D2EFF0EFF92A8603C5A6
:100F6000618193850C6B953537A5000013050561EC
:100F7000EF70104591471CC0FDBD938781879E236C
:100F8000938C8187C207C183A1C7B718002083C78C
:100F900008EB1307000393F7070F6399E70283D762
:100FA0000C00938808EB130801023EC038105C1057
:100FB0009306A101130691016C082808EFF06FC891
:100FC00085476315F50082551255A13323900C0017
:100FD000B7A7070005099387071263F1270337199D
:100FE0000020930500401305096BEFF0EFC42A863B
:100FF00003C561819305096B0149C13B83C7218703
:10100000E39B07E6F9BDB71702409843B706FFF028
:1010100041111367170098C3D84337060200758F34
:10102000D8C39843B706F7FEFD16758F98C398434B
:10103000B706FCFFFD16758F98C3D843B70601FFAE
:10104000FD16758FD8C337079F0098C702C402C624
:101050009843C166558F98C3B716024005679C42F6
:10106000F18F3EC6A24785073EC4B24781E7A2473B
:10107000E397E7FEB71702409C431397E700635ED0
:10108000070685473EC6324785476316F706B717FA
:101090000240D843B706C000558FD8C3D843B7061F
:1010A000C1FFFD1613670708D8C3D843D8C3D84378
:1010B00013670740D8C3D843758FD8C3D843B70642
:1010C0003500558FD8C39843B7060001558F98C394
:1010D000984393166700E3DD06FED843B716024037
:1010E000719BD8C3D84313672700D8C32147DC427C
:1010F000B18BE39EE7FE4101828002C669B7EFF241
:101100002F872A8405650111AE8413050580854566
:1011100002CA02CC231E010002C602C89129E08245
:10112000373401404C08130504C0E484231D01003A
:10113000231B0100230E01007921930790027C8676
:101140008D475C87680085473EC8CD24054613055A
:1011500004C08545D5298545130504C0D1290561FD
:101160006FF04F83EFF2CF8041118545054502C2F4
:1011700002C423160100212983A7818137470F006C
:1011800013070724B3D7E7024C00370500402315A7
:1011900001007C8489679387F7703EC22D21054644
:1011A0008545370500404D218545370500404921DB
:1011B0008545370500405521B7E700E0056723A2C4
:1011C000E71041016FE01FFD01A09701002093810E
:1011D000618117F100201301E1E21795000013056A
:1011E000656797F5FF1F9385E5E11386818663FAAE
:1011F000C5008322050023A0550011059105E3EAEF
:10120000C5FE13858186976500209385258E6377BB
:10121000B500232005001105E36DB5FEFD42739076
:1012200002BC8D427390428093028008739002301A
:1012300097F2FFFF938242DD93E2320073905230C7
:10124000EFF07FDC970200009382E2B973901234D2
:10125000730020309C4513F7070113F8F70001C70E
:10126000D8413368E8008E2113F7F50F39C31841D0
:101270008146854E3D4F930F800293028004214E9C
:101280003396DE00B3F8C500631116039398260069
:1012900033131F011343F3FF3377E300B31818012F
:1012A00033E7E800639FF70550C98506E39AC6FD5A
:1012B00018C11307F00F6375B70454412146854EDA
:1012C0003D4F930F800293028004414EB398CE00AD
:1012D00033F715016392E802131726000117331341
:1012E000EF001343F3FFB376D3003317E800D98E32
:1012F000639DF701232A15010506E319C6FD54C1B4
:101300008280E39457FA10C94DB7E39757FE23281C
:101310001501DDB70CC982804CC98280EFE25FE520
:10132000797146212A8468082EC6A522925737472C
:101330000F001307072433D7E702C204C18093F4D8
:1013400004FCC204B7869303C1809386F66FB2454E
:1013500042074183D98C63F4F6001307C00346A00B
:10136000162061661306066AC206C182F99AC20691
:10137000C18216A094416369D6048606B3D7D7020A
:10138000114693960701C182B68763F3C600914761
:10139000C207C1830507420741831AB05EAC1E2015
:1013A000DA21B62593E717001EA01E20558FC2072D
:1013B000C18393F757BFD98F1EA09A25DE25D98FF9
:1013C0001EA445616FE01FDDEA2131667D166319B9
:1013D000C5020D46B386C602B3D7D702C207C18382
:1013E0009396470199E293E71700A166D58F93067C
:1013F000C0123307D7029306803E3347D70259BF46
:101400006546B386C602B3D7D7029166C207C183C9
:10141000D58FF9B71E2189C593E717001EA18280D9
:10142000C207C183F99BC207C183CDBF03A7C18790
:10143000854714216310F7021C31639CE7023C21AD
:10144000960793E707F837E700E093F7F70F36972B
:101450002300F740054793D756003317D700544170
:1014600089CE938707048A07B7E600E0B69798C34A
:101470008280EDF33C219607F9B793870706E5B71D
:10148000B7160240DC4251777D17F98F5D8DC8C2D7
:101490008280371702405C439146B18B6385D70643
:1014A000A1466387D706B7177A00938707201CC128
:1014B000371602405C42370700201307070091836C
:1014C000BD8BBA9794231C41B3D7D7005CC154425B
:1014D000A1829D8ABA969422B3D6D70014C55442ED
:1014E000AD829D8A36971823B3D7E7005CC5584272
:1014F0003983937637001387C18136971823B3D782
:10150000E7021CC98280B757E8019387078045B777
:101510005C435843C166C983BD8B758F8907C54637
:101520006393D700C94701EF37470240032707807D
:10153000418B15CB37177A001307072029A8B71658
:101540000240D8423706C000718F6319C7003727A1
:10155000F40013070740B387E70291BFD842931600
:10156000E700E3D906FC37173D0013070790E5B7FE
:1015700099C5371702401C4F5D8D08CF8280B71781
:101580000240984F1345F5FF798D88CF828099C529
:10159000371702405C4F5D8D48CF8280B7170240FD
:1015A000D84F1345F5FF798DC8CF8280B717024019
:1015B000D843B70600F0FD16758FD8C3D84372051F
:1015C000598DC8C382801E2137370140130707C0D9
:1015D000C207C1836304E502370700406300E502E8
:1015E00013070740630CE500371700409306078098
:1015F0006306D500130707C06316E500BA2193F709
:10160000F7F8D98FFA2193F7F7CFC207C183D98FA3
:101610001EA1DE215EB59E211EB5B737014093871E
:1016200007C06314F5009C251EB985475EA982801A
:101630001E2189C593E717001EA18280C207C183BE
:10164000F99BC207C183CDBF5E2501C6DD8D4EA5C6
:10165000828093C5F5FFFD8DDDBF93C5F5FFC20503
:10166000C1810EA98280EFE2BFB01629F577FD1780
:10167000F58FF621DA257971D58F1EA95625FD77CC
:101680009387379FF58FD6212A842EC6D58F96252E
:10169000D58FB625D58F5EA55E29C207C18393F786
:1016A000F7CFD98F5EA96808ED33B747014093871C
:1016B0000780B245631EF402A2576547B387E7026D
:1016C0009841930640060A07B3D7E70233D7D702FB
:1016D000B3F7D7021207920793872703B3D7D7022E
:1016E000BD8BD98FC207C1831EA445616FE09FAA3D
:1016F0009257E1B791C55E250967D98F5EA58280B3
:101700005A25F977FD17F98FD5BF93F5F51F4EA12F
:1017100082800A216D8D3335A00082809387818875
:101720009843144363C60602144337060080C2057B
:10173000D18E14C3378702402AA7C1810EA7743304
:10174000054593E6860074B39843584798C3828052
:1017500001458280EFE2DFA1854793050004631A0B
:10176000F50037150140130505C0EFF0BFBA6FE073
:101770007FA237150140130505C0EFF0FFB9C5BFC3
:10178000EFE21F9F854793050008631AF5003715A0
:101790000140130505C0EFF0FFB76FE0BF9F37159D
:1017A0000140130505C0EFF03FB7C5BF37F7FF1F76
:1017B00081471307D77E99463306F7400C2233063C
:1017C000F50085070CA2E399D7FE82809387C18834
:1017D00098433A9588C38280EFE29F99378402400C
:1017E00095472302F402854716302302F4021A308B
:1017F000FD8A420741839387A189DDCE9423139606
:1018000086016186634A060413870182102393755B
:10181000C60091E9A381018A238C0188130700F88F
:1018200098A36FE03F9793F52600EDF593E6260029
:101830006D9A10A3A380018A94A3230204021E3090
:1018400093E70720C20793E707105CD01C23C20769
:1018500093E7E7115CD0F1B79386318A9022930524
:1018600016008CA29545E31EB6FA1377070255FBC6
:10187000A380018A238006002380018A2380070039
:10188000230204021E3093E70720C20793E70710E4
:101890005CD083C601821387018213F6C60093F7DA
:1018A000B60F19E293E746001CA3C20793E7E711BE
:1018B000378702405CD3B5B71377070221FF98231F
:1018C000930600086314D7021387818914232946DD
:1018D0006385C600850614A3A9B723000700A3806B
:1018E000018A2380018A2380070025BF05EF9387A3
:1018F000018A942329461387160098A3138701822F
:10190000639EC60023800700F9472302F4021E30BD
:1019100093F7370F93C737001CA315BF142313F693
:10192000C600B5BF8946E31ED7EE93840182982096
:101930009376C7008DE21367470098A02302040244
:101940001E30294593E70720C20793E707105CD0B4
:101950000D2B9C20EDBD1387118A14233D46E39B7C
:10196000C6F623000700B5BF03A7C18823AEE188F0
:1019700003C60188094793860188637AC702B7873F
:10198000024079472382E7029A3342074183135684
:101990002700058A9367470019C2937737FFC2076C
:1019A00093E7E711378702405CD3238006008280EB
:1019B0009387918998231377F70F21CB03A7C188C9
:1019C00083A6C189158F9306301F63F3E608238031
:1019D0000700374702408327078093E7470023200B
:1019E000F780B707008093870710378702405CD3E2
:1019F000A381018A2381018A238C0188A380018A23
:101A00002380018A238D01888280EFE26FF683C7ED
:101A1000218A8DE31387C1889387C189144390433A
:101A2000918E130610036375D600184398C36D3367
:101A30006FE04FF683C70189E5DF83A7C18803A75D
:101A4000C189998F13073006E374F7FE313FCDB794
:101A50008280EFE2EFF1EF00A072BD23913F6FE0D3
:101A60006FF3EFE2EFF041118545214502C202C458
:101A700002C6EFF0FFAF9307000C371401407C82E1
:101A8000C1473EC64C008D47130504C03EC4EFF06D
:101A90006FFC130504C093050004EFF0BF879305A6
:101AA0000008130504C0EFF0FF8641016FE08FEEE0
:101AB00023A2A188B7080080814713030060130E9A
:101AC000F6FF63E3C70082803388670213974700FD
:101AD000B306E50023A016012E9823A406012A8848
:101AE00063F5C70141073308E500850723A6060112
:101AF00093F7F70FF9B783A741889A27B787024072
:101B0000DAA7F83313674700F8B38280EFE24FE6B5
:101B10000545EFF0BFA96FE0EFE7EFE26FE5411198
:101B20002AC6ED37B7870240A3810700B833136791
:101B3000B70DB8B3B83313674700B8B37D57D8A310
:101B4000D8331367070CD8B3F8331367070CF8B30F
:101B5000F8331377F703F8B3238C07003245583175
:101B60002384E7025821A384E70238312385E70262
:101B70003821A385E70218312386E7021821A386BE
:101B8000E702983F1367170098BFB82F7D8BB8AF57
:101B9000B82F13670702B8AFB82F13670701B8AFA4
:101BA000B82F1377B70FB8AFB82F13671700B8AFB8
:101BB00013070060FAAFF8231377170FF8A3F82381
:101BC0001367A700F8A3374702408327078093E7EE
:101BD00047002320F78041016FE0CFDBEFE24FD9D0
:101BE000552B378702401C2F93E707021CAF238039
:101BF000018805472388E18803A7C18823AEE188CF
:101C000011472381E18AC53D6FE0CFD8EFE24FD67F
:101C100051233747024083270780ED9B2320F7801D
:101C20000547A38CE18803A7C18823AEE1886FE054
:101C30006FD6EFE2EFD3B787024005472382E70272
:101C40008A3315472382E702420541819A3393760E
:101C5000450085CE9376050281C649376FE08FD364
:101C6000420741831DE33707008013070710D8D3CD
:101C7000A381018A2381018A238C0188A380018AA0
:101C80002380018A238D0188D1BF4937C1BFEFE28C
:101C90002FCEB7860240C0221374F40F937704044A
:101CA000B5CB93070004DCA2138641881C429843FD
:101CB00063560704D832137787074DEFCC47984116
:101CC000635E0702984361757D150607058398C317
:101CD0009843698F98C39843370501C07D151367F2
:101CE000073098C39843698F98C3FA268843110731
:101CF0004207498F98C39E250CC2DEA693870189AF
:101D0000982309CB23800700378702401C2F93F7C5
:101D1000F70D1CAF9377840099CB03A781881C43F0
:101D2000860785831CC3B78702402147D8A39377D2
:101D3000040191C7FD3DB78702404147D8A393777F
:101D4000240099CB03A781881C43860785831CC385
:101D5000B78702400947D8A3058809CC83C7018902
:101D600091C7938701889823050798A3B7870240F6
:101D70000547D8A36FE00FC2EFE28FBF2A84EFF0D0
:101D80005FCE130540060D2A2285EFF01FD9B72735
:101D90000020938707AF23A4F1883737002013076B
:101DA000072C37250020B7250020130405AB98C762
:101DB00023A00700DCC71146938505B0130505ABCA
:101DC000EFF01FCF23AA818837070020B7E700E094
:101DD00023A2E7106FE00FBCEFE28FB939719307D0
:101DE000005F3ECA9307405B3ECC856793874726DA
:101DF0003ECE930720033ED0930730103ED2B72744
:101E0000554289073ED4B7170000938707783ED61E
:101E1000B7170000938747753ED8B7170000938720
:101E2000C7713EDAB7573412938787672A89480803
:101E30002EC632C4B68402DC3EDEEF00B01C2A841B
:101E400011E92246B245A6864A85EF00F0102A84A1
:101E500026851D37228521616FE0CFB383A781815D
:101E600037177A0013070720B3D7E70293F7F70F66
:101E70002383F18A1307803EB387E7022392F18A16
:101E80008280B7F700E0D8438146799BD8C303C767
:101E9000618A3306A70290CBD4CB9843136707011E
:101EA00098C398431367170298C3D843058B75DF0F
:101EB0009843799B98C38280B7F700E0D843814666
:101EC000799BD8C303D7418A3306A70290CBD4CBE2
:101ED00098431367070198C398431367170298C381
:101EE000D843058B75DF9843799B98C38280EFE2D6
:101EF0002FA801112A84854537050200EFF02FE94C
:101F000085451145EFF0CFE691477C8237150140BA
:101F10008D473EC44C00E147130505803EC6EFF0F7
:101F20006FB322C837440040B70708000C081305F8
:101F300004403ECC02CA231E0100EFF0CFF28545DB
:101F400013050440EFF00FFB05616FE0AFA4EFE273
:101F50008FA0B7440040AE89328901449384044085
:101F6000634524014A856FE04FA29305000426854E
:101F7000EFF02FFA7DD9B387890083850700268586
:101F80000504C205C181EFF04FF8D9BF1387418224
:101F90001C43B7760020938686AE3E95636BD500D2
:101FA000B70601209386068063E5A60008C33E8538
:101FB0008280FD57EDBF7325103482807325203455
:101FC0008280732530348280EFE28F9A83A7C188A4
:101FD00041113EC6EF10401111896300051493872B
:101FE000018C9843B246998E37770020032747A289
:101FF00005836376D700324798C3EF30303BEF302C
:10200000107583A7018D91C7EF30703C19E123A8AB
:10201000018C9384C18B9840B247998F1307703E0F
:102020006376F700EF20E010B2479CC09387818A67
:102030009843B246998E0567130777386376D700C1
:10204000324798C3EF10C04CB77700209387879E24
:10205000D84711CF1387818B1043B246918E130658
:10206000703E6376D600B246DC4314C38297B774E1
:10207000002083A70499A9CB1387418B1C43B24648
:102080001306A00F9D8EB777002083A707A6ED83C8
:10209000B387C70263E9F600B2471CC3938704996C
:1020A0009C4B91C382979387018B9843B246998E3C
:1020B0003D671307F7A56379D700324793840499E6
:1020C00098C3DC4891C3829732459384C18A752CAA
:1020D0009C4032471D8FBD679387F7A563F5E700E6
:1020E0008D2CB2479CC003C7D18CBE841377F70FE9
:1020F0000DC703C7D18C1377070C1DE3B7770020FA
:1021000083A787A699C30545829703A7C18823A4FF
:10211000E18C93070004A386F18C41016FE08F8767
:1021200003C7D18C1377070415CB83A6818C03A733
:10213000C1881389818C158F93064006E3FFE6FC66
:10214000B777002083A787A699C30145829783A705
:10215000C1882320F900930700F875BF03C7D18C0D
:1021600062076187E35B07FA83A6818C03A7C188B6
:10217000158F93064006E3F2E6FAA386018C71BF41
:10218000EFD21FFF37750020130585A7EF10501BF6
:102190006FE04F80EFD2DFFDB7770020938787A0F5
:1021A000D8573774002088D313674700D8D71189D0
:1021B0009307C4A49C4F1304C4A401CD99C3014543
:1021C00082975C4C99C3014582970545A5226FD043
:1021D0007FFC99C3054582975C4CF5DB05458297EA
:1021E000FDB783A74189232005009DCB944363DB82
:1021F0000600D4479042634506029C4363D407001F
:1022000023AAD18883A7418991650146FD153548E8
:10221000B7080080944363D7060019C223AAF18847
:10222000014582809443139306016342030494435F
:1022300093F606108DCE944393F606208DCA9443F0
:10224000C182ED8EF11614C16371D802944393F6E6
:10225000060281EA19C223AAF1889C475CC10545A0
:102260008280944393F61608F5D62320050023A018
:1022700017010546DC4779BF03A74189B7060080EF
:1022800014C3584723AAE1888280EFD27FEE83C728
:10229000D18C93F7F70F81E78547A386F18C03A7CD
:1022A000C1889387418C09CB98C3B777002083A757
:1022B000C7A682976FD01FEE0547FDB7B7F7FF1F80
:1022C00003D567701375050F8280EFD27FEAB77769
:1022D000002083A7C7A60149B1C783A48188B9C0DC
:1022E0009C4003A984001384418C63DB0702F93707
:1022F000144081471306000813083006A168130331
:1023000000036304C5006312650203A7C188158F2B
:102310006364E80063FBF8009C40860785839CC0EB
:10232000232004004A856FD0FFE69840E35A07FE59
:102330008507C1BF03A7C188B77700209387479857
:1023400088A3239107002392070098C7A380070062
:102350008280EFD2FFE1B7740020138484A75C4031
:1023600041116C00138584A73EC623220400EF10A0
:10237000203BB2476C00138584A75CC05C443EC61A
:10238000EF10003A41016FD0FFE0B777002093874C
:102390004798982319E388C7828098479306703E30
:1023A0003307E54063F3E602EFD29FDCBA2388C728
:1023B000914663F7E6000145EFF0DFF76FD09FDD50
:1023C0000507BAA3EFF0FFF8D5BF8280EFD25FDA3E
:1023D0002A840145EFF01FF6B777002093874798CE
:1023E00011C8054798B3B7770020094723AAE7A289
:1023F0006FD05FDAA3800700E5BF828003288503E2
:10240000630B0802EFD2DFD6FC5D014791C70507D9
:10241000420741839C43DDBF83A7050891C7050799
:10242000420741839C43DDBF8146014681450298B6
:1024300001456FD03FD60145828001458280EFD2B1
:10244000BFD05C42032A85000329C5000049AA8445
:1024500088239C33B289A2075D8DEF10A07D935530
:10246000650093F5C503B305B0404E85EF2090326B
:1024700049E5DC44984C03DB8900998F63F86701D8
:102480004E85EF20103805456FD09FCF4A9A4E8970
:102490000356A900B30A8A40832B490063F4CA0497
:1024A0005686DE852285EF6020558357A900984423
:1024B000330444413E942286B3855B013A85EF6044
:1024C000A0532A9403290900E31409FC4E85EF2048
:1024D00050339C4C80C8DA979CCC9C4093E74700D3
:1024E0009CC055B72285DE85EF6000518357A90057
:1024F0003E94E39957FD8044F1B7014571B771CA25
:10250000EFD29FC4832BC5001C4D035B8600BA8AA3
:10251000B387FB40368A32892A8463F767013285A4
:10252000EF20302E6FD0DFC51C450449B289BE9B19
:1025300003D6A900338C9B4083AC49006377CC065B
:102540006286E6852685EF60204B83D7A900184474
:10255000B3847441BE942686B3858C013A85EF60BE
:10256000A049AA9483A90900E39409FC4A85EF20B5
:102570005029032884036305080483451A00834710
:102580000A001448A205DD8D83472A005A87568623
:10259000C207CD8F83453A002285E205DD8D029882
:1025A0001C44232C04001CC8B5BF2685E685EF60BB
:1025B000A04483D7A900BE94E39687FB04445DB78B
:1025C000184C1C4004C85A9793E7470018CC1CC00D
:1025D00091BF828018519547631AF70CEFD2DFB68E
:1025E0001C492A847D55D9CF328AAE8455CA832AA4
:1025F00084005844835B86003289BA9AC20A93DA0F
:102600000A019399070193D90901338B3A41035683
:10261000A900420B135B0B01032C49006376CB0628
:102620005A86E2853E85EF60203D0357A9001C4491
:10263000B3056C0133075741BA99C20993D909010F
:102640003E854E86EF60403BB30735010329090004
:10265000E31909FA184C1CC852855E9718CC18402B
:102660001367470018C0EF20D019FE38184C268594
:10267000B38B77415C44239B7403998FDEB4EF20C6
:10268000D07501456FD0DFAF3E85E285EF60C03683
:102690000357A900B307E500E31A67FB1C447DB7A5
:1026A0000145EDF22E85EF30203CE9BF6555828073
:1026B000EFD21FAC2E84B7250000AA849385455D18
:1026C0002285EF300001B725000022859385C53FA4
:1026D000EF308000B7250000228505469385A5438D
:1026E000EF3040009C20014593E787009CC06FD0ED
:1026F0007FAA19C93305A040A9679387076413759A
:10270000F50F3E950821828001458280EFD25FA6B9
:102710009307C003B387F502377400201307C490F2
:102720002A89AE841306C00381451304C490BA9766
:102730003E85EFD0FFA6630709001306C003CA85D4
:10274000EF60802B9305C003B385B402A2959C452E
:102750009CC9DCC96FD01FA4EFD2FF9F2A8A3775AE
:1027600000204111AE89B284814561461305059967
:1027700036C6EFD0FFA2B24637740020130984A0FA
:10278000B68519461305C900EF6000271146D285AA
:10279000130584A0EF6040261146CE85130549003D
:1027A000EF608025130484A0A1E0B7070001FD17A6
:1027B0001CC4814483C7C18C63CFF402EF10403F37
:1027C00085475CD01567B77700209387C79F1307AD
:1027D00007E298C31167130787A9D8C3254798C78D
:1027E000014541016FD07F9A1146A68513058400EB
:1027F000EF6080207DBF93F5F40F0145EFF01FF1EE
:1028000085044DBF1855B7573412938787676310F7
:10281000F712EFD25F941C512A842545638107107B
:1028200037790020130640048145130589A0EFD0B5
:102830003F97B77400201306C00281451385C4A4D6
:10284000EFD01F961306C002A2851385C4A4EF60C3
:10285000A01A9389C4A403A749014A869387C4A4F4
:1028600025EBA96603D7066293860662AE222E97F1
:10287000CE22F6222E9736979316270163D3060AA7
:10288000D8CBD84B9356E700FD8A89EAB746F8FFC4
:10289000FD16758FB7060500558FD8CBD84B9356CC
:1028A0003701FD8A89EAB746F8FFFD16758FB7062E
:1028B0005000558FD8CBD84B9316670063CA0600DB
:1028C000B70600FEFD16758FB7060014558FD8CBDE
:1028D000D84B9356B70189E6B7060040558FD8CB41
:1028E000D85311E7372700001307271ED8D3D44B3E
:1028F000014513D7E6007D8B2386D18C930786A0F4
:1029000098CF13D736017D8B130620033307C702F8
:10291000D8CF13976600635407000947B8C36FD038
:10292000DF86F976FD16758F8966558F91BF130581
:10293000F00F828003C6C18CB77700209386C790C2
:1029400001479387C7906317E60081476313F70237
:102950000145828003A807036317A80009C5054540
:10296000EDD998A1828005071377F70F9387C703E6
:10297000D9BFD05A6319A60019C50545F9D993E7FF
:1029800007F89CA18280850793F7F70F9386C6030B
:1029900075BFEFD24FFC377900202300050003C735
:1029A000C18C41119307C99081441309C9906317E1
:1029B00097001305000241016FD02FFD9387C703D5
:1029C00083A647FE63810618850493F4F40FC5B708
:1029D000B777002083A787A06C003EC6EF20D015F4
:1029E00011469305C4026800EF6000016C004E853B
:1029F000EF2070161306C0033386C402B72500000B
:102A00009385E5434E854A96EF20D0169547377556
:102A100000206C00232834031CD0130585A7EF0089
:102A20003050A6852285EFF07FCE014569B7094772
:102A30006390E70AEF50902AAA8963030512930A6C
:102A4000C4021146D6856800EF50107B324A370524
:102A500000F0EF104021337AAA00370500E0EF10B4
:102A600080206300AA04B7750020938585A76800BD
:102A7000EF1080671DE5B777002083A787A0123489
:102A80006C004E853EC6EF50207F1DE1D685114675
:102A90006800EF50707652306C004E85EF50D018C1
:102AA00039A01234938541854E85EF50E07C01C5F5
:102AB000EFF03FC409B71306C0033386C402B7253D
:102AC00000009385E54F4E854A96EF50D01D3DBFDF
:102AD0000D4713051002E390E7EEEF30E0345C445D
:102AE00012346C005EB9B777002083A787A0AA894B
:102AF0003EC6EF20301D2A8A11C54E85EF20D076C4
:102B000052857DB79305C003B385B4024E85CA953F
:102B1000EF20F03BB72500004E859385A53FEF20C1
:102B2000103C9547A685228523283403232A3403A5
:102B30001CD0EFF0BFBD377500206C00130585A7D2
:102B4000EF00103EDDB504A1DC4DC4C12E84E3903E
:102B500007EE03458402EF20300EAA89E31A05E64A
:102B6000454591BDEFD2CFE04EB52A84EF20F02647
:102B700009CD83476402228593E727002303F402EB
:102B8000EF40D06005456FD0EFE0B777002083A716
:102B9000C7A5A183858BFDD783476402858BFDD3B1
:102BA0008947A303F402054723A8E18CE1BFEFD2D4
:102BB0008FDA14426944CDCE23200600328A1306F0
:102BC000C0033306C502B77400201387C490AA89D6
:102BD000AE879384C4903297032B87005047032914
:102BE0008701404B329B63F326013689B30A8B4041
:102BF00063F32A0981CB3E855686A285EF50D05FCC
:102C0000B30755011307C0033387E9024A9433041D
:102C100064412697832A870091C72286D6853E8500
:102C2000EF50905D56949307C003B387F9022320B9
:102C30002A01A697984FC0CB3309274123AC27011F
:102C4000631809009847D8CB98CB98436D9B98C3DD
:102C50009307C003B389F9028D470144CE94D84C41
:102C60006318F70063160900CE248858EFF09FEF31
:102C700022856FD08FD191C74A86A2853E85EF50BD
:102C8000B0574A94E3912AFB9307C003B387F90234
:102C9000A697804749BFB77700209387C79081C91F
:102CA0001307C0033307E5023E97584B98C113073B
:102CB000C0033305E502AA97884F8280EFD2CFC8C0
:102CC00000422320060055C4AA876945D9C51305CB
:102CD000C003B387A702377500201305C590B77AE4
:102CE00000208144AA9703AB070393878AA0BC43C3
:102CF000938A8AA0898B99E39304700C9307805C74
:102D000063F487001304805C931C0401328A2E89CB
:102D100093DC0C01130C800C0146E6850145EF2085
:102D20002033AA8929C948412286CA8523AE0A02CE
:102D3000EF50904CCE855A85EF20006CAA8B4E85C3
:102D4000EF20202C83A7CA0399CB8504C204C1803D
:102D5000EFF00FC3E39284FD4D456FD06FC263D691
:102D60000B005E85EFF0FF98CDBF23208A00014560
:102D7000EDB76945DDB74545CDB7EFD2EFBC0042B1
:102D80002320060055C4AA876945D9C51305C00389
:102D9000B387A702377500201305C590B77A0020C6
:102DA0008144AA9703AB070393878AA0BC43938A05
:102DB0008AA0898B99E39304700C9307005C63F4F9
:102DC00087001304005C931C0401328A2E8993DC73
:102DD0000C01130C800C0146E6850145EF204027CD
:102DE000AA8929C948412286CA8523AE0A02EF5022
:102DF000B040CE855A85EF500062AA8B4E85EF20F9
:102E0000402083A7CA0399CB8504C204C180EFF098
:102E10002FB7E39284FD4D456FD08FB663D60B007C
:102E20005E85EFF01F8DCDBF23208A000145EDB7F1
:102E30006945DDB74545CDB7EFD20FB1832906000F
:102E400023200600638E090CAA872E8B6945A1C139
:102E50001305C003B387A702377500201305C5907B
:102E6000377A0020B28B930A900C8144114C130ADC
:102E7000CAA4FD5CAA9703A90703FD1AC20A93DA44
:102E80000A0163980A0083A70B00C9CB01456FD0E4
:102E90002FAF8327090163978709EFF06FAE0357C0
:102EA000690719E34545E5B783270A01858B99E34F
:102EB000E36A37FF03244A00637387003A8463F3AD
:102EC00089004E84131604014182854691E38146B0
:102ED000DA854A85EF409021AA844A858DE4EF4047
:102EE000F02A83A70B00B3898940AA84A29723A064
:102EF000FB00229BE38C09F883270A01858BB5FF31
:102F0000EFF02FFF69B763999401EF4030288327D2
:102F10000A01858BBDF379B7EF4050272685CDB7E1
:102F20006945B5B75D45A5B79307C003B307F5027B
:102F3000377700201307C790BA9703A807021547F1
:102F40006307E800DD47232006003E858280EFD23C
:102F50002FA2D84F8D476318F700EFF0FFEDAA8737
:102F60003E856FD02FA301E7EFF05FD5CDBF894637
:102F70009307A00FE316D7FEEFF03FE0CDB7EFD2F7
:102F80002F9FA147AA840021638AF50263ECB70052
:102F900085476381F502894713642400638EF50039
:102FA0006FD04F9FC147638EF500930700041364F1
:102FB0000404EDB71364140080C0DDB7136484000B
:102FC000E5BF48591364040165D9EF20F029EDB736
:102FD000EFD20F9A41119305F1002A89A30701004E
:102FE000EFF05F9515C5808793178401E18763D45F
:102FF00007021374F4071307C0033304E402B7771E
:1030000000209387C7903E94232A040223200402C1
:1030100041016FD02F9883C7C18CE37BF4FE130767
:10302000C0033307E402B77700201385C790938469
:10303000C7903A95544D0D47E39CE6FC8327090160
:103040000547DD1793F7F70F636DF700C145EFF004
:103050001FF39307C0033304F402269423280402C9
:1030600075B71C2193E707041CC1E5B7377700202B
:1030700083C6C18C1307C7908147638FF60013077F
:10308000C703032647FC11CEB7770020938787A09C
:10309000D85713670701D8D7B777002003C547A3D0
:1030A0008280850793F7F70FC9BFEFD26F8CEFF0DF
:1030B000FFFBB777002023AA07A26FD0AF8D83C78D
:1030C000C18C6371F5029307C0033305F502B7772E
:1030D00000209387C790AA9798431375F70F118B19
:1030E00098C3828001458280B777002003C587A2FC
:1030F0008280EFD2EF871304C00333048502377553
:1031000000201305C59041112A9404585D458DCCCB
:10311000185095475D456319F7025C54232A040251
:10312000B72600003EC652309386066B6C0026859B
:10313000EF2070532A8901CD2685EF20F0124A85B1
:1031400023200402EFF0EFDA41016FD0AF8483C790
:103150006402014593F7F7FB2383F402F5B7EFD23E
:103160002F811304C0033304850237750020130533
:10317000C590DD442A94085801CD185095478144E4
:103180006318F700EF508032232804022320040242
:1031900026856FD02F80EFC2BFFD1304C003330418
:1031A0008502377500201305C590DD442A94085820
:1031B00001CD1850954781446318F700EF20C024D3
:1031C000232804022320040226856FC0BFFCEFC21F
:1031D0009FF89307C003B307F502377400209309E3
:1031E000C4902A8941111304C4908144BE9903A557
:1031F000490301C92EC6EF203007B245AA8423A097
:1032000009029307C003B307F902A297885B09CDAF
:1032100085E1EF207005AA8481E81305C00333051A
:10322000A9022A9423200402268541016FC0FFF5DC
:1032300085476396F5008545EF203021F1BF89472A
:103240006394F5008145CDBFD954F9BF03C7C18C44
:10325000637BE5041307C003B307E502377700205B
:103260001307C7909546BA9790535D47631ED602E1
:10327000EFC21FF0DC4F09476397E700EFF03FEE26
:103280006205618531A00D47639AE700EFF03FF4D6
:10329000EFF02FC62A873A856FC0DFEF6547E5FF5D
:1032A000EFF07FEFF1BF69473A858280B777002062
:1032B00003A507A6358105898280B777002093870B
:1032C00087A005474111C8CB94DBD0DB8CDFD8D772
:1032D00041018280B7770020054723A2E7A48280BE
:1032E000EFC21FE9B777002003A687A583A68182D6
:1032F000131786016187630B051483C7418D6148ED
:1033000089483388070336980323C80063101315D0
:103310000343150083480500032808002203336394
:10332000130183482500C20833E368008348350051
:10333000E208B3E86800639B0811E207E1873E8575
:103340006FC05FE5B3885702B69803AEC800631933
:10335000060763170E0613988701135888418507DF
:1033600093F7F70FE3E0C7FE6317060193F8150024
:10337000FD57E38608FC8989FD57F1F19377F80F33
:10338000636BC8009377F30F6367C300FD57E3785F
:10339000C7FA9377F70F61473387E702BA9623A6F8
:1033A000060001CD103118212206598E382142071E
:1033B000598E38316207518F98C2238806000DA8B4
:1033C00063147E040DC9834E1500034E0500A20E42
:1033D000B3EECE01034E2500420EB36EDE01034E66
:1033E0003500620E336EDE0183AE08006315DE0128
:1033F000238AF18C99B783C80801E3E2E8F71397B1
:1034000087016187468FA1BFE31B8EF415C5834EEC
:103410001500034E0500A20EB3EECE01034E2500AB
:10342000420EB36EDE01034E3500620E336EDE01D6
:1034300083AE0800E30EDEFB83C80801E3E1F8F386
:103440001393870113538341C68F11BF3A883A8380
:10345000814F014F8147E1428543094421B7EFC2C3
:103460009FCF98319C21368A22075D8FBC21544121
:10347000C2075D8FBC31E207D98F639BF60089E6F6
:10348000D9573E856FC07FD00545EFE03FF4CDBFF3
:10349000E5DB2E842A89AA852285B289EF00D044F3
:1034A00065F11C300420370500F0A207C58F2420E9
:1034B000C204C58F2430E204DD8CEF00C07AE98CB1
:1034C000370500E0EF00207AE38CA4FAD28522854C
:1034D000EFF01FE1AA87E34605FAE147B307F502DB
:1034E00003A581823E9589475CC5232A25019387E0
:1034F00059001307950094237D1714B39386F7FFA3
:103500006396F900230805008147A5BFB687E5B794
:10351000B777002003A587A503A881820147E1486A
:1035200009430546130EF00E6363A7008280B306BD
:103530001703C2969C2ACC46850793F7F70F9CAADF
:1035400063986500636AFE0005071377F70FE9BF0C
:10355000E39CC5FEE37AF6FE23A60600F5B721CD6F
:10356000EFC21FC1C4412A84DC34C824A2075D8D88
:10357000EF00606BA16793870710938524016304B4
:10358000F5009385E400D835DC2522075D8FFC2506
:10359000C2075D8FFC35E207D98F5840B98F1844B8
:1035A000F98F81EB814613866400B1052285EFF027
:1035B0001FEB6FC03FBE828063030516EFC2BFB929
:1035C0003A26930790024111B2892E8AAA8463E8B1
:1035D000E7004E85EF10F02241016FC01FBB0329A9
:1035E00046008347D9000345C90013042901A207F7
:1035F0005D8D152DA167938707106304F5001304F3
:10360000E900834A14001C200545A20AB3EAFA0027
:10361000192DE390AAFC834A54005C2013054060F6
:10362000A20AB3EAFA000125E395AAFA834A340014
:103630003C200565A20A13050580B3EAFA00E523DC
:10364000E399AAF8930AE4001146D6856800EF5082
:10365000A03AD44013068400ADC2183C1C2C2207AB
:103660005D8F3C2CC2075D8F3C3CE207D98F63968F
:10367000F60485466C002685EFF07FDE054B7C3036
:103680006820A2075D8D45238547630FF5028947B2
:10369000E311F5F46C002685EF102033B777002096
:1036A00003A70799E30707F293870799DC47E382AB
:1036B00007F26C002685829729BF81466C0026851B
:1036C000EFF0FFD9014B65BFE3050BF00945A12BD6
:1036D00068A0218168B01146D68513058401EF509A
:1036E000A0311146938544005685EF50E0303504F3
:1036F00015099547FD5618207D197D1438B4A3008F
:10370000E9003307FA001823FD1718B0A303E900F6
:10371000E393D7FE9C4CCE85268582975DBD828043
:10372000EFC27FA32A89AE8901469305A0020D4509
:10373000EF1010127D544DC94041AA840545E52182
:1037400048A8218148B89306E90293075400154719
:103750009385C184138641847D5503C80600FD17F7
:10376000FD16A38B07013388E50003480800A380FA
:1037700007033308E600034808007D17A38007010C
:1037800003C81600A3830701E319A7FC114693059C
:1037900049001305C401EF502026CE8511461305BC
:1037A0006402EF5060250545BD2968A48569218123
:1037B00068B413850980852908A8218108B81305F4
:1037C0004060952128A8218128B813856980A12906
:1037D0008327890148A4218148B4A6854A85829718
:1037E0002A842685EF10F00122856FC01F9AEFC250
:1037F0009F962E842A89AA852285B289EF00D00E51
:1038000001C559556FC07F981C300420370500F062
:10381000A207C58F2420C204C58F2430E204DD8CAA
:103820009921E98C370500E03D29E38CA4FC183090
:103830001C2022075D8F3C20C2075D8F3C30E207D1
:10384000D98FE1D385452285EFF09FA9E34C05FA96
:10385000E147B304F50203A78182138A8182854779
:103860002697544799EA5CC7EFF0DFA6A2854A8500
:10387000EFF01FEBE38809F831A0E387F6FE7D55F2
:10388000E38409FE83270A000947A697D447E39BF0
:10389000E6F603A44900138797001306E90293068E
:1038A00054008D070C237D17FD168CB20C227D165B
:1038B000ECB2E319F7FE056513050580AD268327F5
:1038C000890148A4218148B4CE854A8582971DBFCD
:1038D000EFC27F88AE8441112A89B945268532849A
:1038E000EF10406B631E0510CA852285EF00C07F74
:1038F000631505101C3083490400370500F0A2074A
:10390000B3E7370183492400C209B3E7F9008349CB
:103910003400E209B3E9F900B926B3F9A900370583
:1039200000E091261020143038203C30639CA90818
:1039300013958600518D4207598DE20785456C84A9
:103940005D8D9305E0054C85392E41811375F50792
:10395000C88508301C2022055D8D3C20C207C98F18
:10396000283062055D8D01262181488608301C20A3
:1039700022055D8D3C20C207C98F283062055D8D10
:10398000DD24C8863400C04095477D561307540097
:10399000B385F6008C217D170CB3B305F90083C500
:1039A0009502FD176CB3E395C7FE05651305058009
:1039B0009D2C8327890148A4218148B4A6854A8586
:1039C00082970DA8A206D18E4207558FE207D98FA4
:1039D00003274900B98F03278900F98F99C78327E7
:1039E000C900715581CB1304C9002686A2854A857A
:1039F000EFF0FFDF41016FC04FF99386418461B75B
:103A00007955CDBFEFC2CFF644412A842E89DC34EC
:103A1000C824A2075D8D012CA16793870710631747
:103A2000F5009C388828A2075D8DF52A930705804C
:103A300091CB8567938767806302F5042285EF1039
:103A4000405C15A8A2854A85EFF07FB1DC34C8241C
:103A5000A2075D8DC92AA16793870710B945631333
:103A6000F500C945B305B0402285EF10A05279F5A5
:103A7000CA852285A92401456FC0CFF1228693050E
:103A800099024A85EFF05FB3FDB7EFC26FEEB777EB
:103A900000209387879A5CD193075006A309F5020B
:103AA0009307E006230AF502B74700009387078DC6
:103AB0005CC9B74700009387E7AE1CCDB7750020FF
:103AC00099472A842304F502232E0500194693857D
:103AD00015AA13059502EF4030729307C05D1EB81A
:103AE000930730032309F40201456FC0AFEAEFC228
:103AF0002FE8B1642E8493841435EFF0EFDE118942
:103B000015CDFD1485CCEFE04FFC2A897DD5AA8721
:103B1000814401E8CA852685EFE02FF701456FC093
:103B20006FE732244C403E85EF40106D3A24004050
:103B3000BA94C204B307E500C180E1BF5155C5B7CF
:103B4000EFC26FE1B777002083A707A7AA89138583
:103B5000818D9384818D82978C40A9C983C7D18C34
:103B60001384818D93F7F70F81E78547A386F18C46
:103B7000C2050D46C1810D454440EF10604D2A89B4
:103B800015C52A8432244840A685EF40F0663E24BD
:103B90000040BE9465F8EFE02FEE83A70901CE85C3
:103BA0004A85829701C54A85EF10A0456FC0EFDDB9
:103BB000EFC20FDC41113774002002C202C402C6FA
:103BC000EF00D078130584A7B775002019469385B8
:103BD00045A113059502EF403062B777002003A797
:103BE00087A0938787A0130584A73AC29847DC4330
:103BF0003AC43EC623AC018E23AA018EEF10A03832
:103C000037480000B7470000740030004C0013082C
:103C100048A09387A7A80147130584A7EF10003198
:103C200041016FC02FD79317850021815D8D42051B
:103C3000418182809317850021815D8D42054181FC
:103C400082801357850193178501D98FB706FF002E
:103C500013178500758FD98F4167130707F02181EE
:103C6000798D5D8D8280EFC2AFD0EFF09FFD6FC088
:103C70006FD2EFC2EFCF03A4818FAA8401EC03A51A
:103C8000418F11C5EF10803019C103A4418F2285E7
:103C90006FC04FD02285EF10602F05C198309C2057
:103CA00022075D8FBC20C2075D8FBC30E207D98F31
:103CB0005840B98F1844F98FF9DB0040C1B7EFC203
:103CC000AFC84041AA84AE891C300820A2075D8D90
:103CD000EFF05FF631814205418191476306F500BF
:103CE0002685EF10003231A41C300820A2075D8D1C
:103CF000EFF05FF419813C30137AC5032820A20746
:103D00005D8DEFF03FF3BE242A89E3EB47FD9E244F
:103D1000E3E8A7FCD2852285EF40D04571F1CA8542
:103D20002685EF10E046370500F0EFF0DFF33705AA
:103D300000E0EFF05FF34E89054B930B04014A85D9
:103D4000EF10C02411E563130B12032909000DA223
:103D500093074900EDDB83264900F5D618381C2867
:103D600022075D8F3C28C2075D8F3C38E207D98F60
:103D70006382F604CA855E85852E0DED1C38834A64
:103D80000401370500F0A207B3E75701834A240175
:103D9000C20AB3E7FA00834A3401E20AB3EAFA003E
:103DA000EFF07FECB3FAAA00370500E0EFF0BFEBCD
:103DB000E39BAAF858345C2422075D8F7C24C20759
:103DC0005D8F7C34E207D98FB9C3CE851305C4005B
:103DD000212EE31705F05C34034AC400370500F0D8
:103DE000A207B3E74701034AE400420AB367FA00B7
:103DF000034AF400620A336AFA00EFF0DFE6337A2E
:103E0000AA00370500E0EFF01FE6E30BAAECE30998
:103E100009EC03497400682022093369A90011657F
:103E20007D15EFF05FE03375A90011C52685ED26FD
:103E3000AA8461C14041CE852685EF10604955E9CD
:103E40001C340824A2075D8DEFF0DFDE1375F50F3B
:103E500099476303F50AC5476309F5088547631267
:103E6000F50ACE852685EF40E07061A003A9818F19
:103E70006314390103290900014BE31209EC1C34D6
:103E80000824A2075D8DEFF0FFDA1375F50FC54723
:103E9000631EF500B3074401A823BC33A2075D8D60
:103EA000EFF05FD993074004630DF502854A1C3497
:103EB0000824A2075D8DEFF0FFD71375F50FC547F6
:103EC0006319F508229A83473A0003452A00A2079E
:103ED0005D8DEFF03FD69307C076631CF5064E89E3
:103EE0003DB7E39809F2814AD9B7CE852685EF40E0
:103EF000201501456FC0CFA8CE852685EF20902ED6
:103F0000CDBFCE8513050401C522E31B05DC1C389B
:103F100003490401370500F0A207B3E7270103496D
:103F200024014209B367F900034934016209336986
:103F3000F900EFF05FD33379A900370500E0EFF027
:103F40009FD2E30FA9D8C0C089452685EF409007CE
:103F500041BBE3910AE669B3EFC20F9FAA89428988
:103F6000630F0612AE8AD1453A8AB284B68B3E8B75
:103F7000EF10400279576311051203A44900A20B08
:103F80001C340824A2075D8DEFF0DFCA1375F50F0E
:103F900033657501EFF03FC91357850018B408A4C5
:103FA000EFF05FC92181420541812205336565013A
:103FB00042054181EFF03FC798309C2008A42207BA
:103FC0005D8FBC20218108B4C2075D8FBC301165B4
:103FD00013050550E207D98F13D787001CA818B81E
:103FE00013D70701E1833CB838A83365AA00EFF086
:103FF0009FC308A0218108B003D58900138A018ED0
:10400000EFF07FC228A0218128B003550A002303C6
:104010000400A3030400EFF01FC183570A0048A067
:104020002181850748B02310FA0063810A0203C783
:104030001A0083C70A0022075D8F83C72A00C207C0
:104040005D8F83C73A00E207D98F99E713074900CC
:10405000814719C38327490013D787005CA458B44C
:1040600013D70701E18378A47CB423050400A305DA
:104070000400D1452285EF40F00F28A4218128B407
:104080008357090385C303D7890063FDE7002686AC
:10409000CA854E8585232A873A856FC06F8E444135
:1040A000C104F9BF832749012686CE854A858297B8
:1040B000DDB7EFC2EF8B01112A8432852ECE36CCCC
:1040C0003ACA3EC832C6EFF0DFBA09CDC2475247FE
:1040D000E2463246F2452A882285EFF0FFE7056185
:1040E0006FC04F8B7155E5BF18311C2122075D8FC2
:1040F0003C21C2075D8F3C31E207D98F9386F7FFE1
:1041000075576366D70203C725030145098B0DC3A5
:10411000D841630FF70094453D8F758F11EB13C5A0
:10412000F6FFE98F3385A7401335150082800545DA
:104130008280EFC26F8103A4418EC544014B138975
:10414000418E19E06FC0CF83FD1493F4F40FFDD8B6
:104150007C3C032C040091C7FD177CBC228B62843D
:10416000CDB783294400814A03A549005C31582119
:10417000A207D98F85EF18311C21514622075D8F88
:104180003C2193058400C2075D8F3C31E207D98F43
:104190005CC0EF40700685454E85EF40E0634E857C
:1041A000EF108004AA8A4E85EF00B0658329440091
:1041B00063960902032709001C40631CE4042320C2
:1041C000F900A2851545EF00B0461387218E1E2306
:1041D0005A84B38A57412310570149B703A74900AE
:1041E0004E851C33034A0700A207B3E74701034A81
:1041F0002700420AB367FA00034A3700620A336AAB
:10420000FA00EF00707EAA9A4E85EF00905FD28987
:1042100045B72320FB0075B7EFB21FF344412A894D
:104220009C308820A2075D8DEFF0DFA01981137507
:10423000C503D1476312F526FC30E820A2075D8D47
:10424000EFF05F9FBC302A8BA820A2075D8DEFF0B6
:104250007F9E9C30AA8C8820A2075D8DEFF09F9DE9
:104260002A8C4A85EF005078B777002083A7C7A52E
:1042700003D7218E2A8D8D832A97FD8B9389218EDA
:1042800063ECE72003A4418E814A138A418E1DE826
:104290001545EF00F0372A846300052071468145FB
:1042A00013054400EFB0DFEF8D477CBC83270A0085
:1042B00023208A001CC05146A68513058400EF40C8
:1042C000A07395ACD834DC2422075D8FFC24C20790
:1042D0005D8FFC34E207D98F58486316F70298388F
:1042E0009C2822075D8FBC28C2075D8FBC38E2077F
:1042F000D98F184C6319F700DC30D4205A24A20758
:10430000D58F6306F720A28A004051B7CC4203C87C
:10431000550003C34500220833686800637C060D1E
:1043200093D5860094A38CB393D50601E182ACA308
:10433000B4B3630E072A74336C23A206CD8E636474
:10434000D6146362A814935689002300270114B37E
:10435000935609011359890134A3A3012701782C2D
:10436000014B058B630F0718638D081858404443B1
:10437000D830D4202207558F63150718943398231B
:10438000A206D98EB8234207D98EB8336207558F5B
:1043900061E75E2C03C904005146D1075EAC9C3036
:1043A000930584002685A207B3E7270103C92400EB
:1043B0004209B367F90003C9340062093369F9009F
:1043C000EF4080634A2CEFF01F86A8A02181A8B09F
:1043D00023830400A383040023850400A385040031
:1043E000D1452685EF400059A8A42181A8B4032B0C
:1043F0004400D5A063090609F43103C36500A20691
:10440000B3E666006361D60801CB742378332207D4
:10441000558F6303E8008148983194212207558F16
:10442000B421C206558FB431E206D98E2E8765AA13
:10443000935689002300270114B393560901135999
:10444000890134A3A3012701742378332207558FF0
:10445000E307E6F0814821B75443EC23F833DC321C
:10446000D0222207A2074D8FD18F631AF7029C3208
:104470009822A207D98FB8224207D98FB832620793
:104480005D8FB68731B74A85EF00105683D7090094
:104490003385A7402390A9004A85EF009036014B51
:1044A0008DA0B1554A8583244900EF00B02ECA85FE
:1044B0005A85EF0030559C3003C90400A207B3E7CA
:1044C000270103C924004209B367F90003C9340076
:1044D00062093369F900E31609FC03270A001C404E
:1044E0006314E4022320FA00A2851545EF0050145E
:1044F0005A85EF00704F83D709003385A74023907A
:10450000A9005A856FB0DFC723A0FA00F1BFFC30C5
:10451000E820896BA2075D8DEFF0CFF1FD1B3375AD
:1045200075014205418101E96A24EFF0AFF033756E
:104530007501E31205D883D709003E9D2390A90198
:10454000FC30E820A2075D8DEFF0CFEE9317250138
:1045500063C2070213153B017C2C4D810E05135CD1
:104560006C006695137CCC0393E7170033058541F7
:104570007CAC4AAC83244900BC30A820A2075D8DE6
:10458000EFF04FEB9C302A8B8820A2075D8DEFF077
:104590006FEAFC30AA8BE820A20793DB6B005D8DED
:1045A000EFF04FE94E054D81131635003305CB0072
:1045B00013FBCB038327490033056541420513579D
:1045C000860041815440D8B313578500F8B3238047
:1045D0000700A380070023810700A3810700D0A361
:1045E000E8A385480147E39306D2E31307E42322B7
:1045F0002401B5B3EFB2DFB4032C4500011132CA78
:1046000003477C00AA8D03456C00220783DB05036A
:10461000598DAE8CEFF00FE28966B377D500138A1F
:10462000CBFEA146334ADA0283D48D0009677D1799
:104630003EC63379E500B1144209C2041359090199
:10464000C1800144514D3ACC420A135A0A019316D3
:104650003A0093970601C1833EC89387DBFE3ECEA6
:1046600089E4014505616FB07FB1E247A68A337BDB
:10467000F900B24733EB6701F24763C6F400C24A60
:104680008967336BFB000146D1450945EF00501C9B
:10469000AA8939C948415146E285EF40E03503A671
:1046A0004D0083AB49006A9623A2CD0003D6AD002E
:1046B000B306A6412395DD00568D63090D0403D48E
:1046C000AD0063738D006A844204418001E483ADD0
:1046D0000D00E5B7814509460D45EF007017AA8525
:1046E00011E54E85EF00F0117D55ADBF03A64D00DD
:1046F00002A522A550C14E85EF00D030B3068D40F3
:10470000139D0601135D0D01E3130DFC5A85EFF0B7
:104710008FD12383AB002181A383AB0013854A0192
:1047200042054181EFF02FD02381AB002181A3818D
:10473000AB00D14523850B00A3850B005E85EF40C0
:10474000602303A74C0152462385AB002181A3853A
:10475000AB00CE8566850297B384544152994E854D
:10476000C2044209EF00F009C18013590901228DEA
:10477000C5BD3C296385B7002CA9A309050082802B
:104780005E2D184DB306F7002388B60E93862700DA
:104790008507C207C18356ADBA972388C70E8280AA
:1047A0005A2D1C4D9306170056ADBA972388B70EA5
:1047B00082805E2D184D13D68501B306F70023883D
:1047C000C60E93861700C206C182BA9613D605019B
:1047D0002388C60E93862700C206C182BA9613D6D6
:1047E00085002388C60E938647008D07C207C183C4
:1047F00056ADBA972388B70E828015C15E2D184D2D
:10480000130630049386170056ADBA97FD562388D9
:10481000D70E5E2D6376F60093F6370091E2828024
:104820009386170056ADBA972388070EDDB7630C41
:104830000516EFB2FF9303290502DD57630209163F
:10484000AA840146930540130145EF007000232A16
:10485000A9002A87FD57630505148346390193870C
:10486000C18281E69443850694C3404388438547CB
:10487000232C89002320A9001CA01CB099473CA030
:10488000A3010400EFF0EFBB9357850048A05CB094
:104890009357050161817CA068B0032489012947F1
:1048A00023040400A304040023050400A30504005A
:1048B00023060400A306040023070400A307040042
:1048C000834729016388E700F11793F7F70F05473E
:1048D000636AF700DC205CA4DC305CB4FC207CA4C0
:1048E000FC307CB423080400A3080400230904005E
:1048F000A3090400230A0400A30A0400230B0400F4
:10490000A30B0400230C0400A30C0400230D0400DB
:10491000A30D040083C58402814741461397070114
:10492000418381466376B7003387F400834697025C
:104930003307F40054AF8507E392C7FE1307C402A0
:104940009307C406230007000507E39DE7FE13074E
:10495000C40E238007008507E39DE7FE3755826379
:1049600013053536EFF0EFAD935785002306A40EFF
:10497000A306F40E032689019357050161812307DD
:10498000F40EA307A40E231E090081471307400459
:10499000B306F6002388F60E8507E39BE7FE814702
:1049A0003E856FB02FFFD9573E85828011CDEFB283
:1049B0002FFC005101C8484811C1A125232A040039
:1049C000232C04006FB00FFD828063000518EFB246
:1049D0002FFA0051630904163828A1476315F7160A
:1049E00098319C2122075D8FBC21C2075D8FBC31AD
:1049F000E207D98F18546398E714AA84B145228539
:104A0000EFF03FD72685EFF09FE2631905120546C8
:104A1000930550032285EFF0BFD691452285EFF034
:104A20003FD81146930520032285EFF07FD5085427
:104A3000EFF06FA3AA852285EFF0BFD7114693054B
:104A400060032285EFF0DFD34850EFF0CFA1AA85B5
:104A50002285EFF01FD61D469305D0032285EFF087
:104A60003FD25E2C184C05462285B306F7002388FA
:104A7000C60E138627004206418252AC9386170069
:104A800083C59402C206C182BA962388B60E938665
:104A90003700C206C18256AC83C5A4023A96BA96C4
:104AA0002308B60E138647004206418252AC83C5E6
:104AB000B4023A962388B60E93865700C206C18286
:104AC00056AC83C5C402BA962308B60E1386670097
:104AD0004206418252AC83C5D4029D073297238897
:104AE000B60E5EAC83C7E4022308F70EEFF0FFD0EA
:104AF0004E2C48489385050FC205C181512D0347AF
:104B000084021C4C4C484840D8A70347940203A990
:104B10004400D8B70347A402930630041386818566
:104B2000F8A70347B402F8B723A204002687EF30A2
:104B3000407E268523A22401EFF05FE73C388507FD
:104B40003CB885477EAC6FB0EFE48280EFB24FE2B5
:104B50001128BD24B777002083A7079F91C38297B0
:104B60006FB04FE337470020130737D6719B23A65A
:104B7000E18EB777002083A747A5231107008D0793
:104B8000F19B93960701C182BA9716A323020700EF
:104B900023A8F18E0546D0A396A3B6A323A4E18E45
:104BA000828049C183A7C18E636EF50683A5018FFC
:104BB000637AB50683A6818E130685FF230E05FE54
:104BC0001387818E6373D60010C3835685FFBE960C
:104BD0006304D60203C8460063100802638ED50042
:104BE0000C436393B60010C38E22231CB5FE96229D
:104BF000B305F640BE96AEA28355A5FFB386B700B7
:104C00006302D60203C84600631E0800032807009B
:104C10006313060114C3035785FF9AA2035785FF48
:104C2000BA97AEA382808D05C205C181F199C205F4
:104C3000C1813147AE8763F3E500B1473777002084
:104C4000032647A5C207C1830D06719A6360F60A61
:104C500003A7C18E636DE50883A6018F6379D5082C
:104C6000930685FF835885FF998EC206C18293857E
:104C700088FF958DC205C18163EAF5066389F50653
:104C80003303170103484300631408029385860029
:104C90001388818EAE97032E0800C207C183835804
:104CA0000300B305F70063166E022320B80015A0B9
:104CB0001388470163ED050393858600AE9713883B
:104CC000818EC20703230800C183B305F700E3EE1A
:104CD00065FC23901501B6A123820500231CF5FE77
:104CE00096216306D60036973EA3828001458280D6
:104CF00039C51307350042074183719B4207418341
:104D0000B146BA876373D700B147377700200326CF
:104D100047A5C207C1830D06719A01456362F60279
:104D200003A7818E83AEC18E9385818E3303F640B7
:104D3000B306D741C206C182615E63E466000145E5
:104D400082803385DE0003484500835805006317E1
:104D500008063308DE4046986362F806138347016D
:104D600063626804A107B697C207C1833388FE0057
:104D7000231018012311D8002302080085461EA124
:104D800054A1835608006304D600F696BEA26319A8
:104D9000A70083A6018F8147502301EE91C398C1DC
:104DA0002105828085475CA1DDB71A238547769768
:104DB000E5B7E39CE6FEEDD794C1DDB7C686B5BF87
:104DC00083A5018383A64183B75700209387F7FC0F
:104DD00037770020F19B130707AB1385060103D833
:104DE00005002320070001466318C8008906110743
:104DF0008905E396A6FE8280832807000506420601
:104E000023A0170183D806001CC34182C697E9BFBF
:104E10009D4763EDA700B77700200A05938707AB8E
:104E2000AA97884309C5184198C3828001458280AA
:104E300099C99317250037750020130505AB3E95DA
:104E40001C419CC10CC18280EFB2EFB098319C2113
:104E5000AA8422075D8FBC212E84C2075D8FBC31DE
:104E6000E207D98F5841639FE70018301C202207C2
:104E70005D8F3C20C2075D8F3C30E207D98FDCC0DC
:104E80006FB0AFB003A5419001499309400605C139
:104E90001841DC40032AC5006311F7048545EF0083
:104EA000D05A9307190093F7F70F63F7290383A7E5
:104EB000C190C5DF984319CFD440631DD70014308B
:104EC0001820A206D98E38204207D98E38306207C2
:104ED000558F98C3DC47F1BF3E8952854DBFEFB275
:104EE0002FA9411132C636C42A84EFF0FFF53246AD
:104EF000A246814719CA18321C2222075D8F3C2224
:104F0000C2075D8F3C32E207D98F1CC4814799CA22
:104F100098329C2222075D8FBC22C2075D8FBC3273
:104F2000E207D98F5CC441016FB0CFA6EFB24FA4A6
:104F300058CD1387C18F83480700411123220500F4
:104F4000232405002326050023090502232005024A
:104F500013831800A30A1503232805012A843EC6DB
:104F600023006700EFF0BFF7B2472285829711E96F
:104F70009387818F984318C080C3228541016FB009
:104F80006FA10144DDBF23AAA18E828003452503C2
:104F900005898280AA870145A5C5BDC31396050171
:104FA0004182328863DB05003308C040BA274208DB
:104FB00013580801054563650705D427D84381C602
:104FC0000D456391A6020D8F938607010545636920
:104FD000D702D8C3BA2701453297BAA79A273A967B
:104FE00092A78280FD16C206C1828548054563E905
:104FF000D80063D70500B62763E406010D8FD1BF43
:105000008280EFB24F9501440DCDAA8501440D4930
:105010008549FE25FD17C207C183FEA59DE3DC255A
:1050200084411D4563882701FD17C207C18363EDD5
:10503000F9001945EFF0DFDF05041374F40FA685BE
:10504000E9F822856FB06F942E85EFF09FB5EDB72C
:10505000EFB26F908547630DF50031C58947630650
:10506000F5048D476305F504014422856FB0EF9187
:105070008144D104B904C204C1808947B2892E8910
:1050800063E9C70279CA1945EFF09FD82A8469DD20
:1050900023220500231425012315250123200500C3
:1050A00023063501B5A0D144E9B78144E1B7814475
:1050B000E9B78D470144E31AF6FA1D45EFF05FD5D5
:1050C0002A845DD1B3079500CD07F19B3777002087
:1050D0005CC19307C7A4DC438D04F19893879703C1
:1050E000F19B230635012320050023142501B384F9
:1050F00097409309C7A463739900CA84854726A47F
:105100007EA4B30499400D4A2289854A63479000E2
:1051100085477EA4A306040089BF1D45EFF05FCF3D
:1051200009E52285EFF0FFED81B783A7490023163B
:105130004501232005002320A9009387970306A596
:10514000F19B63F3F400A687130705013EA558C140
:10515000231755019D8C2A8955BF938735001385E8
:105160003401F19B71993E9542054181EFF05FB8A2
:105170002A84E30B05EEAA94CD04F19844C12314CC
:10518000250123152501232005002306050049B725
:105190001E2563FAF504EFA2BFFD2A84AE84B3870F
:1051A000F5402E2463E995025C2481EF638B950022
:1051B0004C402285818DA695C205C181EFF0BFA626
:1051C0002A84084026A406A419C1EFF09FE32320F7
:1051D00004006FA03FFC1A248D8CC2043E971AA4D1
:1051E000C18000407DBF8280814719E13E85828079
:1051F000850793F7F70F0841CDBF01C57E258507C9
:105200007EA5828009CD99E182803A859E2516256A
:105210001841B697C207C1831EA565FB0CC18280E9
:10522000EFA21FF52E84EFF0FFFD2285EFF0FFFCCB
:105230006FA05FF63DCDEFA21FF22A84AE845955D0
:10524000ADC51A249E256362F7060149014A8359B8
:10525000A400BE24B3894941B387274163C9F90437
:10526000939907014840CC4093D909015295CA95BA
:105270004E86EF3060784E9A3E24420A4E9942099B
:10528000135A0A0113590901639447010040014A66
:10529000BE246365F900844099CC0149BA249E2458
:1052A0006316F7029C409DC35D556FA01FEEC209B7
:1052B00055BF5955828009C801493A241E246314F8
:1052C000F7001C40F5F3C1F40145C5B77DF441B7C3
:1052D000EFA27FE803294500AA8983479900034587
:1052E0008900014AA2075D8DEFE0DF94937AF50F04
:1052F00003A4019031099384019001E401456FA05A
:10530000DFE81C280145639457035C488DC3084CB3
:10531000CA864E86A285829719C963080A005C4432
:105320002326FA009C4080C05CC4054581495C444A
:10533000228A71F53E84D1B7814799C998319C2161
:1053400022075D8FBC21C2075D8FBC31E207D98F78
:105350001CC101458280814799C998319C2122074F
:105360005D8FBC21C2075D8FBC31E207D98F5CC164
:10537000014582804CC910CD8280EFA2DFDDAE8472
:105380002A89D1452685B289EFF0DFC015C90146CB
:1053900081450545EFF0DFCB2A8409E57D594A8533
:1053A0006FA0BFDEA685EFF0BFE74E85EFE07F8CF4
:1053B00019ED7159E30594FE2285EFF09FC4C5B73E
:1053C000B1552685EFF01FBD71F92684F9BFCA8556
:1053D000630509008327090099E393054500834786
:1053E00009010347A9008346B9002A884E86228511
:1053F000EFE09FB62A897DBFEFA29FD71306450035
:10540000EFF0BFF76FA01FD9EFA29FD613870190CF
:105410001C43AA856390A7025C451CC30145EFF0BD
:105420003FA16FA03FD7D84709C76314B700D8453D
:10543000D8C7DC47EDFBDDB7EFA29FD3AA840145B7
:10544000EFF01F9D2A8411CD71468145EFA05FD5F5
:10545000930700F83CB493870190984304A880C355
:1054600058C422856FA01FD383A6419003A6C19183
:1054700083A5C19003D5C1839387C183130715000A
:1054800013150701131807014181635308000565CF
:10549000368719E7328719EB2E8719EF8AA38280A6
:1054A0000358C701E30CA8FC5847E5B70358C701E8
:1054B000E306A8FC5847C5B70358C701E300A8FC9A
:1054C0005847E1BF1C4963960710EFA2DFC841119E
:1054D000AA84328411E62EC6EFF01FF9B2452A8461
:1054E00003A7C19031E703A7419025EB83A98190E1
:1054F000138981904E8759E783A7C191CDEB85C170
:1055000098319C2122075D8FBC21C2075D8FBC3181
:10551000E207D98F89C711462685EF30E04DC2AC2E
:1055200023A6340123209900014541016FA0FFC546
:105530005E2F63928702104359CED1CD94319C21C6
:10554000A206DD8EBC21C207DD8EBC31E207D58FFD
:10555000D9C36302F608584771B75E2F639287027A
:10556000104335CAADC994319C21A206DD8EBC2101
:10557000C207DD8EBC31E207D58FB1CF630DF604D3
:105580005847A5B75E2F63928702104329C6A1C56D
:1055900094319C21A206DD8EBC21C207DD8EBC3178
:1055A000E207D58F8DCB6308F6025847A9B7DA2FEB
:1055B000631F870094319821A206D98EB821420733
:1055C000D98EB8316207558F94436386E600DC4775
:1055D00035B74D558280555589BFAA870358C502F6
:1055E0001459D23B0C5583D807043305D8400582A3
:1055F0002E95328763F3C8004687420741833307FD
:10560000E540634507002397070382803387D54031
:105610006356E00023970702014582808D8EF6B71E
:10562000E5BFEFA2FFB45E352A84BE95C2055E39A0
:10563000C1814EB563F3B7005EB52285EFF0FFF987
:105640005E388983634BF50083476402228593E7C4
:1056500027002303F402EF2060336FA0BFB3EFA253
:105660003FB14111014409CDAA854841014411C50A
:105670002EC6EFF01F99B2452A841145EFF04FFB7B
:10568000228541016FA01FB1EFA29FAE014401E549
:1056900022856FA03FB00441EFF07FFC2A94137481
:1056A000F40F2685EDB7EFA2BFAC41112AC6114514
:1056B000EFF00FF62A8401C9B2455146EF30C033EE
:1056C0004840EFF09FB3228541016FA0BFAC0CCDE5
:1056D00082802328B50882802326B5088280232E65
:1056E000B5088280232CB508A30EC50282801C4910
:1056F00005476374F70429476381E704EFA25FA7B6
:105700002A840325850809C5EFF0BF8F23240408E8
:1057100003254408FD577EBCEFF01FF7685C232289
:105720000408EFF07FF603250408EFF0FFF5232EC1
:105730000406232004086FA0FFA58280EFA25FA0CB
:10574000B7740020938784A01387019103CC87014D
:105750001C43A96A850703AD41901CC31309600669
:10576000014A938484A013840191938941908D4CC4
:10577000938A0A67138BC185631A0D0003A4C19134
:105780009384C191631904246FA05F9F7D191379DD
:10579000F90FE30B09FE03462D0583260D01854D08
:1057A0006302CC02834D0D0B63840D100327CD0AD9
:1057B000B306BB0183C6F6FF05072326ED0A637C0B
:1057C000D70C814D03270D019946631DD700032691
:1057D0008D031440918E904C6376D60093871D0004
:1057E00093FDF70F83568D00814BA18A95CE91468C
:1057F0006305D7009D466319D70283284D0A832687
:105800008D0A03250D0ACC4CB386D802104003271D
:105810008D03198EAA96B3D6B60263FCC610938781
:105820001D0093FDF70F854B03254D0805C1032788
:105830008D0314401946998E03170D053307C702CF
:1058400063E6E600EFF05FE423220D0803270D0175
:105850006314971183268D031840158F944C63E8C9
:10586000E61063960D108347CD030347DD038507DC
:1058700093F7F70F230EFD0263EBE70083278D09F3
:10588000230E0D02639207146A85EF2020106A8AA6
:10589000032DCD00D5B523260D0A19476366B70140
:1058A00093871D002308FD0A6A85EF20406C11BF15
:1058B0000317ED03634507000507231FED020327C8
:1058C0000D08E30007F08315ED0303170D05E35AF8
:1058D000B7EE63F4DC020317CD048316ED04B14781
:1058E0000D8736979376F60F63F3C700B146D696C9
:1058F00094223317D7002318ED048356AD050357C0
:105900004D06231F0D0263F3E600368742074183ED
:1059100083560D040583231EED046376D700139789
:105920001600231EED04231DDD046A85EF20004DC3
:1059300051BD03471D0B814B330717032A9733577C
:10594000B702E373C7EE6A85EF20805C03471D0B47
:105950000507A308ED0AC9BDA546E314D7F0032740
:105960008D031440998E984C0607E37CD7EE6A8528
:10597000EFD00FE66A85EFF09FD78327CD00630253
:105980000A042326FA008327CD0989C703258D0140
:10599000ED558297638F0B0083574D020357CD015E
:1059A00083258D0203250D0693064D006A86EF20A0
:1059B0006034832BCD00EA850945EFF06FC75E8D1B
:1059C00065BB23A0F900C1B703258D01EA85829745
:1059D000E30C05EA6DBD2285EFD08FDF2285EFF065
:1059E0001FD10329C400A285094523A024014A84AC
:1059F000EFF00FC441BBEFA2AFF71C412E846390C0
:105A0000B704DC451CC1232604002285EFF03FCEFD
:105A10001C4829476381E7020547638EE7008347F7
:105A2000640213F7170001CB93E727002303F40266
:105A30002285EF10B075232804006FA0AFF523ACCA
:105A4000F19081461387819189E7D5DE23200700F5
:105A50005DBFD0476317860091C21CC35844D8C7A6
:105A60005DB78546B287CDB71C491D476365F70A08
:105A7000EFA20FF029678A0713070765BA979C43BF
:105A80002A848287EFD0CFD4138781901C436399F7
:105A900087005C441CC323260400A28509453DA859
:105AA00023ACF19081461387819189E7EDD62320BD
:105AB0000700D5B7D0476317860091C21CC358446E
:105AC000D8C7D1BF8546B287CDB7EFD06FD0A285FA
:105AD0001385C190EFF03FF2A2850D45EFF04FB571
:105AE000014531A8EFD0CFCEA28513854190EFF0CC
:105AF0009FF065B78545EF10105E954701C96FA00F
:105B00006FE98545EF10305D7DF9A5471CC82285FA
:105B1000EF10D067F1B701458280EFA26FE5411128
:105B20002E8511CE0E2632C6EFF0BFAF324632853B
:105B3000EFF02FCD81473E8541016FA0AFE5814752
:105B4000FDFAEFF07FF2AA87FDB7EFA26FE203A4A0
:105B500041909304500619E06FA0CFE30326840818
:105B600019CA832704098146A2858DCF084C8297E4
:105B700019E123240408FD1493F4F40FF1DC8347A6
:105B8000640213F7170009CF93E727002303F402F9
:105B90002285EF10B05F83476402F19B2303F40278
:105BA000404455BF0145EFF05FF7D9B7EFA24FDC96
:105BB000EFF0BFF9138741911C23850793F7F70F87
:105BC0001CA3858B99C3EFF07FB76FA0AFDCEFA26A
:105BD0002FDA03A4419093045006014901E44A8559
:105BE0006FA04FDB0326840819CA83270409814666
:105BF000A285B1C7084C829719E123240408FD143B
:105C000093F4F40FE9DC8347740285CB0347640205
:105C1000937617009DC2FD1793F7F70FA303F402C5
:105C20009DE3136727002303E4022285EF1010563B
:105C300083476402F19B2303F402404445B70145C6
:105C4000EFF0BFED55BF0509CDBFEFA2EFCF18496B
:105C5000A94741112A84631EF700AA851385C191C3
:105C6000EFF07FD9A2850945EFF08F9C41016FA02D
:105C70002FD11C412E8B032905063EC65C4183298A
:105C80008502035AC5013EC4835A45028324C509CF
:105C9000832B8501EFD0CFB313854190A285EFF020
:105CA0009FD50325040819C1EFF01F9E685C19C138
:105CB000EFF09F9D0325440819C1EFF0FF9CA285DA
:105CC0000945EFF0EF9681C4ED555E858294E30FB0
:105CD0000BF8D687528734007000CE854A85EF20B6
:105CE000600169B793878183884303A701913A953F
:105CF00088C38280EFA22FC62A890945EFF04F9111
:105D0000B77400209384C4A42A8425E19C48898325
:105D1000858B89E7014422856FA02FC783A7C19196
:105D200003A601910145814693890191F1E701C5DF
:105D30008545EFF09FF10945EFF08F8D2A8415E539
:105D400083A7419003A509007D191379F90F130664
:105D5000F0078145DDEB09C485452285EFF0FFEEB4
:105D60000945EFF0EF8A2A8455D51306400B81458B
:105D70002285EFA0EFC2930700045CA89C44231C7B
:105D8000040613078021231BF4065E385EB47EB43C
:105D9000E1773EA4DC406374F70093078021231071
:105DA000F404C1677D577CC485472318F4047ABC8A
:105DB000231DF404EFF01FF383A7019168D428D0CA
:105DC0001CDCB76700009387A7B12328F408B777D6
:105DD000002003A7C79F9387C79F68C82320E40AB2
:105DE000D8439C4728D8230E04022322E40A232404
:105DF000F40AA308040A05B7985F3307E640636412
:105E0000D700BA863E85DC4715B7D42B636CD90022
:105E1000636AD600985F3307E5406365B70036864E
:105E2000BA853E84DC473DB7EFA28FB4130500046A
:105E3000EFF05FEC6FA00FB6EFA28FB32A842E8530
:105E4000EFD03FE311CD1E3981CF938787FD3E8789
:105E5000C207C1836373F4002287131407014180D2
:105E600022856FA02FB3EFA20FAF1849CD5445EB99
:105E7000AE89DD54CDC52A84B28411051146368918
:105E8000EF2090375E2C46B081E7EFF0EFDD4AACB3
:105E9000EFF05FE55E3828D07D155EB47EB4231246
:105EA000F406B777002068C828D803A507A52324DF
:105EB0000402232804029307802163F4A70013053A
:105EC0008021420541812310A404CE85EFF0DFF646
:105ED0008547231DF404A9472310A4043305F502C4
:105EE0008947138781901CC81C43232A2409231E39
:105EF000A404639987025C441CC393874190984330
:105F0000894680C358C4854701470146814522859B
:105F1000EF10E057AA8401E52285EF10302726858F
:105F20006FA0AFA623ACF19081461387819189E7DA
:105F3000E9D623200700D1B7D0476317860091C266
:105F40001CC35844D8C755BF8546B287CDB7EFA20A
:105F50002FA203A4C1919384C19119E06FA08FA3D4
:105F60002285EFD0EF862285EFF06FF80329C40079
:105F7000A285094523A024014A84EFE07FEBF1BF0D
:105F8000EFA26F9D1C49AA842E8AC827DC37A2077E
:105F90005D8DEFD03FCA058929E94169130909FCE4
:105FA00003270A0103A64193DE2454334C23B297FE
:105FB000A206D58D7423C206CD8E6C33E205D58D35
:105FC0008356CA00AE96B386D74063D506028D8F3E
:105FD0006359F000918DC205C840C181CEA4EFF095
:105FE0002F9B23A044016FA04F9A5285EFF0CFE979
:105FF000014AC5BF5C374827A2075D8DEFD09FC31C
:10600000058915CD9C48C037C8272204498C4A858C
:10601000EFD07FC19C48698CC827DC37A2075D8D13
:10602000EFD05FC11375E50313651500EFD0BFBF57
:106030009C48418D42054181C8A72181C8B70324EE
:106040000A005285EFF0AFE145D4228A91BFEFA25A
:10605000AF8F83C741922A84C18B13894193F1C7C3
:106060008325090038558356450670553305B740DA
:1060700083A7019293840192634405026316B700DB
:106080003307F640634E0700631EF60203A5C19373
:1060900078350348E50022073367070163F4E60219
:1060A00003A5C19378350348E5002CD42207336754
:1060B00007012312E4067CD411C70347040B19C35C
:1060C0002308040A6C483387B7406342E02A03D7A9
:1060D0000194231A040663190728035744066854D9
:1060E000B2962A976312D7280317E403634E072654
:1060F000639CF526834784050D47850793F7F70FC3
:10610000230CF404637CF7240357A4058357040489
:10611000BA97C207C1836374F700231DF4047C5C43
:10612000639F07367040631A064003D601948327A5
:1061300009001454138A01946306067EB385F64061
:106140001387F5FF634B074605471D8F118F369761
:106150006345E046B7790020938709ADC4431397A0
:1061600005014183BE24938909AD63D3B7449E24BE
:10617000998FC207C183BA246346B742B305B040C2
:10618000C205C1852685EFE0FFE0DC4083D6C9006B
:106190000327090023A4F9001C5436971D8F23966A
:1061A000E90003A7090193D687002320F9005CA327
:1061B00054B393D60701E18374A37CB3832609000B
:1061C0001854B387E64063CB0774523493871600A4
:1061D000998F918F6344F0746390E65CB7740020EC
:1061E000938704AD83D9C7009C4B938404ADC82723
:1061F000DC37A2075D8DEFD0FFA30D893335A000FA
:106200004E9542055E3441812310AA0063FDA70824
:106210009C48C827DC37A2075D8DEFD0BFA1058958
:1062200031C19C4883C9D700C827A209B3E9A90096
:106230004165130505FCEFD01F9F9C48B3F9A900E9
:10624000C827DC37A2075D8DEFD0DF9E1375E5030D
:10625000EFD07F9D9C4833E5A90042054181C8A746
:106260002181C8B75E34DEA49C48C827DC37A2076A
:106270005D8DEFD03F9C098901C5DE24FD17DEA4AA
:10628000CE24C840EFE0DFF09C4883D9C400C82783
:10629000DC37A2075D8DEFD0FF990D893335A00063
:1062A000AA9923103A0183274408638D07329C483A
:1062B000C827DC37A2075D8DEFD0DF970589631013
:1062C0000532832A4408416B130B0BFC032509009C
:1062D00003570A002A9763800A0803A60A014C3272
:1062E0005422A205D58D7422C206D58D7432E206E1
:1062F000CD8E83D5CA00B695B305B74063D90532B4
:10630000158F635AE00483274408984B5C33542369
:10631000A207D58F898FDEA49C48C827DC37A20747
:106320005D8DEFD03F91098901C5DE24FD17DEA404
:10633000CE24C840EFE0DFE59C4883D9C400C827DD
:10634000DC37A2075D8DEFD0FF8E0D893335A000BD
:10635000AA9923103A012322540969A4E391E7DCA6
:106360002285EF10D03465BB230C04044DBB3450A0
:10637000B386D7406342D0128346640213F64600C8
:1063800001CAED9A2303D4028356C405231DD40405
:106390008316C4040356E40442078D86B29623187C
:1063A000D404835664074183231AE4063697231BDB
:1063B000E40618487CC823090404230C04048D4710
:1063C00063F1E7020357A4058356C4058357040409
:1063D0006376D702BA97C207C1836374F700231D9F
:1063E000F4048327040885E383270408230E0402AA
:1063F00093B71700B307F0407EBC15B3B387F7021D
:10640000B3C7E702C1BF984B48335C2322055D8DBB
:106410007C23C207C98F683362055D8DEFD0BF84CE
:1064200083270408AA8903DAC7009C4BC827DC37F6
:10643000A2075D8DEFD01F809C400D893335A000F1
:106440005295B389F9404E95E340A0FA8329040898
:1064500083A709002320F4088357440785C383A733
:106460000901C827DC37A2075D8DEFD0AFFC058995
:1064700011C583574407FD17231AF40603A54900E5
:10648000EFE09FD6835784073385A740231CA406DB
:106490004E85EFF0CF9CB1B7231A040649B1984B53
:1064A00083A9040048335C2322055D8D7C23C20749
:1064B000C98F683362055D8DEFD0EFFA7C5CAA8AE4
:1064C000B389594103DAC7009C4BC827DC37A207C0
:1064D0005D8DEFD02FF60D893335A0005295B3892D
:1064E000A940E3C109C49C403850998FE34CF0C2E5
:1064F0008329C40783A709007CDC8357440785C32D
:1065000083A70901C827DC37A2075D8DEFD08FF282
:10651000058911C583574407FD17231AF40603A5FF
:106520004900EFE07FCC835784073385A740231CC5
:10653000A4064E85EFF0AF92DDB63C449840998FAB
:10654000E3D507BE8316C40403D70191420693D551
:1065500036404182C205C181B307C7408D8FC20753
:10656000C18313950701B697C207C18741852316DA
:10657000F40463570500198E2E9613150601418504
:106580008316E4048D872322040413D7264033871F
:10659000E6402A9742074183BA972317E404231859
:1065A000F40461B69EA423950400998D8440E1B65D
:1065B0003307E04093150701E9B6958FE3D007C094
:1065C00083476402228593E727002303F402EF1038
:1065D000E03BEDB61C412322F408EFF04F88032581
:1065E00044086DF983560A005E34032709002285AA
:1065F000958F369718D45EB4EFE03FFEDC409A27C3
:1066000009C723A6F19223A204009C48C827DC37BF
:10661000A2075D8DEFD00FE2058919C5938701931D
:1066200098231367070298A3914A1D4B39AA5C3639
:106630004826A2075D8DEFD0EFDF058935C59C4860
:10664000C827DC37A2075D8DEFD0CFDE098929EDA1
:106650009C4883C9D700C827A209B3E9A9005A8575
:10666000EFD06FDC9C48B3F9A900C827DC37A2073C
:106670005D8DEFD02FDC1375E50313651500EFD0AA
:106680008FDA33E5A9009C48420541811357850004
:10669000C8A7D8B783D9C400EFD0CFD90D89333577
:1066A000A000AA9923103A0183A90A005685EFE0B9
:1066B0001FFBCE8A21B92320F9005C37482783DBF2
:1066C000C400A2075D8DEFD0EFD61C540D89333581
:1066D000A0005E953E959C4808D483DBC400C82783
:1066E000DC37A2075D8DEFD0EFD45E340D893335F2
:1066F000A0005E953385A7404AB42285EFE0FFED08
:10670000CC409E2589CB9387C192884335CDEFE05D
:106710007FAF23A204009C48C827DC37A2075D8D09
:10672000EFD04FD1058901CD138701931C2393E747
:1067300007021CA31C4863945701232864019C4052
:1067400026852322F408EFE09FF18324440899CCA6
:10675000984854335C23A206DD8E7C23C207DD8E6D
:106760007C33E207D58F1454E387D7F48347640260
:1067700013F7170001CFF99B93E727002303F402D7
:106780002285EF10A02039A08CC361B793E71700D2
:106790002303F4026F90DF9E2285EF1020188324DC
:1067A000440891E837750020130505ADEFE0BFEF11
:1067B0002322A408C5B70327090081491308F7FF5E
:1067C00013051700904854325C22A206DD8E7C220D
:1067D000C207DD8E7C32E207D58F639CE7023775F6
:1067E0000020930705ADDA27DE24E3F5E7FA130569
:1067F00005ADEFE05FEB59DD638A090023A0A90036
:10680000A685EFF0EFF779B7B6846DBF2322A40811
:10681000C5BF63900902B306F74063DE060837750B
:106820000020130505ADEFE01FE82DD52322A408B5
:10683000C1BF83A8090183C5580083C64800A205CB
:10684000D58D83C66800C206D58D83C67800E20662
:10685000CD8EB306D84063C00606B306F540634C40
:10686000D00437750020130505ADEFE0DFE32A847F
:1068700015D103A709015C334C23A207DD8D7C23CE
:10688000C207CD8F6C3303D7C900E205CD8F8325B6
:1068900009003E970D8F635BE0009D8DC20503A547
:1068A0004900C1812396B900EFE09F8E23A08900A3
:1068B000A6852285B9B79440A689B9F6B307F740F3
:1068C000E35AF0EC5C364826A2075D8DEFD08FB618
:1068D0000589E31105EC37750020130505ADEFE0E0
:1068E0009FDC88C0E30805EA98485C334C23A20784
:1068F000DD8D7C23C207CD8F6C33DA24E205CD8F8A
:10690000832509003E970D8FE356E0E89D8DC20573
:10691000C840C181CEA4EFE0BF87ADBD2285EF00A6
:10692000F07F8DBD3387D740634807005A34850711
:10693000958F998FE350F0E68347640235BDEF925F
:106940003F839384C19303A904002A848347D90019
:106950000345C900A2075D8DEFD0CFAD318142055F
:106960004181954763FCA7029C405109C827DC3749
:10697000A2075D8DEFD00FACB777002003A607A567
:1069800031816D150A054205931506014181C181CA
:10699000814705488948114363E4A7006F908FFF42
:1069A000B306F9009822630907016DDB630A17013A
:1069B00098326DD7BA9711A08507C207C183E9BF86
:1069C0009832E31D67FC13873700E359A7FCB82210
:1069D000B4322207558F6363E60011E32E871AA0B5
:1069E0009107E1BFEF92CFF54041AA8B1C30082000
:1069F0004111A207138981925D8DAE892320890000
:106A0000EFD04FA38327090019811375C5032A947A
:106A100088239C3323AE8192A2075D8DEFD08FA196
:106A20009355650093F5C503B305B0405E85EFE06F
:106A30006FD611E503D78B00CD4763E8E7005E858D
:106A4000EFE02FDC41016F906FF3138B81920325F0
:106A50000B00CE854105EFD02FE975F103270B0020
:106A6000370500F01C3B002BA207C18F202B4204EE
:106A7000C18F203B62045D8CEFD0EF9E698C37059F
:106A800000E0EFD04F9EE30CA4FA83250B0003D760
:106A90008B009946138605015E85B105EF10F05C09
:106AA00059FD9384C1939C40C827DC37A2075D8DB4
:106AB000EFD04F983181F155B305B5025E85C2051F
:106AC000C185EFE02FCD25FD80401C300820A207B6
:106AD0005D8DEFD02F9608A0218108B080403C301A
:106AE0002820A2075D8DEFD0EF9428A0218128B047
:106AF000804048305C2022055D8D7C20C207C98F14
:106B0000683062055D8DEFD00F96935785005CB0BD
:106B1000935705017CA09357850148A07CB0804025
:106B200023AAA192938A419308341C2422055D8DE7
:106B30003C24C207C98F283462055D8DEFD0AF9227
:106B4000935785001CB4935705013CA493578501C6
:106B500008A43CB4804023A0A192138901927C3404
:106B60006824A2075D8DEFD0EF8C9C4068A4218142
:106B700068B4C827DC37A2075D8DEFD0AF8B1378E0
:106B8000F50F83D88B0093753800B335B000C695E8
:106B900003A34190C205944003260B009377F803AA
:106BA000C1812382F1922390B1941A840145938C80
:106BB0004192138C019401E403A5C191E9A29C3296
:106BC00003CE06005A30A207B3E7C7016312F70EDF
:106BD000BC3203CE26005A2CA207B3E7C7016319C3
:106BE000F70C58365C2622075D8F7C26C2075D8F26
:106BF0007C36E207D98F5840631CF70A183A1C2AE2
:106C000022075D8F3C2AC2075D8F3C3AE207D98F8D
:106C10001840631FF70819C55C4423A281905CC526
:106C20002326640003A74B00B77D002003268408B9
:106C300093870DAD23A601922388019223A007001C
:106C40002396170198C723A2770194CB138A019347
:106C5000138DC192938D0DAD09CE83270409814612
:106C6000A285638A072C084C8297E31A05DC23244B
:106C7000040883C70C0023AC819213F74700938B61
:106C80008193630D073018488947631AF72A3850F3
:106C900083270900631FF72A83470A0093E78700C9
:106CA0002300FA0083476402F99B2303F40255A4EE
:106CB0002285404409B798329C2222075D8F5E31BD
:106CC0006392E70C83C83600B822A208B3E8E80054
:106CD0005A2D6319170B0343D6008348C6002203BD
:106CE000336313018348E600C20833E36800834836
:106CF000F600E208B3E868000323450063141309B3
:106D000003431601834806012203336313018348BA
:106D10002601C20833E3680083483601E208B3E87D
:106D2000680003230500631F130593764800E3986A
:106D300006D0937628008DC603A80A001455B30622
:106D4000D84063C606028358C502B3861641634025
:106D5000D0029306C600C295410603250900F1A89A
:106D6000137818006305080083A701911CDDE388F0
:106D700005CC8347650293E727002303F502EF0064
:106D8000F04075B9484505F903A3C1903E8E1A8AB3
:106D900063130A04DC36C826A2075D8DEFC09FE9A5
:106DA0001189E31E05C8944003260B0003550C000F
:106DB0009C32B83283C8060003C8260083A50A00A7
:106DC000A20722079306C600B3E71701336707013E
:106DD0004106AA9559B783280A00638E0800183A1D
:106DE0001C2A22075D8F3C2AC2075D8F3C3AE207CE
:106DF000D98F639EF812B832BC2222075D8F835769
:106E0000CA016396E71201C98327CA0023A64191EC
:106E10005CC523266A00937708019DC39C3283C812
:106E2000060003A80A0003250900A2079306C6006E
:106E3000B3E717014106C2950505EF00B06B01B13C
:106E400013782800E30D08BE03454A01EFE09FEAEE
:106E50002A84E30605BE83270B00014793860701BA
:106E600099CA943B982BA206D98EB82B4207D98E8B
:106E7000B83B6207558F18C00357CA019386C700F5
:106E80005AAC014799CAD437D827A206D98EF82719
:106E90004207D98EF8376207558F944058C01305C2
:106EA00004049C329822A207D98F03A70A005EB07F
:106EB0008D471CC8930717001CD41CD8FC36F0263D
:106EC0007D17A207D18F2312F406231EF404832713
:106ED0008A0138D41CCCB777002083D707A55EB4CD
:106EE0007EB483270A021CD083578A0093F7971930
:106EF0001EA483A7419023A281905CC4EFF03FA41D
:106F00000355040493054400EFE01FF32310A40489
:106F100085470147C9460146814522858D2B11C50C
:106F200081452285EFE07FD219BE228589BD528539
:106F3000032ACA00B1BD0145EFE03FBE3DB383A7C0
:106F40000A001854998F63C607005A34998FE35585
:106F5000F0D483470A0013F787006300073E9305C8
:106F6000F1002285EFB01F9D85476316F500184894
:106F700089476301F71C2285EFC08F858327C409E9
:106F800081C7084CE9558297A28513854190EFE0AF
:106F90009FA6A2850945EFD0BFE969AA898B85C361
:106FA0001C480547F917637CF70083476402228574
:106FB00093E727002303F402EF00501D59BF83A776
:106FC0000191A308040A130504041CDCEFF03F97A9
:106FD0001C481D47F917E36EF7F629678A07130760
:106FE0000768BA979C43828783C70C004947C98BBF
:106FF0006392E70C83270408984B48335C232205EF
:107000005D8D7C23C207C98F683362055D8DEFC03B
:107010009FC5832709000505631EF508835764078C
:1070200003A70A0094408507231BF4069307170063
:1070300068C81CD41CD8FC36F02603550404A207EB
:10704000D18F7D172312F406914738D41CC89305BD
:107050004400EFE07FDEA947B307F5020357A4051C
:107060002310A404231EF40485476315F7000605C6
:107070004205418183578407231DA4040325040886
:10708000FD17231CF4061C412309040423220404D5
:107090002320F40893B71700B307F0407EBCEFE05D
:1070A0000FDC83274409E38207F0084C0146A285E0
:1070B0008297E5BD83C70C00C18BE38C07E8944041
:1070C00003550C0083A50A009C32B83203260B003E
:1070D00083C8060003C82600AA9503250900A20755
:1070E00022079306C600B3E717013367070141067D
:1070F000EF005040B9BD83C70C0013F7070169C703
:107100000325090078489307F5FF998F63C60708A0
:107110003C50B307F5406341F00891471CC81C5030
:107120008DC7084C0146A285829705C185452285F9
:10713000EFE0BFB103A54D0023A00B00E3040590D1
:10714000EFD03FEC23A20D00F5B822858354A405AF
:10715000EFE0FFEF8357440781C7FD17231AF406BA
:107160000547835704046395E4008607C207C1837B
:10717000231DF40483470A0093F70702E38B07DC1F
:1071800083476402228593E727002303F402EF007C
:10719000E07F9D471CC875BB944003260B00035835
:1071A0000C009C32B83203C3060083C8260083A5B6
:1071B0000A00A20722079306C600B3E767003367F9
:1071C00017014106C2952DB7898BE38407D81C545B
:1071D00003A70A00FD17E39EE7D62285EF0070455E
:1071E0008DBB2285EFE0BFE671B72285EFE03FE679
:1071F00083470A0093F70702C1C303C70C00834704
:107200006402418B93E727002DC334500327090004
:10721000639DE6042303F4022285EF002077228594
:10722000EFE0EFCC83A74190631DF4005C4423A200
:10723000F190A9471CC803A7C19123AE819058C4FF
:1072400009BB23ACF190814689E7E5D623AC0190D8
:10725000CDB7D0476318C40099C223ACF19058440D
:10726000D8C7C1BF8546B287C5B72303F4022285BC
:10727000EF00C071A14739BF83C70C00C18BE38AFF
:1072800007CC385083270900E315F7CC994719B785
:107290002285EFE0DFDB83470A0093F70702E38AEA
:1072A00007CA83476402228593E727002303F40279
:1072B000EF00C06D2285EFE08FC383A74190E30705
:1072C000F4F623ACF1908146C9D3D047E306C4F865
:1072D0008546B287D5BF2285EFE07FD783C70C00F4
:1072E000C18BE38807C6385083270900E313F7C62C
:1072F0002285EFE0CFBF83A74190E309F4F223ACEE
:10730000F1908146B9D3D047E308C4F48546B287EB
:10731000D5BF2285EFE0BFD383C70C00C18BE38AC2
:1073200007C2385083270900E315F7C283470A00D4
:1073300093E707012300FA0029B9C18B89C7228589
:10734000EFB01FC991B10356440719C68327C4087B
:1073500081C7084CA285829703260D000DC683C7FE
:107360000C00A18B89C75C3693E717005CB68327B6
:1073700004098146A28595CB084C829709C58327CD
:107380000D002324F40883470A0093F7070289CBF2
:107390008327040981460146A28581CF084C829744
:1073A000228523A00B00DD2371B30145EFE0EFF64A
:1073B000F1B70145EFE06FF6E5B7EF827FDB2A8991
:1073C0004A2D41112E8432C6EFC0FF8508A02181CD
:1073D00008B003554902EFC01F85324628A021811D
:1073E00028B0935786000325890250A05CB09357BC
:1073F0000601618270B07CA0EFC0BF849357850006
:1074000008A41CB4443493570501618128B448246E
:10741000A2043CA4C98C4165130505FCEFC0BF80E4
:10742000E98C4145EFC03F80458D4205418148A42C
:10743000218148B40355E902EFC0EFFE8357E9020A
:1074400068A4218168B4231BF9025C344824230911
:107450000400A207A30904005D8DEFC0AFFD95678E
:107460001375F5035D8DEFC00FFC0357E902832709
:10747000890248A4218148B423080400A308040019
:10748000BA972328F902228541016F80BFD0EF828D
:107490003FCB79712EC63ACA2A89B28A368BBE8D05
:1074A00001EE93F73600B3E7FD00595A91C38DC141
:1074B000528545616F809FCC8357650763FAC7008B
:1074C000834769027D5A93E707F82303F902CDB792
:1074D00093972D0013F72D00918BB14611E3814650
:1074E000B6973EC283270907377D00201307CDA436
:1074F0003EC41C475843835489078A07B3D7E70221
:10750000130DCDA4E3FEF4FA41679306C7FFE3E948
:1075100096FA92473082130707FC898393F7F70F97
:10752000950732C85246B207C2073AD2B24C131777
:107530000B01C183058A41833ECCD68B81498147AB
:1075400032CE36D03AD4035A09041247330AEA40FD
:1075500063D34B015E8A11453ED6131C0A01EFD05E
:107560003F8B135C0C012A84630605182320050059
:107570002322050063840914B25788C3F24763814C
:107580000714C24701460145B305FC00C205C1818D
:10759000EFD01FAC48C0630F0514EFD0FFC4B24753
:1075A000AA94C204C18081CF5C40E685C843C1670C
:1075B000FD173376FA0092473E95EF10E0435C40AA
:1075C000DC431CC483278D0003274D008A07B3D7F3
:1075D000E70263E19712825763EE97104840231643
:1075E0008401D145EFD01F9B631605105C40035505
:1075F000C901B38B8B41DC43C20B93DB0B011CC86D
:107600003ED6EFC04FE2B25788A3218188B31C4811
:10761000035549023ED6EFC00FE1B257A8A321811E
:10762000A8B31C4822453ED6EFC0AFE1B25713576E
:107630008500D8B313570501F8A31848C8A3618182
:10764000E8B35C37482723090700A207C98F125502
:10765000A30907003ED6EFC00FDDB257E98F2255D0
:107660003ED6EFC04FDCB2575D8D42051C484181CC
:1076700013578500D8B7C8A72307B401EFC08FDB25
:107680001C481375F5033ED6E2475D8DEFC0AFD9B8
:10769000B257C8A72181C8B7C167FD17337AFA006E
:1076A000A247D29CD2973EC4A287E39E0BE8032A4E
:1076B000C90763190A06232E390751A2AA897DBD7D
:1076C000C24501460145EFD0BF9848C005C5EFD07F
:1076D000BFB1AA94C204C180E3860BEEE2850546E1
:1076E0000D45EFD0FF96AA85484095E1EFD07F91F8
:1076F00023220400834769027D5A93E707F8230396
:10770000F902E38709DA4E85EFD01FF855B323A2BB
:1077100095018504C20423249401C180EFD09FAE5B
:1077200055B53E8A83270A00EDFF83270A01835B54
:10773000CA00C827DC37A2075D8DEFC0AFCF0D8927
:107740003335A0005E956305051883270A01C82715
:10775000DC37A2075D8DEFC0EFCD0D89631A0516EA
:1077600093773B0081C785476314FB1603D7C90095
:107770008357CA00BA9703570904634BF7140347AA
:10778000EA0083C7E9006315F71403270A014833A9
:107790005C2322055D8D7C23C207C98F6833620597
:1077A0005D8DEFC04FCC03A70901835BCA005C234A
:1077B000AA9B483322055D8D7C23C207C98F68339D
:1077C00062055D8DEFC02FCA6394AB10C247B155FF
:1077D00003A549009D8DC205C185EFD0AFFBE31B1A
:1077E00005F003A549003E2599EB1C41FD14C20498
:1077F00023A2F90023200500C180EFD09F8093775A
:107800001B00CDC783270A0183CBD700C827A20B53
:10781000B3EBAB000545EFC00FC183270A0133E589
:10782000AB0042054181C8A72181C8B76395890093
:10783000035CCA005284CE851145EFD06FDF937789
:107840003B0089C7850AC20A93DA0A01137B1B0031
:1078500063080B008347690293E707022303F902D9
:1078600083270907231C9906014AD6972328F9067E
:1078700083576907B38A5741231B5907E30A0CC290
:107880001C48E38707C25247098BE31307C2C4377A
:10789000C827A204C98C2145EFC0EFB81C48458D0C
:1078A00042054181C8A72181C8B719B183A5490004
:1078B00003254A00EFD01F9503D7C9008357CA009C
:1078C000BA972316FA0083A709002320FA00B9BF4C
:1078D00023203A01ADB7EF82BF89AE8681470547C5
:1078E00001468145EFF0BFBA6F80DF8AAA87084959
:1078F0001D476308E5001308E5FF09476155636EFE
:107900000701014519CAEF82BF8636873E85814649
:107910008147EFF0DFB76F80FF878280EF82BF8300
:107920002A840146D1450545EFD08FF231CD8347FA
:107930006402AA842850F19B2303F402EFC06FB0C5
:10794000CC402A862285EFF05FA79A2413094400D1
:10795000AA8999464A86A2852685EF001071238858
:10796000A9002181A388A9003824343499474A8684
:10797000A2852685EFC0EFF32685EFD08FE801457D
:10798000A30304026F807F807955EDBF83A78193A5
:107990006380A736EF82CFFA83574506035AA505C1
:1079A00063F347013E8A83476502420A2A84898B32
:1079B000135A0A01645D95CB91E42285EFF01FF61E
:1079C0006F80CFFB984848335C2322055D8D7C2374
:1079D000C207C98F683362055D8DEFC0CFA8DE2472
:1079E0007848998F3E95E36AAAFC83290408639638
:1079F0000908B77A0020894B938ACAA4370C04027D
:107A0000130B4400FD5CADC0984848335C2322054D
:107A10005D8D7C23C207C98F683362055D8DEFC021
:107A20008FA4DE247848998F3E95637CAA0483470F
:107A3000040B9DEB984848335C2322055D8D7C2325
:107A4000C207C98F683362055D8DEFC0CFA1DE2408
:107A50007848998F3E958357440663F7A70085477A
:107A60002326040A2308F40A83476402014593F796
:107A7000F7072303F402A9B7BE8983A70900EDFF26
:107A80008DBF8327040895C38347640213F7470417
:107A900009EF785C01CB144389EA562703570404A5
:107AA00063F5E60093F7070AD9D39C407CDC1C48B9
:107AB000638977039C4803C9D700C8272209336923
:107AC000A9004145EFC02F969C483365A9004205A7
:107AD0004181C8A72181C8B783476402F19B230372
:107AE000F402085403A90401EFC0AF959357850031
:107AF0002304A900A304F900935705016181A3059C
:107B0000A9006A342305F90003A90401EFC0AF916D
:107B10007A341C542307A9002181A307A900BA972E
:107B20007AB81CD8FC24858B99CB03A54A0003A9FD
:107B300004013365AC00EFC0CF90232AA9001C409C
:107B400099E75A85EFC0EF9259C55C411CC0831775
:107B5000E40363949701231F04027C4095E383A709
:107B6000019198487CC048335C2322055D8D7C23BD
:107B7000C207C98F683362055D8DEFC0CF8E28C400
:107B8000C84003A9040199465841232225015A8679
:107B90003307E940931707013A25C183A2851D8F5A
:107BA0003AA51A251D8F420741831AA5230809000B
:107BB000A3080900EF00704B2308A9002181A30846
:107BC000A90038243434C84099475A86A285EFC0AA
:107BD0004FCEA3030402984848335C2322055D8DF1
:107BE0007C23C207C98F683362055D8DEFC0AF8704
:107BF0009C482A8983DDC400C827DC37A2075D8D35
:107C0000EFC04F830D893335A0003C506E954A95E7
:107C1000898F63D3070028D09C4803D9C400C827A4
:107C2000DC37A2075D8DEFC0EF800D893335A000F2
:107C30004A955DC98327040823A0040089E723200F
:107C40009408A68999A8984848335C2322055D8D3D
:107C50007C23C207C98F683362055D8DEFC0AF809A
:107C600003A709012A8948335C2322055D8D7C2303
:107C7000C207C98F683362055D8DEFB0DFFE330543
:107C8000A94063500506130904088327090081EB06
:107C9000832709009CC023209900645CADB3984BF6
:107CA00048335C2322055D8D7C23C207C98F68336E
:107CB00062055D8DEFB03FFB9848AA8D48335C2389
:107CC00022055D8D7C23C207C98F683362055D8DF7
:107CD000EFB07FF93385AD40E35C05FA0329090075
:107CE0006DB723A09900B1BF2685EFD05F9775B718
:107CF00001458280EF822FC64111AA8AAE84B289E3
:107D0000D14501460545368A3AC63E8BEFD04FB481
:107D10006303050E324740412A893A85EFB0BFF030
:107D200008A0218108B05A85EFB0FFEF28A021817B
:107D300028B05685EFB0FFF09357850048A05CB09F
:107D40009357050161817CA068B02685EFB07FEF75
:107D50009357850008A41CB44434935705016181EE
:107D600028B44824A2043CA4C98C4165130505FC31
:107D7000EFB07FEBE98C5145EFB0FFEA458D42054E
:107D80004181B777002048A4218148B403D507A5D5
:107D9000EFB07FE968A45C34218168B44824A2076D
:107DA000230904005D8DA3090400EFB0BFE89567C7
:107DB0001375F5035D8DEFB01FE70357890048A4E5
:107DC000218148B499465286CE8523080400A30831
:107DD00004004A85EF00702908A8218108B8994756
:107DE0000147930600085286CE854A85EFC06FACE6
:107DF0004A85EFD00FA141016F802FB98327050875
:107E000085CBEF82EFB63E8714438DE2745D14C3D9
:107E10007CDD8347250523200508232205048507EB
:107E20002309F504EFF09FB66F80CFB63687E9BF20
:107E30008280EF824FB28324050895C49C402A8437
:107E40001309C5072320F5088327090099EF832725
:107E500009009CC0232099008347240523220404A1
:107E600085072309F4046F804FB2984B48335C2395
:107E700022055D8D7C23C207C98F683362055D8D45
:107E8000EFB07FDE9848AA8948335C2322055D8DD8
:107E90007C23C207C98F683362055D8DEFB0BFDCFC
:107EA0003385A940E35505FA0329090071BF8327EB
:107EB0000508B1CFEF82CFAB834765022A84918B4F
:107EC000A9E7EFF01FF78356A4058357440613D79D
:107ED000160063F4D70013D7170083570404231E3A
:107EE000E404939617006354D700231ED4040D476F
:107EF000B387E7020357C405BA97231DF4048347E9
:107F0000640293E747002303F4026F80AFA88280E6
:107F1000EF826FA4AA840146D1450545EFD04F9367
:107F200029C52A84A850138944007D15EFB07FD15C
:107F30004C402A862685EFF04FC81A24AA89994614
:107F40004A86A6852285EF0050122388A900218148
:107F5000A388A900B434994701474A86A68522859B
:107F6000EFC02F952285EFD0CF896F800FA2EF82CF
:107F70008F9E0324050819E0605D5DC41C48AA8437
:107F8000C827DC37A2075D8DEFB0DFCA058959CD60
:107F90005E24C9EF054AD14501460545EFD04F8B18
:107FA0002A8959C118484C41268550335C23220642
:107FB0005D8E7C23C207D18F703362065D8EEFF039
:107FC000CFBFAA8963070A0640355C2541652204B4
:107FD000130505FC5D8CEFB01FC5698C4545EFB0FE
:107FE0009FC4498C93170401C1832386F900A183A0
:107FF000A386F9000357890013844400994622861A
:10800000A6854A85EF0070062388A9002181A388F0
:10801000A900B434994701472286A6854A85EFC056
:108020004F894A85EFC0FFFD6F802F96014AD545E5
:10803000A5B718448327490003070700D8AB5DBFE5
:10804000EF820F90404106252A891C3008204111FB
:10805000A2075D8D2E8AEFB0FFBD21813D89090504
:108060000A0563C2A4021C300820A2075D8DEFB090
:108070007FBC9355650093F5C503B305B0404A85B1
:10808000EFC05FF119C54A85EFC0BFF741016F80AE
:10809000EF8E832A4900130C0401D2856285EFC05C
:1080A000AF8483C71A002A8B03C50A00A2075D8D1F
:1080B000EFB05FB883C73A00AA8B03C52A00A207B6
:1080C0005D8DEFB03FB793074004AA86631DF506A8
:1080D000930730046399FB1283270A026385071212
:1080E000C44363820412D44089CE58345C242207EE
:1080F0005D8F7C24C2075D8F7C34E207D98F639447
:10810000F61083C77A0003C76A00A207D98F99CBFC
:1081100003578900C54662869305C4004A85EF006F
:10812000C07435F1E1554A85EFC0DFE629FD638C67
:10813000040E9C4CA9DBC84C5E879306C4004A869B
:10814000A6858297A1B783A44194014D814D938C5C
:1081500041941306C07689E463070D0AEA8455B793
:10816000BE28639CD708984063150B0439E3631657
:108170000D009C28918B91E3268DDE286392770970
:10818000CC4089CD58345C2422075D8F7C24C20703
:108190005D8F7C34E207D98F6394F506E3830DF697
:1081A000DC4423A6FD0083A70C0023A09C00DCC4B4
:1081B00089BF1C3883490401A207B3E7370183490B
:1081C0002401C209B3E7F90083493401E209B3E9A4
:1081D000F900E38EE9F8370500F036C6EFB0BFA826
:1081E000B3F9A900370500E0EFB0FFA7B2461306C8
:1081F000C076E38EA9F6E31C0BF6A68DC444A1BF9E
:10820000E39DC6FEFDBD18381C2822075D8F3C2863
:10821000C2075D8F3C38E207D98F03274A00E31479
:10822000F7E68144F9BDE3100BE61C380428370556
:1082300000F0A207C58F2428C204C58F2438E204A9
:10824000DD8CEFB05FA2E98C370500E0EFB0BFA195
:10825000E38BA4E21C300820A2075D8DEFB09F9D48
:1082600093558500BD8989058A054A85EFC09FD24F
:108270008D454A85812B01BD83A84194AA8601437F
:10828000C687138841949DE799C998319C2122079C
:108290005D8FBC21C2075D8FBC31E207D98F9CC2C4
:1082A00025C6B2AA01456316030023A616012320A2
:1082B000D8008280638BD702BA2B6316C70203AE45
:1082C000070063140E0055558280F5DD8831982132
:1082D0002205598DB8214207598DB8316207498F5F
:1082E0007DD3E302EEFEDC4779BF0543EDBFAE2B45
:1082F000639AC500050642064182C687DDD3E318AE
:10830000E6FED1B7DC47DDBF2167C68705667D176E
:10831000F5B7EF725FE43E292A89AE89B28A368BBF
:108320003A8AADC7A1454E85EFC0DFC6CE8401CDE8
:108330000146A1450545EFC0BFD1AA847D5429CD92
:10834000CE85EFC0FFED03552901C040EFB0BF8DD2
:1083500008A0218108B05A85EFB0FF8C832709005F
:1083600028A0218128B023030400A3030400130BD9
:108370004A0095C703274A004A8B6382E7025D548F
:10838000638C34012685EFC0DFC739A00146AA857A
:10839000EFF09FEE2A8459D522856F701FDF8A2463
:1083A000EFB07F8848A0218148B083470901858BC1
:1083B00099EB9A24C5465686DA8526857D210DC11E
:1083C00068A0218168B00347A9008346B90052889C
:1083D000C5475686DA852685EFB01FB82A844DB783
:1083E000FD577CA07CB0C5B7EF729FD841112A849D
:1083F00032852EC636C432C2EFB0BF8719C9A24635
:108400001246B2452A872285EFF0BFF041016F7016
:108410007FD87155E5BFEF72BFD5562913064500C9
:10842000EFF09FFC6F701FD7EF729FD43E292A8414
:10843000AE843289B1CB814799C898309C202207FD
:108440005D8FBC20C2075D8FBC30E207D98F182832
:108450005CC0231A24011367470018A8184005EFD1
:1084600085CF13054400EFB0DF80AA87715595C30F
:10847000DC431CC083A6419493874194368705E36F
:1084800054C480C3014531A00146AA85EFF0DFDE68
:108490005DD16F703FD0F9FF23200400E1BFE303FB
:1084A00087FE5847E9BF0CCD50CD8280EF725FCC7C
:1084B000138741941C43AA856390A7025C451CC3A3
:1084C0000545EFC0FF966F70FFCCD84709C763140E
:1084D000B700D845D8C7DC47EDFBDDB7EF725FC901
:1084E0000545EFC0FF922A8409C9130600028145A1
:1084F000EF701FCB930700F83CB422856F709FC9C3
:10850000EF727FC52A842E8AB28993054002014604
:108510000545EFC0FFB329CD032904004041AA84DB
:108520007146CA8523004401A300340123020400DC
:10853000A302040023030400A30304001305840022
:108540006529AE2423010400A301040022851D2116
:1085500028A0218128B0854701479306000813060B
:10856000C90081452685EFB0DFB42685EFC07FA91D
:108570006F70BFC1EF725FBD4041AA8441111C30D2
:108580000820AE89A2075D8DEFB0CFEA13596500D0
:108590001379C903B30A2041C20A93DA0A41D68586
:1085A0002685EFC03F9F39E19E248D4663F0F60497
:1085B000DC4098236312D704982793868700883F6E
:1085C0003D8B0A0736972C2303483700982F220546
:1085D0009433598DB82F903BA2054207498FA83F8D
:1085E000B3E505016205598DEFA03FCD2685EFC0AB
:1085F0005FA141016F70DFB8A147E319F7FE1C3896
:10860000034A0401370500F0A207B3E74701034A14
:108610002401014B420AB367FA00034A3401620A9B
:10862000336AFA00EFB02FE42A8C370500E0EFB090
:108630008FE3AA8BCE8513050401EFB0FFAA19E5DD
:1086400033758A0133057541333BA000EFA01FC687
:1086500051DDE30D0BF89A249D47E3F9E7F82685F1
:10866000252649F54209930520022685135909411B
:10867000EFC05F9263040512CA852685EFC09F9103
:1086800035F58E2401460945EFC09F9C2A8A39DDC5
:10869000A685EFC03FBA39F9D685528503244A0032
:1086A000EFC05F8F21F52685EFC0BF95D284583487
:1086B0005C24143822075D8F7C24A20603AA4400A0
:1086C000C2075D8F7C343D651305F57FE207D98FC6
:1086D00018281CA8D98E38284207D98E3838620746
:1086E000558F9356870058A454B49356070161835D
:1086F00078B413D7870018B813D70701E18374A49F
:1087000038A83CB8834A3A0083472A0023000A006D
:10871000A20AB3EAFA00EFB00FD163E9AA0805652F
:1087200013050580EFB02FD083473A0003472A0096
:10873000A207D98F85073E95420541812301AA00F2
:108740002181A301AA001C340824A2075D8DEFB08B
:108750006FCEA1671375F50F5D8DEFB0CFCC08A478
:10876000218108B4D14523050400A3050400228516
:10877000112428A4218128B4CA852685EFC09F81B1
:10878000E31605E64E888547014793060008014633
:108790009305C4002685EFB02FFC89BD9305E0FD4D
:1087A0002685EFC02FFFE30405F089B505651305A5
:1087B0000580EFB04FC783473A0003472A00A2075E
:1087C000D98F95BFEF72DF9A13F6F50F11058D451E
:1087D000EFF01FD36F701F9CEF729F9913F6F50F88
:1087E0001105AD45EFF0DFD16F70DF9AEF725F9842
:1087F0003308B5004208AA86014713580801854886
:10880000B307D840C207C18363E4F80493D71500C7
:10881000939617003695F956B387D702BE95C205D1
:10882000C18181C51C21A2073E9741659306F5FFD2
:1088300093570701758F3385E700C177E98F99C397
:10884000758D050542054181EFB0EFBD6F709F94B6
:108850009C3290228906A207D18F13968700A183AC
:10886000D18FC207C1833E9761BFEF72FF8DB7778B
:10887000002083A707A6BA844111139757006349C4
:10888000070E416B2A89AE8A328A814901447D1BD9
:10889000854B631E0908638B0900416793178400A9
:1088A0007D172180F98F1374F40F5D8C03C51A00B6
:1088B00083C70A0003470A0022055D8D83C72A008B
:1088C00003463A004169C2075D8D83C73A006206DC
:1088D0007D19E207C98F03451A002205498F034518
:1088E0002A004205598D498E33752601418233F79E
:1088F000270132953A95C1833E952A943685EFB08B
:108900008FB22A942685EFB00FB222951354050139
:10891000337525012A9413550401337424012295DB
:108920001345F5FF4205418141016F707F858355F5
:10893000A9000325490036C6EFF05FEB2A94935750
:108940000401337464013E948357A900B246858BB9
:1089500089CF931784002180B3893B41B3F7670126
:108960001374F40F93F9F90F5D8C0329090015B7FF
:1089700001455DBFEF72CFFFEFF05FE71345F5FFF5
:10898000420541816F701F81EF72EFFCC169AA84BB
:1089900001490144FD19054A95E0630B090041674F
:1089A000931784007D172180F98F1374F40F5D8C69
:1089B0001345F4FF420541816F702FFDAE24C8407E
:1089C000EFF0DFE22A9493570401337434013E94AC
:1089D000BE24858B89CF93178400218033092A41D7
:1089E000B3F737011374F40F1379F90F5D8C8440DA
:1089F00065B72946814539A9B3C7A5008D8B3307D3
:108A0000C50081E78D4763EDC700AA87637EE5084F
:108A1000942185078505A38FD7FEE3EBE7FE8280CF
:108A200093763500AA8789CA942185078505A38F87
:108A3000D7FE93F63700C5BF9376C7FF138606FEB1
:108A400063F0C70683A3050083A2450083AF8500BA
:108A500003AFC50083AE050103AE450103A3850145
:108A600083A8C5019385450223A0770003A8C5FF0D
:108A700023A2570023A4F70123A6E70123A8D701C7
:108A800023AAC70123AC670023AE170193874702CF
:108A900023AE07FF75B790419107910523AEC7FE3E
:108AA000E3EBD7FEE3E6E7F6828039713EDA2ED2B9
:108AB00032D436D63AD842DC46DE9387018422CCC3
:108AC000804326CA06CEAA8411C41C4C81E72285A5
:108AD000EF0060760C4454102686228536C6EF00DF
:108AE000B072F2406244D24421618280011126CAF0
:108AF0004AC806CE22CC4EC652C4AA842E8901C5CD
:108B00001C4D91E30D2F9C4C804499E3268525272D
:108B100097270000938707BB631BF402C0405E24C5
:108B2000A18BB1C71C48A1C7FD59294A1C448345E4
:108B30000900FD17B1E91CC463DD07062286A945BB
:108B40002685C52CFD576308F502294535A09727D2
:108B50000000938727B96314F4008044C9B79727AE
:108B60000000938727B4E31CF4FAC0444DBFA285EC
:108B70002685B52E55D97D55F2406244D2444249EE
:108B8000B249224A056182801CC4050963D70700E7
:108B9000184C63CAE700638845011C40138717001F
:108BA00018C08CA361B7228626856124E31035F9AD
:108BB000D9B71C401387170018C0294798A371B76D
:108BC00093870184AA8588436FF05FF235713ECBAD
:108BD000A6DA36C73AC942CD46CF9387018486DEEE
:108BE000A2DC844363DB05009307B0089CC07D557D
:108BF000F6506654D6540D61828093078020FC8223
:108C00002AC42ACC814799C19387F5FF3EC83ECE3E
:108C10007401FD572E8426852C00FC8336C2EF009C
:108C20007031FD576355F5009307B0089CC069D0BB
:108C3000A247238007006DBF35713ECBB707008088
:108C400093C7F7FF3ECE3EC8C1779387872032C5D2
:108C500036C73AC942CD46CF3ECA938701842AC45B
:108C60002ACC884334012E862C0086DE36C2EF00E3
:108C7000702CA24723800700F6500D61828093F587
:108C8000F50F1C2191C76393B70082800505D5BFFE
:108C900091C101458280AA87850703C7F7FF6DFF51
:108CA0003385A7407D15828018219C2101E791C35F
:108CB00001458280814739A01C3113071500EDDB87
:108CC00081473A853387F500182365D7B306F50049
:108CD0009422E393E6FE85072A87E5B779714AD0A7
:108CE0004ECE06D622D426D2AA892E899304190004
:108CF00003C4F4FF3A8536C632C42EC23AC07D257D
:108D000022951C3102479245A18B2246B246D1E3FF
:108D10009307D0026311F4089C20054393042900B3
:108D2000E5C641476390E60213070003639CE70032
:108D30009C201307800593F7F70D6392E70C9C3096
:108D4000C1468904B70800806314030093C8F8FF84
:108D500033FFD80201480145A54FE54EFD5233DEF1
:108D6000D802138707FD63E3EF04BA8763DED704F5
:108D7000630D58007D58636AAE006314AE0063460D
:108D8000FF0005483385A6023E95850483C7F4FF9E
:108D9000C9BF2689A1BF9307B0026305F400A2876B
:108DA0000143BDBF9C2093042900DDBF1387F7FB5F
:108DB00063E5EE00938797FC55BF1387F7F963E5EA
:108DC000EE00938797FA5DB7FD57631FF80093078E
:108DD000200223A0F900468519EEB2502254925485
:108DE0000259F24945618280630403003305A040C3
:108DF0006DD6630408009385F4FF0CC2F9BF930796
:108E00000003A9F2A1463DBF13070003E382E7F286
:108E1000A9460DBF938701849C43B286985309E706
:108E20001777FF1F130707252E86AA853E856FF04B
:108E3000FFEA011122CC26CA4AC806CE4EC6AA8431
:108E40002E89328401C51C4D91E3F5269727000039
:108E5000938747876317F406C0401C4C1CC45E24EC
:108E6000A18BC1C31C48B5CF1C4808409379F90FAA
:108E70001379F90F1D8D5C486346F500A2852685A0
:108E8000692C25E51C440505FD171CC41C401387EF
:108E9000170018C0238037015C486388A7005E2450
:108EA000858B81CBA9476316F900A2852685B52459
:108EB0000DEDF24062444A85D2444249B24905610F
:108EC0008280972700009387E7816314F400804431
:108ED00069B7971700009387E77CE310F4F8C04464
:108EE000ADBFA2852685212041D17D59D9B7411139
:108EF0009387018426C2844322C44AC006C62A89B5
:108F00002E8489C49C4C99E326853526971700004A
:108F10009387477B631BF402C0400317C400931779
:108F20000701C18393F68700ADEA93F6070195EE3A
:108F3000A5472320F900136707045AA47D55B240C2
:108F4000224492440249410182809717000093878E
:108F500067796314F4008044C9B7971700009387BA
:108F60006774E31CF4FAC0444DBF918B9DC34C5809
:108F700089C9930744046384F5004A85892B232A11
:108F800004025E242322040093F7B7FD5EA41C486C
:108F90001CC05E2493E787005EA41C4899EB5E2406
:108FA0001307002093F707286385E700A2854A8509
:108FB000A9295E2413F717001DC35C48232404006D
:108FC000B307F0401CCC1C480145B5FB8317C40017
:108FD00013F707082DD793E707045EA485B7898B9D
:108FE000014791E3584818C4F9BFDE25011122CC8E
:108FF00026CA06CE4AC84EC613F78700AA842E8416
:1090000079EBD841634DE000B841634AE000014587
:10901000F2406244D2444249B249056182805854C8
:109020007DD703A904009396370123A0040063DBD6
:10903000060670485E24918B99C75C401D8E5C5873
:1090400099C33C401D8E5C540C5081462685829706
:10905000FD575A24631DF5009440F54763E8D70691
:10906000B70740208507B3D7D700858BA5C31C4819
:10907000232204001CC09317370163D80700FD5753
:109080006314F5009C4091E368C84C5823A0240168
:10909000BDDD930744046384F50026850D29232A4A
:1090A0000402B5B70C500146854626850297FD5748
:1090B0002A86E311F5F89C40B5DF75476385E70024
:1090C00059476393E70423A0240191B7136707046A
:1090D0005AA47D5535BF83A90501E38A09F203A986
:1090E00005008D8B23A0350133093941014791E3F8
:1090F000D84918C4E35D20F11C540C50CA864E8632
:10910000268582976347A0005E2493E707045EA448
:10911000C9B7AA993309A940F1BF9C49A5C3011158
:1091200022CC06CE2A8411C51C4D81E72EC62122F1
:10913000B245971700009387E758639CF5004C40B1
:109140008397C5009DC722856244F24005616FF098
:10915000DFE9971700009387E7586394F5000C4404
:10916000C5B7971700009387E753E39BF5FC4C4482
:10917000C1BFF240624401450561828001458280A1
:10918000411122C406C62A844EA572A523200500DB
:109190002322050023240500232205062328050099
:1091A000232A0500232C0500214681451305C5050A
:1091B000EF601FFF971700009387C7EB5CD09717EE
:1091C00000009387E7ED1CD4971700009387C7F141
:1091D0005CD497170000938727F400D01CD8B240C6
:1091E00022444101828097050000938545F391AAAE
:1091F000411126C2130680069384F5FFB384C4028E
:109200004AC02E8922C406C693854407AD262A8407
:1092100001CD2320050023222501310508C4138632
:1092200084068145EF60DFF72285B24022449244F4
:109230000249410182801C4DA5E7411106C622C4A6
:1092400097070000938767FA1CD5938741869C4354
:109250002324050423260504232805046314F500AC
:1092600085471CCD2A84352848C022851D2808C47E
:109270002285052848C4484001469145EFF05FF03B
:1092800008440546A545EFF0BFEF48440946C945E7
:10929000EFF01FEF85471CCCB24022444101828091
:1092A000828041119387418626C284434AC006C604
:1092B0009C4C22C42A8981E72685EFF0DFF793844E
:1092C00084048044DC40FD1763D607009C40B9CF7E
:1092D0008440C5BF0317C40039E7C177850723223F
:1092E00004062320040023220400232404005CC479
:1092F00023280400232A0400232C0400214681454E
:109300001305C405EF60DFE9232A0402232C0402BD
:1093100023240404232604042285B24022449244D8
:109320000249410182801304840671BF91454A8538
:10933000EFF01FEC88C049FDB1472320F90001443C
:10934000E1BF797122D44AD052CC56CA5AC85EC6FF
:1093500006D626D24ECE2A8AAE8A13048504014947
:10936000054BFD5B09ECB25022544A8592540259D8
:10937000F249624AD24A424BB24B45618280044470
:1093800083294400FD1963D409000040E1BFDE24B5
:10939000637BFB008397E40063877701A685528592
:1093A000829A3369A90093848406E9BF0325C50E18
:1093B00082801971A6DAAE848395E500A2DC86DE90
:1093C000328463DB0500DE2423A0060093F7070840
:1093D00085E7930700401DA0300836C6EF00305CDB
:1093E000B246E34205FE7247BD67F98F7977BA97B7
:1093F00093B717009CC2F1BF930700041CC0F6503E
:109400006654D654014509618280DE25011122CCC3
:1094100006CE26CA4AC8898B2E8489CF9307740446
:109420001CC01CC885475CC8F2406244D244424913
:109430000561828074003000AA84EFF09FF7A24596
:109440002A8926850D2A19E98317C40013F70720F6
:1094500061FFF19B93E727005EA4C9B7970700005F
:109460009387A7D89CD45E2408C008C893E7070850
:109470005EA4A2475CC8B24781CF8315E40026856D
:10948000EF00105511C55E24F19B93E717005EA411
:109490005E243369F9002316240179B791ED411157
:1094A0006C00014501CA795591C61C229CC1082255
:1094B0003335A00041018280014509CA795599C61A
:1094C0001C229CC108223335A00082808280DDC12D
:1094D00083A7C5FF411122C406C626C21384C5FF57
:1094E00063D307003E94AA84EF00B05A9387819417
:1094F0009C4381EF2322040023A481942244B240A0
:109500002685924441016F00F058637EF4001440B8
:109510003307D4006396E7009843DC43369718C0BE
:109520005CC0D9BFBA87D84319C3E37DE4FE944336
:109530003386D700631F86001040B29694C33386EB
:10954000D700E31DC7FA10435843B29694C3D8C35B
:1095500075B76375C400B1479CC04DB71040B306E2
:10956000C4006316D70014435843B29614C058C0C1
:10957000C0C369B78280011126CA93843500F1986F
:1095800006CE22CC4AC84EC6A104B14763F5F40406
:10959000B14463E4B4042A89EF00B04F9387819407
:1095A00098433A8429E49387C1949C4399E7814581
:1095B0004A85EF00D02823A6A194A6854A85EF000E
:1095C0001028FD5963193507B1472320F9004A8552
:1095D000EF00504C29A0E3DE04FAB1471CC101455D
:1095E000F2406244D2444249B249056182801C4043
:1095F000858F63CF0702AD4663F6F6001CC03E942C
:1096000004C031A05C406313870223A4F1944A850F
:10961000EF0050481305B4009307440061993307E5
:10962000F5405DDF3A94898F1CC05DBF5CC3C5B750
:109630002287404085BF130435007198E30285FC02
:10964000B305A4404A85EF00901FE31B35FBADBF77
:1096500001114AC803A9850022CC52C45AC006CEC3
:1096600026CA4EC656C22E84328B368A63E9260934
:10967000DE2513F7074851C304408C495848AA8A8D
:10968000B389B4408D44B384E4020947B3C4E4020F
:10969000138716004E9763F3E400BA8493F70740EC
:1096A000BDCFA6855685EFF01FED2A891DE1B14794
:1096B00023A0FA005E247D5593E707045EA4F240E0
:1096C0006244D2444249B249224A924A024B05615D
:1096D00082800C484E86EFF02FB25E2493F7F7B7E6
:1096E00093E707085EA42328240144C84E99B38455
:1096F00034412320240104C4528963732A0152890E
:1097000008404A86DA85EF0070341C440145B3876F
:1097100027411CC41C403E99232024014DB72686B6
:109720005685EF0050372A895DFD0C485685EFF0CD
:109730001FDAB5BFDE25717126D34AD14ECF06D7C9
:1097400022D552CD56CB5AC95EC762C566C393F7C0
:109750000708AA892E89B284B9C39C49A9E3930555
:10976000000436C6EFF03FE12320A9002328A9001A
:10977000B24615E1B14723A0F9007D55BA502A54ED
:109780009A540A59FA496A4ADA4A4A4BBA4B2A4C5D
:109790009A4C4D61828093070004232AF9009307B5
:1097A0000002A30CF1029307000302DA230DF10279
:1097B00036CE930B5002971A0000938AAAF5054CF7
:1097C000294B26841C2099C363997709B30C9440D4
:1097D000638E0C00E6862686CA854E85EFF05FE72D
:1097E000FD57630BF518D256E69636DA1C206385D2
:1097F0000718FD579304140002D002D63ED202D4BB
:10980000A301010682DC8C2015465685EF009022CC
:1098100013841400825721E513F7070109C71307C2
:109820000002A301E10613F7870009C71307B0027E
:10983000A301E10694201307A002638AE602B2574F
:10984000268481462546182093051400130707FD3A
:109850006372E6068DC63ED61DA00504A5B7330586
:1098600055413315AC00C98F3ED0A28469BF724701
:1098700093064700184336CE634707023AD61820AE
:109880009307E002631DF70418309307A002631BDF
:10989000F702F2470904138747009C433ACE63C19D
:1098A00007023ED22DA83307E04093E727003AD6BF
:1098B0003ED0F1B7B387670385462E84BA9761B768
:1098C000FD57C5B7050402D28146814725461820B9
:1098D00093051400130707FD6376E606F9F20C20E2
:1098E0000D4617150000130565E3EF00B01411CD08
:1098F00097170000938787E21D8D93070004B397A5
:10990000A700025505045D8D2AD00C2019461715B5
:1099100000001305E5E093041400230CB102EF00EE
:10992000701125C59767FFFF9387C76D95E70257AD
:10993000F2471377071009CF91073ECED257D2973F
:109940003EDA41B5B387670385462E84BA9741B79F
:109950009D07E19BA107D5B778089706000093867D
:1099600066CF4A860C104E8597000000E700000085
:10997000FD572A8AE314F5FC8357C9007D5593F7F8
:109980000704E39D07DE5255D5BB78089706000013
:10999000938646CC4A860C104E850921D1BF1C46C1
:1099A000FD171CC663DA0700184E63C5E700A94718
:1099B0006394F5006FF0EFC71C422E8513871700E4
:1099C00018C28CA38280011122CC26CA4AC84EC676
:1099D00052C406CE2A89AE893284B304D6007D5A99
:1099E00063149400014509A80C204E864A85EFF0C7
:1099F0001FFB0504E31645FFF2406244D24442498E
:109A0000B249224A05618280357122CD26CB4AC9EE
:109A10004EC706CF52C556C35AC1DEDEE2DCE6DAD7
:109A2000AA89AE843289368409C51C4D99E3EFF0CA
:109A30009F80971700009387E7C86398F40C83A46E
:109A40004900DE24A18BE5C79C48F5C393070002BB
:109A5000A304F1029307000302D22305F10222C6F8
:109A6000930B5002971A0000938ACACA054C294BDF
:109A70004A841C2099C3639F770DB30C2441638EE5
:109A80000C00E6864A86A6854E85EFF0DFF3FD578B
:109A9000630FF51C9256E69636D21C206389071C8C
:109AA000FD571309140002C802CE3ECA02CCA30916
:109AB000010482D48345090015465685A52F130459
:109AC0001900C24751E913F7070109C7130700023C
:109AD000A309E10413F7870009C71307B002A3091C
:109AE000E104834609001307A002638FE606F247EC
:109AF0004A8481462546182093051400130707FD64
:109B00006377E60AB5CA3ECE85A89717000093870B
:109B100067BD6395F40083A4890025B797170000FB
:109B2000938747B8E39FF4F083A4C90019BFA685C3
:109B30004E85EFF0CFBB19D97D55FA406A44DA441F
:109B40004A49BA492A4A9A4A0A4BF65B665CD65C8D
:109B50000D618280050431BF330555413315AC00DA
:109B6000C98F3EC82289B9B73247930647001843C8
:109B700036C6634707023ACE18209307E002631DFA
:109B8000F70418309307A002631BF702B2470904D9
:109B9000138747009C433AC663C107023ECA2DA8FB
:109BA0003307E04093E727003ACE3EC8F1B7B387CA
:109BB000670385462E84BA973DBFFD57C5B7050498
:109BC00002CA8146814725461820930514001307D1
:109BD00007FD6374E606F9F20C200D461715000028
:109BE0001305C5B3812D11CD97170000938707B3D7
:109BF0001D8D93070004B397A700424505045D8DB2
:109C00002AC80C20194617150000130565B1130961
:109C100014002304B102392D35C19767FFFF9387E4
:109C2000673E95E74247B2471377071009CF910780
:109C30003EC69257D2973ED225BDB387670385466D
:109C40002E84BA9751B79D07E19BA107D5B778003D
:109C500097060000938666D726860C084E859700E7
:109C60000000E7000000FD572A8AE314F5FCDE241B
:109C700093F70704E39207EC1255C1B578009706F5
:109C80000000938686D426860C084E85012AE1BF03
:109C9000797156CA9C49BA8A984522D426D24ECEAA
:109CA00052CC06D64AD05AC85EC6AA892E84B2843F
:109CB000368A63D3E700BA879CC00347340419C3CC
:109CC00085079CC01C4093F7070281C79C40890709
:109CD0009CC00329040013796900631A0900130B5F
:109CE0009401FD5B5C449840998F634CF9041C40DF
:109CF0008346340493F70702B336D000A5EB13066E
:109D00003404D2854E85829AFD576303F5041C40C6
:109D100011469840998B544481446397C700B3849B
:109D2000E64063D3040081441C4418486354F700A0
:109D3000998FBE94014969047D5B639824050145B0
:109D400009A885465A86D2854E85829A631E75017A
:109D50007D55B250225492540259F249624AD24A75
:109D6000424BB24B456182800509ADBF3307D40039
:109D700013060003A301C704034754049387160086
:109D8000A2978906A381E7049DBF85462286D285D6
:109D90004E85829AE30E65FB050945B7797122D499
:109DA00026D24AD04ECE06D652CC56CA5AC8B6890A
:109DB000942D930790063289AA842E841386350445
:109DC000638DF60263E2D706930780056386F61873
:109DD00063EDD700638E062093073004638EF60A86
:109DE000930A24042301D404C9A093073006638591
:109DF000F60A93074006E395F6FE1C40084393F6E7
:109E0000070893054500C5C61C410CC363D807006D
:109E10001307D002B307F040A301E4049716000033
:109E200093868690294765A8930700076382F616F4
:109E300063E5D7029307E0066389F6189307F006F7
:109E4000E390F6FA0C401C4313F80508138547000D
:109E50006307080608C39C4385A893075007E3835C
:109E6000F6FE930780076389F61293073007E3999C
:109E7000F6F61C43D04181459386470014C383AA5C
:109E800007005685452E01C53305554148C05C4045
:109E90001CC8A301040461A81C43930A24049386EC
:109EA00047009C4314C32301F4048547D5B793F6B8
:109EB00007041C410CC3B9DAC207C18781BF93F5FF
:109EC000050408C3C9D99E231307F0066387E60E6D
:109ED00097160000938646852947A30104044C4049
:109EE0000CC463C5050008406D9908C099E3B28AA7
:109EF00089CDB28AB3F5E702FD1AB6958C2123808D
:109F0000BA00B3D5E70263F0E70CA147631EF70080
:109F10001C40858B91CB58401C4863C7E7009307D2
:109F20000003A38FFAFEFD1A3306564110C84E8770
:109F3000CA867000A2852685EFF09FD57D5A631DE5
:109F4000450B7D55B250225492540259F249624A4F
:109F5000D24A424B45618280A382D5049706000015
:109F60009386867C0C40084313F805081C411105B4
:109F7000630D080208C313F7150001C793E5050236
:109F80000CC04147B9FB0C4093F5F5FD0CC0B1B7CF
:109F90009C4193E707029CC193078007A302F40446
:109FA000970600009386867975BF13F8050408C3E9
:109FB000E30308FCC207C1837DBF970600009386B8
:109FC000A676214719BFAE8735B794411C43CC49CB
:109FD00013F80608138547006306080008C39C436E
:109FE0008CC339A008C393F606049C43F5DA8EA30C
:109FF00023280400B28A25BF14485686CA852685C0
:10A000008299E30045F51C40898B8DE7B2474844AF
:10A01000E35AF5F23E853DB785465686CA852685C4
:10A020008299E30065F3050A5C443247998FE34562
:10A03000FAFEE9BF014A930A94017D5BF5B741112D
:10A0400022C42A842E8597D7FF1F23AF07A806C6F0
:10A05000EF70DFF3FD576319F50097D7FF1F938764
:10A06000A7A89C4391C31CC0B240224441018280F6
:10A07000411122C42E848395E50006C68D2C6349C8
:10A0800005007C48AA977CC8B240224441018280E6
:10A090005E247D777D17F98F5EA4FDB7DE25011163
:10A0A00022CC26CA4AC84EC606CE93F70710AA8409
:10A0B0002E843289B68991C78395E5008946014689
:10A0C00081225E247D777D17F98F5EA48315E400DD
:10A0D0006244F240CE864A86B24942492685D2443D
:10A0E000056199A8411122C42E848395E50006C616
:10A0F000012AFD575A24631AF500FD77FD17F98FE1
:10A100005EA4B2402244410182808567D98F5EA45B
:10A1100068C8C5BF8395E50099A889CD9307F00F5E
:10A1200063F7C7009307A0081CC17D55828090A1EA
:10A130000545828001458280411122C42A842E85F2
:10A14000B285368697D7FF1F23A0079A06C6EF7001
:10A150001FE0FD576319F50097D7FF1F9387C79836
:10A160009C4391C31CC0B2402244410182804111F2
:10A1700022C42A842E8597D7FF1F23A7079606C6D9
:10A180005D2AFD576319F50097D7FF1F9387C79581
:10A190009C4391C31CC0B2402244410182804111C2
:10A1A00022C42A842E85B28597D7FF1F23AE07923B
:10A1B00006C6512AFD576319F50097D7FF1F9387ED
:10A1C000A7929C4391C31CC0B240224441018280AB
:10A1D000411122C42A842E8597D7FF1F23A60790FA
:10A1E00006C6952AFD576319F50097D7FF1F938779
:10A1F000A78F9C4391C31CC0B2402244410182807E
:10A20000411122C42A842E85B285368697D7FF1F36
:10A2100023AC078C06C6812AFD576319F50097D732
:10A22000FF1F9387678C9C4391C31CC0B24022449C
:10A230004101828093F5F50F2A966314C50001450C
:10A2400082801C21E38EB7FE0505C5BF63F1A5041E
:10A25000B386C500637DD5029345F6FF8147FD17A0
:10A260006393F50082803387F60003480700338745
:10A27000C7002A9723000701DDB73387F5001423B1
:10A280003307F500850714A3E319F6FE82808147A2
:10A29000E5BF8280828081E5B2856FF0CFAD01118C
:10A2A00022CC06CE26CA4AC84EC6328401EEEFF052
:10A2B0000FA20149F24062444A85D2444249B24960
:10A2C00005618280AE84AA89A9282689E37485FE67
:10A2D000A2854E85EFF02FAA2A8969DDA685228600
:10A2E000EFE08FF1A6854E85EFF06F9EE1B741114B
:10A2F00022C42A842E85B285368697C7FF1F23A5E0
:10A30000077E06C68D28FD576319F50097C7FF1F06
:10A310009387877D9C4391C31CC0B2402244410176
:10A32000828083A7C5FF1385C7FF63D50700AA9561
:10A330009C413E9582809307800517C7FF1F232508
:10A34000F77A7D5582809307800517C7FF1F232D5D
:10A35000F7787D5582809307800517C7FF1F232557
:10A36000F778014582809307800517C7FF1F232DCB
:10A37000F7767D5582809307800517C7FF1F232539
:10A38000F7767D55828000004D5154430000000057
:10A3900004000000000000000000000000000000B9
:10A3A0003C0001004D515457000000000000000027
:10A3B000000000000000000000000000000000009D
:10A3C000000000000000000000000000000000008D
:10A3D000000000000000000000000000000000007D
:10A3E0004D515454000000004D51497364700000F9
:10A3F00050413135207261772073746174653A2061
:10A400003078253034580A005544502053656E6426
:10A4100020746F2031302E312E332E2564204C6570
:10A420006E3A25640D0A00004D5154542054435097
:10A4300020536F636B657420437265617465643A81
:10A440002025640D0A00000055445020536F636BB3
:10A45000657420437265617465643A2025640D0A51
:10A4600000000000504859204C696E6B2053756302
:10A47000636573730D0000004D51545420544350D4
:10A4800020436F6E6E6563746564210D00000000EB
:10A490004D5154542054435020446973636F6E6E81
:10A4A0006563746564210D004572726F723A2025F0
:10A4B0003032580D0A000000486172644661756CC4
:10A4C000745F48616E646C65720D00006D63617548
:10A4D00073653A253038780D0A0000006D74766196
:10A4E0006C3A253038780D0A000000006D65706305
:10A4F0003A253038780D0A00980E0000B60E00009C
:10A50000E80E0000380F00007A0F00004D5154543F
:10A51000205061796C6F61643A2025730D0A000048
:10A520006D625F69640000007379735F74696D65C3
:10A530000000000062735F696400000073656E7361
:10A540006F725F69640000006D6F64650000000059
:10A550002354494D453A25732C4D423A25732C42DC
:10A56000533A25732C5349443A25732C4D4F444597
:10A570003A25733B0D0A00002225732200000000DB
:10A58000496E6974205743484E45542E2E2E0D00B7
:10A5900049503A2025642E25642E25642E25640D0D
:10A5A0000A0000004E6574204C696E6B65642C20B7
:10A5B000436F6E6E656374696E67205443502E2E30
:10A5C0002E0D00005443502054696D656F75742C36
:10A5D0002052657472792E2E2E0D000043483332BE
:10A5E000563230385F436C69656E740053656E7423
:10A5F000204D51545420436F6E6E6563740D0000FE
:10A600007461736B2F646F776E6C696E6B00000002
:10A6100053656E74205375627363726962650D00D1
:10A62000000001000100000002000000040004001E
:10A630001C002000B40024001400200010000006BC
:10A64000001112131415161718191A1B1C1D1E1FA2
:10A65000845A0000CA5A0000E45A0000F45A00006C
:10A66000F45A0000E05A0000E05A0000025B0000CB
:10A670000102030405060707070707070700000094
:10A68000E86F0000F6700000E2710000EA7100005F
:10A6900090720000E2710000D67200001273000098
:10A6A00000000000000000000000000000000000AA
:10A6B000000000000000000000000000000000009A
:10A6C000000000000000000000000000000000008A
:10A6D000000000000000000000000000000000007A
:10A6E000000000000000000000000000000000006A
:10A6F000000000000000000000000000000000005A
:10A7000043000000504F5349580000002E00000045
:10A71000232D302B20000000686C4C0065666745D7
:10A72000464700003031323334353637383941420C
:10A73000434445460000000030313233343536376B
:10A7400038396162636465660000000000202020E3
:10A7500020202020202028282828282020202020D1
:10A7600020202020202020202020202020881010A1
:10A7700010101010101010101010101010040404FD
:10A7800004040404040404101010101010104141BB
:10A7900041414141010101010101010101010101A9
:10A7A00001010101010101011010101010104242BD
:10A7B0004242424202020202020202020202020279
:10A7C0000202020202020202101010102000000019
:10A7D0000000000000000000000000000000000079
:10A7E0000000000000000000000000000000000069
:10A7F0000000000000000000000000000000000059
:10A800000000000000000000000000000000000048
:10A810000000000000000000000000000000000038
:10A820000000000000000000000000000000000028
:10A830000000000000000000000000000000000018
:10A840000000000000000000000000000000000008
:10A8500000000000010203040102030406070809C6
:10A8600000000000C0A60000E0A60000A0A60000B6
:10A8700000000000000000000000000000000000D8
:10A8800000000000000000000000000000000000C8
:10A8900000000000000000000000000000000000B8
:10A8A00000000000000000000000000000000000A8
:10A8B0000000000000000000000000000000000098
:10A8C0004300000000000000000000000000000045
:10A8D0000000000000000000000000000000000078
:10A8E0004300000000000000000000000000000025
:10A8F0000000000000000000000000000000000058
:10A900004300000000000000000000000000000004
:10A910000000000000000000000000000000000037
:10A9200043000000000000000000000000000000E4
:10A930000000000000000000000000000000000017
:10A9400043000000000000000000000000000000C4
:10A9500000000000000000000000000000000000F7
:10A9600043000000000000000000000000000000A4
:10A9700000000000000000000000000000000000D7
:10A980004300000000000000000000000000000084
:10A9900000000000000000000000000000000000B7
:10A9A0001AA100009C940000000000004CA70000C9
:10A9B0000CA7000060A4000060A4000060A40000D8
:10A9C00060A4000060A4000060A4000060A4000077
:10A9D00060A4000060A40000FFFFFFFFFFFFFFFF77
:10A9E000FFFFFFFFFFFF0000010041534349490003
:10A9F0000000000000000000000000000000000057
:10AA000000000000000000000000415343494900DD
:10AA10000000000000000000000000000000000036
:10AA20000000000000000000000000000000000026
:10AA30000A0103000A0100FE0A010364FFFFF80097
:10AA40000A0100FE5B07FFFF000E2707020406084D
:10AA500001000000E86A0020B03800200000CDAB03
:10AA600020A6000030A600006E19000000100000B3
:10AA700010000020FFFFFFFFFFFF000000000000AC
:10AA80000000000000000000FFFFFFFF03060C189D
:08AA9000306078001000002086
:00000001FF
